游戏名称,评分,评论内容,评论时间,点赞数,点踩数,评论者,玩过阶段,玩过时长_小时,评论ID
王者万象棋,2,比内测还粪，不该削弱的一刀废了，导致很多玩法基本玩不了，最后人人都是固定几个轮椅阵容，尤其是王者以后，你不玩就乖乖被办。四星卡几率也是莫名其妙的低，比五星卡都离谱，全局就自己玩的阵容，刷了快两百次都觉醒不了。已经不是偶尔一次的事，一百局能碰上四十局也是前无古人后无来者。无聊至极的游戏，一周到达王者后再也没有上线欲望。,2026-10-08 02:59,1,0,不爱游戏,玩过,133.1,50666095
王者万象棋,2,"开服休闲玩家，虽然分不高，但是也算是每天玩两个多小时了。至于为什么玩两个多小时，完全是因为被气的了。
经常玩万象棋的都知道，这款游戏的容错是非常低的。3能量买牌，1能量卖牌就让玩家的每一次买卖都必须选阵容的固定牌或者过度牌。也就是说你要玩什么阵容从你进游戏那一刻就固定了。


🎮可玩性：
游戏的可玩性很高，玩法也很丰富，阵容搭配比较多，虽然没有像金铲铲之战的那么多羁绊阵容，但是搭配也不少了。新鲜感的话，一个一个阵容慢慢玩挺耐玩的。

🔖运营服务：
我不知道是王者特有习俗，还是玩法需要，当我第一次发现这游戏有胜率的时候，我就有种莫名的感觉。王者农药操控胜率大家都是心照不宣的，那这款王者荣耀的衍生游戏，同样有胜率这个东西，那这就很王者了。综合我从开服到现在的游玩体验，我发现万象棋的操控胜率和王者一样，非常的刻意。
这体验在选卡阶段的装备。商店里面卡牌的刷新，以及天赋的选择。我玩任何游戏，起码都会给你赢的机会，输也让你输的明白。但是万象棋让你输的时候，你根本没赢得机会。

首先就是装备，游戏里的重铸装备道具很难刷，并且购买装备的卡牌完全是看运气。就像我说的，你根本没赢的机会。装备选秀没输出装备，能全部给你肉装。装备卡牌刷到的仍然是肉装，不管你阵容是否成型，没装备依旧被虐，甚至肉装都算运气好的，我玩闪现阵容物理伤害，给的全都是法装。

然后就是卡牌的概率问题，我是真的不明白为什么玩三分倒转，我5级找甄姬小乔，跟我同行的4级的一块找。我二十多块一张没，同行比我低10％的概率把甄姬和小乔全觉醒了。甚至同行觉醒后，牌库里仅剩的两张我依旧找不到。我将近25块，比同行多10%的概率。最后人家20%的概率买到3张并觉醒，我30%的概率一张三分的牌都没，跟别说阵容成型了（没人卡牌，只有一个同行，牌库里有牌！）。真就是被系统安排的明明白白的。

而万象棋和金铲铲不一样。金铲铲遇到阵容不成或者核心牌被卡，还能换阵容搏一搏。而王者万象棋的超低容错，意味着你只能放弃。

因为披着运气的外衣，所以这款游戏控制胜率简直轻而易举。给你装备不给你牌。给你牌不给装备。给你装备给你牌，但是不给你阵容核心牌。给你装备阵容但是不给你效果牌。所有都给你但是让你的对手更顺，比你更早大成。

什么？你告诉我你有队友？可以增加容错？那确实可以保住你的段位。但是大家玩游戏都是为了开心的，我可以接受我菜，我不会运营。但是一个阵容我玩了几十把，我现在每个阶段，每个回合怎么做，选什么牌过度已经刻在脑子里了，我被更牛的阵容打趴下我认了。但是这种控制胜率的不要那么刻意好吗？？",2026-10-07 21:41,2,1,白炙空,玩过,,50664004
王者万象棋,4,"如果不是王者的点券活动我还真不一定愿意玩，前期玩着还是挺痛苦不情愿的，但是玩到后面会发现其实游戏本身品质还是不错的。
——————————————————————
过长时长⏰
作为手游，一把动辄二三十分钟确实体感相当坐牢，但是如果看作端游这个时长又突然变得可以忍受。
我觉得这也不算什么一定要改的缺点，之所以被吐槽时长问题还是因为引流的群体出现了问题。
从《王者荣耀》引流来的群体都是妥妥的手游玩家，打一把万象棋的时间都够1.5把巅峰赛或排位的时间了，自然这部分群体就不太愿意。
但是同类别游戏金铲铲一把半小时多也照样一堆人玩，所以说到底还是不同玩家的喜好问题。
————
真想吸纳这部分从王者荣耀引流过来的玩家，整个极速模式，加快阵容成型速度，减少棋手的血量。
——————————————————————
足够多的阵容玩法，殊途同归也乐趣多👍🏻
这游戏的底层逻辑就是养成，利用卡牌之间能提升数值的特性互相作用，左脚踩右脚升天。
游戏目前热门的阵容都是这样的玩法，但是想达成数值养成这个目的，不同的阵容所使用的方式却各异。
————
有不断卖出流派、有多人输血一人流派、复活流派……
都是在堆积数值，但是养成方式各不相同。
体验差异就足够大。
虽说本质在做一样的事情，但换一套阵容体验就是不一样了，这就是这游戏值得称赞的地方，阵容花样够多，而且游戏在品质上做的足够强，能在视听上给足反馈。
————
最经典的爽点就是养成达到登峰造极时游戏所带来的视听体验，无论是大量的升级牌轮番轰炸，还是角色999级的特效与播报反馈，都做到了极致。
短视频平台搜搜各个阵容成型之后的战斗视频，花木兰复活战神、999吕布横扫全图、召唤物人海战术……
每个阵容最后所带来的反馈爽感也有下功夫。
————
总结来说就是不一样的养成方式做一样的事，最后所带来的战斗效果也不一样。
注定游戏有高可玩性。
——————————————————————
新手保护❓痛苦延迟器❗
前期低段位大把人机，加上AI辅助，不用脑子都随便乱杀前三。
但是一旦到了真人多的分段，痛苦就来了，AI终究只是AI，智能程度还是没到能帮助玩家在真人局驰骋的阶段。
无脑听AI的在真人局绝对会迎来大败。
各种错误决策、不懂审视时机、不懂观察敌队阵容有什么可克制或者克制我的……
种种限制就注定了只能成为一个新手保护器而上不了高分。
————
但是这样做能把新手在前期就保护住，并不意味着能一直让这部分新手玩家留存，该学习理解的地方是一点都没少，只不过延后了而已。
有类似游戏经验的，比如说我，基本在意识到AI不好用之后就无缝转接到了自己真人拼阵容的阶段。
————
但倘若是没类似游戏经验的玩家呢？
就会形成一个很明显的体验差异，我前面都随便乱杀随便爽的，怎么到后面被打爆之后还要一下子阅读这么多的东西？
这个劝退感确实很强烈。
理解门槛高和成本大的问题，属于这类游戏的通病。
——
要么玩之前就有心理预期，尽量摆脱对AI的依赖，从人机局就开始学习理解阵容，自己组建。这样到真人局上强度的时候痛苦感会轻点。
以及建议AI在辅导玩家时，多给一点思路的讲解。又或者有更细致且快速的新手教学等。
当然从开发者的角度来讲，再怎么搞教学都是缓解这个问题不能根除。还是要回到受众筛选上，你能忍就玩下去，不能忍那就算了。
我认为这一点其实不能算游戏的扣分项，算无可避免的缺陷。
——————————————————————
运气机制🎲/阵容迁移没想象中的灵活🔍
因为随机抽牌的缘故，会导致有些阵容的关键牌或早或晚的拿到。当然是越早拿到越有优势了，毕竟是个养成游戏。
————
我想玩某个牌/阵容，还没拿到，先拿其他的顶替一下，后期再转移行不行？
行，但是又没那么行。
即便有各种等级转移牌，但由于随机性不能指定的缘故，只有极少数情况下才能够完美适用（比如要玩999吕布）。
否则就是等级平均分给其他的牌，有些牌又没那么吃资源，分到了也是浪费。
绝大多数情况下，中途转阵容，养成损耗是无可避免的。
————
而且很多时候一旦决定迁移阵容，不止单张牌，你连配套的辅助牌都要一起更换，否则要么不是最优解，要么就用处极低。所承担的掉血风险极高，需要的容错成本也很高。
因此即便是转阵容也是小转，小转阵容在面对某些敌方克制的情况下确实有奇效。不太可能是大转。
最优解肯定是开局给到什么牌，就主玩这些牌，以这些牌为基础构建阵容。
——
但是，倘若我就是不喜欢开局给的这些牌呢？我就是想玩xxx阵容、xx牌呢？
算是个很现实的问题，从竞技最优解出发，那就是给啥玩啥，但是又会因为这个导致玩家选择阵容自由性降低，而降低可玩性。
——
不过我认为这并不是一定需要改进的点，算是游戏自己设计上的特色吧。运气体验本身也能成为特色之一，说不定就在运气的推就下，用此前根本就不敢想的阵容打出了出奇的效果呢？
——————————————————————
棋手限制🔒
算小缺陷，有些棋手需要肝才能获得，在没肝到时，与特定棋手高绑定的阵容是玩不了的。
而且每个棋手的体验差异也很大，探索不同棋手的体验差异也是体验的一环。
但是这些都被养成锁住了，这就意味着想要体验完全体的游戏内容，就得把棋手拿满，但是拿满棋手的过程就有点慢了。
虽说有开服福利、兑换码白送、加快钻石获取、等级奖励等手段，但仍需时间，三四天都不一定全拿满。
——
查攻略给的也是一周时间拿满棋手，像我这种游戏强度低的肯定更久了，要经历的不完全体验时期更长。
还是比较建议缩短一下这个获取流程。
——
当然，同一套阵容换一个棋手能带来的体验改变也极度巨大，棋手的机制设计多样，与卡牌有高互动性和搭配性这个优点也是值得称赞的。
——————————————————————
⭐⭐⭐⭐
由于理解门槛的问题，这游戏就注定会相对小众一点。
但是百搭的阵容和卡牌，注定可玩性不会低。
以及足够的制作质量，在养成之后满屏特效很爽",2026-09-23 07:47,60,6,不屈的钦王,玩过,3.4,50488760
王者万象棋,3,在电脑上玩了几天，相比于其他自走棋，看似规则简单，没有羁绊，但实际上要搭建成型的阵容需要的游戏理解和操作要高很多。有些操作甚至巨他妈逆天，尤其是对于最后几回合猛提战力的，下面一堆卡都看不清了。又要d卡，卡组还有效果牌要看。英雄升阶又会给卡，要用了3选1，然后3选1可能又给好几张……他爸的又要脑力王又要拼手速？最逆天是场上英雄升满阶后会自动收回到手牌里，策划是吃了啥能想出这么逆天的设定？？？？？好几次都是最后时刻升阶给我收回来，导致打输了，真的恶心恶心恶心恶心恶心恶心,2026-10-06 23:26,2,0,铁菊,玩过,,50655034
王者万象棋,2,"elo机制特别恶心，王者以下组队打，倒是能勉强避免，独狼也不会卡的太严重。上了王者后，就会慢慢卡的越来越厉害，试过三个号了。
变阵什么的都说过了，给你棋子牌，就卡装备牌，效果牌，比隔壁王者还恶心的卡牌机制。",2026-10-07 21:17,0,0,这游戏做的不行,玩过,179.0,50663777
王者万象棋,1,"纯纯的狗运游戏。新手和低段就是人机局，出了保护期纯纯一坨，随机禁羁绊总是你想玩的，转别的阵容一堆同行。最恶心的还是狗运哥。你辛辛苦苦运营，不如人家运气好。中期一回合瞬间几百级的前排，又肉又有伤害，还有瞬间成型的嬴政、傲殷、司空震、李信等等一堆。还有那种锁血倒数，被猛猛喂牌的，清一色的没有实力，全是狗运。
我自走棋也都玩过。我只能说这游戏你要觉得好玩，那无非。就是其他同类型游戏没玩过，或玩的少。要不就是纯脑子不行，喜欢玩这个一点博弈性没有的游戏。要么就是图新鲜感，被朋友拉进来。估计你玩上几天也就腻了。我就是被拉进来的。
我只能说玩法尚可，但在同类型游戏中只能排下游。我打分的话给个1分吧。",2026-10-07 23:14,0,1,零,玩过,,50664860
王者万象棋,4,"玩法其实还是可以的，玩懂了很上头，至于玩懂得那个过程就挺折磨和劝退了。
灵宝AI所带来的辅助效果，恐怕没想象中的好处那么大，坏处还一堆。
——————————————————————
游戏玩法核心🔍
游戏的核心逻辑就是养成，早早把特殊的效果或单卡数值养起来，胜率就越高。
因此，早早确定阵容或者核心c位，就意味着有更多的回合时间可以养成。
相反的，过晚确定阵容或c位，或者一直频繁的变更阵容方向导致的养成损耗，就都是降低胜率的行为。
————
加上游戏商店所发放的卡牌本身就存在一定的运气因素，因此如果只追求最优解的情况下，基本就是随遇而安，商店给什么我就用什么，根据商店前几回合给的卡牌，早早确定自己本回合的阵容构筑方向或者主c。极度考验玩家的决策能力、理解范围和深度。
在这种情况下，某些以单卡为极端核心的阵容（比如李信牺牲、猪八戒养猪）就有着较大的劣势，因为你不可能保证每次都早早的刷到某张想要的单卡。
运气好就前三，运气不好死活抽不到就早早退场了。
————
相较于极端单卡核心阵容，整体以卡牌特性为核心手段的阵容，受到这种运气影响的程度会比较小。比如登场、牺牲、开团……
每种特性的卡牌数量都足够的多，互相有一定的替代性，概率上就是更容易买到这些牌，更容易成型。
————
上述就算是这游戏的底层逻辑了，适用绝大多数对局情况，当然也不可能100%绝对。
但是AI很显然就没有领悟的这么透彻。
——————————————————————
蠢货灵宝💥
死犟，不懂变通，选了某个阵容无论如何都要往这阵容上靠，即便时局已不允许玩家使用此套阵容，也依旧视而不见。
极端情况下，就让你一直不出牌或少出牌，绝大多数钱都引导着你在刷新商店和升级商店中用尽，最后依旧没有抽到核心牌，导致早早输掉。
————
而且我算是比较有主见的，当过几回逆子，跟AI反着来，在运气不好的情况下养出了其他的阵容。
结果当开局选的阵容核心牌在对局中期出现时，这灵宝居然推荐我把之前养的大c卖掉，重新放一个1级的c位进来，这不纯搞笑吗？
————
其他蠢货时刻比如：基本没容错血量依旧让玩家卖血存钱、核心c位牌出现却不推荐购买、无意义的购买某些卡牌存住后让玩家卖掉……
————
就这智能水平，就更别提分析敌方阵容做出反制，卡住卡牌库减缓敌方发育这些手段了，那更是不可能的。
————
这AI就没好处吗？其实就一个，极度保姆的操作引导，让新手近乎零门槛上手。
但是坏处可太多了，靠AI能赢纯粹是因为前期大家都比较菜，以及都是人机。
这AI属于是授人以鱼不授渔，只告诉你最终的操作结果，至于引导玩家思考、理解卡牌和机制，不好意思那不在AI的义务范围内。
而且会引发玩家的懒惰，跟着AI就行了，能躺着赢我为何要站着？导致玩家没有更多动力去主动学习。
————
这就导致，一旦到了都是真人，有一定水平的分段，AI开始带不来胜利，甚至是很挫败的体验。
而这时需要靠玩家自己时，肯定有不少躺在AI怀抱中的玩家，对游戏的机制理解仍旧是新手水平。
突然需要玩家动脑思考和阅读理解，要把之前所欠下的理解账一次性全部还清，这阅读量直接爆表了。
你猜猜玩家会做什么？肯定有不少选择放弃跑路了。
————
这就是AI的问题，说到底还是智能度不够。
但是辅导方向可以改，目前的AI功能是让玩家放弃思考，那么变更成辅助玩家思考，由AI对局势判断做出多个决策，让玩家成为最终的决策拍板人。
这样也有助于玩家理解游戏机制，以及让玩家成为最终纠错人，解决AI过于死板、会出错的问题。
——————————————————————
运气机制🎲
虽说可以通过理解和决策能力降低影响，但人家要是运气好，早早养成了最公式化、强度最高的阵容，就是要比你容易赢。
被运气坑了自然很不爽，但玩久了总有被运气眷顾的时候。从这个角度出发，运气机制的设计还算是公平的，一种比较广义上的公平。
————
运气原因的缺点都是这类游戏的通病，但也恰恰都是特色体验所在，只能说相辅相成吧。
如果想降低影响，也不是不行，加个许愿机制，许愿想要哪张牌，或者哪个种类、哪个阵营的牌，没抽到就累积幸运值，幸运值满了就保底给一张。
我记得挺多类似游戏都有类似的机制，用来对冲随机性所带来的极端体验。
——————————————————————
⭐⭐⭐⭐
游戏品质不错，作为王者IP的衍生品，制作投入上是肉眼可见的高。
阵容确实足够多样，虽说玩法本质内核基本都差不多，但是达到目标的方式和花样够多，也能带来足够差异性的体验了。
灵宝是真的蠢，这类游戏对新手确实都不太友好，机制理解成本远大过其他游戏。这个AI只不过是把不友好体验挪后了而已。
有类似游戏经验的玩家上手才会比较快，也不容易被AI坑。
如果没有，就看你对这游戏的喜爱和对IP的喜爱，能不能支撑你顶得住这枯燥的机制学习期了。",2026-09-22 15:58,33,3,王的执剑手,玩过,0.1,50483434
王者万象棋,5,"本人炉石玩家不玩王者，国庆才开始玩万象棋 

游戏玩法结合了炉石和金铲铲，动画和操作完爆炉石酒馆，节奏比金铲铲快，一堆的活动像三国杀

棋子比炉石复杂，需要看棋子详细介绍才能弄清定位，特别是C位棋子，我开始不知道哪个能C，也不会出装备，表面介绍特别迷惑，像【海月】【东皇】【吕布】，我还以为只是功能卡。 

整体平衡也不错，我最近常玩的大河龙蛇会被雷霆飞机克制，牺牲流李信前中期克制海陆空，成型【三分倒转】和河洛花木兰后期很强 

最后建议官方能给棋子和棋手加个打分和评价功能，方便新手入坑",2026-10-05 15:56,1,0,星,玩过,,50638282
王者万象棋,1,"挑战王中王是哪个小可爱想出来的玩法，本来连胜爽着呢，连着匹配好几把挑战王中王，更逆天的是王者还能组队的，一开局自动锁定第三了，自己运营半天屁用没有，别人不给压力无伤拖到后期，还有嬴政组队沟通给战术加速俩人发育，把单排路人玩家当bot使呗
打这么久游戏第一次见系统鼓励炸鱼的，是，遇到王者排位不掉分，谁在乎那点分啊？本来玩的爽着呢，就给匹配这种，浪费时间还恶心人还不爽，早点倒闭吧",2026-10-02 11:40,8,0,五更,玩过,,50596531
王者万象棋,3,"说实话，从我个人喜好立场来说，我真是挺喜欢这个游戏的，虽然上了铂金段位之后经常都是万年老二，或者因为禁阵营的原因还老掉分，上钻估计遥遥无期，但不得不说它还是有些上瘾机制在的，算是张聪明牌，真比跟风大世界要好太多了。

扣分项也很简单，那怕作为王者接近十年的老玩家，对于这种同IP高强度绑定宣发并连带奖励的行为实在是有点骂不动了。你可以做一些捆绑宣发，但最忌讳捆绑太频繁，讲道理这是两个游戏，不同的类型，让两个不能完全算一根线上的玩家群体重合到一块做任务真的坐牢一般。

过去云顶之弈跟英雄联盟强捆绑，是因为云顶之弈当初就相当于内嵌在游戏里的娱乐模式，相当于巫师三里打昆特牌，但王者万象棋是独立出来的，官方只是借用了王者荣耀这个IP作为系统构建的锚点，这种情况下这种捆绑宣发就是在消耗王者荣耀IP本身，有点太不把王者玩家当回事了。

看到个评论我觉得还挺贴切的，比起云顶之弈金铲铲之战，王者万象棋会更像炉石酒馆一些，而且王者玩家几乎都懂这些英雄什么技能什么特性，装备的作用是啥，双坑玩家玩这个游戏是有天然优势的，UI各方面也挺审美在线，创新性也有，最主要还是这种重策略的游戏里加入了AI引导，几乎打败了一大半新手引导一坨的游戏，还是有它可圈可点的地方的。

总而言之不好不坏吧，我的上班打卡游戏都在备用机上，主用机的空间都给了单机手游，看不到具体游戏时间还挺可惜的，刚开服那会重心还在打王者排位上，现在每天排位就当任务打，输赢都只开一把，剩下的时间把其他游戏打卡完之后专心玩万象棋，一边吐槽一边玩，随机性太大了，老输，烦死了（笑）。",2026-10-02 16:49,7,0,葡萄朗姆华夫脆,玩过,,50600505
王者万象棋,2,本质是一个倒转游戏，因为只有倒转能六七回合，一两百级，这是非常夸张的，别的棋手基本上追不上来这种升级速度。而对于不靠这游戏赚钱的人来说，倒转废手，得不偿失,2026-10-03 17:46,5,1,娜娜喜欢渣渣,玩过,,50614768
王者万象棋,5,玩了三把才搞懂词条联动，学会之后发现阵容灵活好多，不用死记羁绊表，词条自己会触发,2026-10-02 17:39,4,2,麦田守望123,玩过,,50601255
王者万象棋,4,"上班族正好国庆节放假有空玩了下玩到了王者，游玩期间不看玩家推荐、不用灵宝纯靠自研，主玩乔妹、豆包镜，胜率七十多（低分段九十），还行，玩的还算开心，前三率还凑活就是吃鸡率不算高，没办法.....自研容易走弯路，别人拿现成答案抄了上分，而我还在磨唧唧的看棋子啥效果，输了再找经验[表情_微笑]
不过一路玩下来也算看明白了个七七八八，游戏整体确实和我开服时预判的也几乎差不多。
———
游戏真实特点：游戏理解≥运气＞技术
游戏理解：首先，我相信很多人都有个感觉，似乎每个旗手都有固定的几套类公式强势玩法，比如对面掏出了个嫦娥，会玩的人就会去卡她海月；对面瑶妹上了几个牺牲就会想去卡她李信；对面玩倒转、日落，就会想着去卡露娜...
那么这游戏真有那么简单死.板么？？答：是也不是
想解释完整需要从俩个层面讲：【否】
壹：首先是棋手问题，像炉石战棋，开局棋手是随机四选一（1：也有明显强度梯度榜...2：早期还要开通行证）
像月圆之夜，开局也是四选一（早期好像玩的是单机模式，战旗玩法玩的少不细聊）
像奕仙，开局必须先选定好角色才能进场，也有类各角色强势套路打法，遇到克制照样也会难打（有副职和囤牌变阵，会有博弈点，只不过奕仙＝奕先，先手优势太大会囤崩）
而这游戏最大的特色是棋手可以“自由选”，同时每个棋手都有各自的优劣爆发点，虽然旗手看似套路呆板但配上禁阵容机制，就会衍生出开局大家选旗手时就能出现【博弈点】（你想玩后期角色，高压局先想办法活下来再说；开服初期捧的很高的香香到了高分段也是类似同理）。
贰：阵容问题：棋子其实细分是有阵容核、通用核、输出核......
通用核比如：最经典的日落海的露娜、少司缘、云中君、朵莉亚、小乔、明世隐....
为什么会提到这个，就是因为可能会有人玩的比较呆板，只会ai辅助盲目套公式....整个游戏其实具体形容就像考试，老师只是负责把部分考试内容圈出来了给学生背，理论上只要学生背的出就能满分。但实际情况是考试是“几本书的内容”一起考，随机拼凑发放给每个“学生”，每个人每一把的考试情况都是不一样的，哪怕老师给的答案确实是对的（公式打法是对的），但并不代表你每把都能凑的出来，其中一些聪明的人就能靠游戏理解随机应变脱颖而出，尽力争取争三保一，而一些只能靠AI模板只会打公式的人就会被“运气”刷下来，只能抱怨运气不行，可是这世上哪有赌.徒天天赢的道理呢？？其实这游戏是有运营技术成分在的...
———【是】
叁：博弈问题：为什么会说它博弈弱化？首先，博弈是指双方实施策略互相针对获得有效利益的过程。
拿炉石举例：①我有俩个数值大哥（攻防999/999）对面四个大哥，正常对拼完全没法打怎么办？？答：火车王、剧毒鱼（攻防1/1，一碰就秒），当场抽到当场用；那对面一地毒鱼怎么办？？答：给大哥套圣盾或者玩机械套盾流；那对面群体圣盾怎么办？？答：亡语群攻，亡语招小弟破盾；那对面亡语buff体系怎么办？？答：当场抽到猎妈人直接上...
奕仙牌：对面很糊三动杀，我四动杀怎么办？？（极限三级牌）答：对面再动体系，上琴禁再动；对面一次爆发，上护体丹或者上奶硬抗；对面多段上雪莲；对面群体多段上减攻；同样，对面会针对自己，那自己囤牌变阵反针对，遇到每个对手随时变阵..
万象棋：对面四回合直接启动了，你快似了才来关键牌，打算拿什么针对？是打算用高达一级的大哥虐.杀别人区区一万多血的小卡拉米么？？博弈点在哪？？
一问就是抬杠，别人能养我也能养扒拉一堆[表情_捂脸哭].........别人比自己糊的局还少吗？？b站抖音up国服巅峰大佬一堆，他们都翻不了的局，自己竟然敢说能有博弈点.....又或者说自闭刷牌、上个钟馗、抬杠拍卖会、上个太乙、调个位置、上个遗志传承、买俩把武器...很有博弈性吧.....行吧，那确实很有博弈性了，博弈性拉满...（所谓的操作成分大部分基本都是运气成分....有没有种可能把对面当成高智商人机也差不多......班叔除外，骚操作挺多[表情_斜眼笑]）（对了，还有钻石狂潮除外，还没玩..）
肆：游戏特点：这类游戏都容易有类似的痛点，固定卡池，用场外的棋手技能去改变玩法，优点是不管回坑玩家还是新人上手门槛都会降低，但缺点是容易换汤不换药，玩的越久越容易腻，目前好像还没看到哪家能做到一直新鲜感不腻的，更何况企.鹅只会跟风偷.师...不要抱有太高期望免得心理有落差...
伍：游戏乐趣问题：从早期小霸王机年代一路玩到现在了，更早也就周润发周星驰的赌.神年代，基本都是棋牌室、DVD、游泳、钓鱼了.....一路见识多了，只是奉劝你们，游戏最大的乐趣是享受游玩的过程，剧.透、开金手指、盲目抄攻略、放弃享受过程只要结果的玩法，只会加速消耗游玩的热情，AI以及玩家推荐功能确实大幅降低了玩家入门的门槛，但同时也会毁灭探索享受的过程，能自行摸索游戏的乐趣远比盲目邯郸学步更有成就感满足感.....当然我指的并不是单一的万象棋而是所有游戏..[表情_开心]


———————————————————————综合评价⭐⭐⭐✨吧（3.5）
本人大致各类游戏都玩都涉猎，比如：炉石卡牌（传说级）、奕仙牌（道尊）、金铲铲、dota自走棋、多多、赤潮、月圆之夜、漫威对决、秘境对决、百闻牌、游戏王（GBA、ndsl模拟器、psp模拟器、游戏王：死亡链接〈开服但没玩几把〉）、死亡冥刻（单机steam）.....（大致都玩过，当然退坑后后来变成啥样就不一定太清楚了）
玩家如果光看不玩的话，可能对于这游戏的第一印象就是：各种抄各种融，又像炉石又像月圆又像金铲铲...
但如果深入体验的话其实感觉都不太像，它给我的感觉更像魔兽争霸dota（普通竞技版）—dota•imba（技能加强版）—dota•IMCA（技能变t版）的差异....
它极大的弱化了竞技版的微操博弈性，去掉了大量的条条框框，比如破除了三星角色的等级限制转而能一直升级甚至能培养出999级的庞然巨物；它解除了普通武器的限制能自由更换角色佩戴；它去掉了涨利息的操作，让你自己选择经济如何运营，但却设置了买3块卖1块的限制，防止你随便更换阵容.....
它精准并保留扩大了战旗类后期才能组成combo阵容的效果和爽感，比如糊起来时的李白三分之地的电表倒转，疯狂融合、疯狂开融合奖励、疯狂叠群体buff；比如嫦娥能轻松养出大爹，配合老虎司空震轰炸全场；比如瑶妹、香香技能前中期滚雪球压制场面；比如孙膑时空回溯，回一手好牌进行瞬间爆发...
整个游戏给人感觉就像个爽游，就像现在流行的短剧一样———看打脸短剧要扔掉脑子看，少整什么逻辑，爽就完了。（乞·丐能指着富豪骂，百姓能盯着皇帝喷，三年之期，龙王归位..）
这个游戏就像个数值轰炸游戏，所谓的对手不过是你养成巨物路上的绊脚石，存在感确实低，博弈性也很少，但你要做的其实是养成一个巨爹轰炸全场high给对面看，爽就完了！
对应的，对于追求博弈性、微操运营水平之类的技术性玩家/大佬，这个游戏多半不太适合，而对于闲暇无事处理下碎片时间的玩家则可以来爽一下试试，感受下数值轰炸的体验...（游戏节奏很快，很紧凑）
而对于如何提升数值爽的效果，这游戏特地给一些觉醒角色提供了额外造型、对于能carry全场的角色设计了斩杀人头数表现，甚至全屏ACE特效特写、比如司空震完全体开大全屏特写....帅就完了！
整个游戏的画风偏向金属、3D、潮玩、Q版、简约，特效绚丽很适配角色战斗表现，优化不错电表倒转时不太会出现卡顿问题（我一次都没卡过）
而对于游戏的丰富性、耐玩性，这游戏采取了类炉石战旗、奕仙牌、月圆之夜...之类，设计了一堆带有技能特色的角色，在未来是否能有持续可玩性、玩家黏性就看设计组的本事了，而目前个人感受还可以。至于评分方面比较麻烦，我周围朋友似乎都不是战旗受众，考虑相对公正性，就给予三星半评分吧。未来如何静等几月后游戏市场反馈表现。",2026-09-14 01:24,34,17,樊笼雀,玩过,149.6,50406414
王者万象棋,3,"玩起来还可以不卡很流畅，就那个打击音效做的很舒服，玩起来有感觉，对局时间有时候会很长，有灵宝指导有空还能和他聊天对于我这种嘴闲不下来的太好了，输了怪他没教好赢了可以和他炫耀，但是有时是不能全听他的
也是终于熬完七天拿到阿离的皮肤，结果还有第二关！孙膑的皮肤任务居然也跟这个有关系，之前阿离那个好歹是和万象棋是联动有点关系的，这个孙膑的扒恰狗不是三丽鸥的联动皮吗怎么能和万象棋扯上关系？怪哉怪哉你单独再出一个不好吗，就像机关人那个一样还有就是你那个人物建模怎么那么像一群小豆包，很奇怪感觉他们长得都特别像，大乔看起来真的很奇怪，还有就是建模动画过后定格的视角都奇奇怪怪的，有的连脸都看不到移动不了，就比如大乔的坐在椅子上低着头双手撑着下巴，我连她的脸都看不见，连建模旋转都转不了我真的很想看看啊
目前就说这些把等我想起来了再说",2026-09-27 02:09,6,0,白嫖洗衣液,玩过,,50537957
王者万象棋,4,"9.24日更新公告好评，只有增强没有削弱，而且确实关注到了牢英雄，至少在版本平衡上，设计师是值得肯定的，加一分。

——完整评测——
【墨评】王者荣耀万象棋评测——7分，简单易上手，但吃相稍微难看。
在经历“项目倒闭又重启”后，王者万象棋也正式上线有半个月了，好消息是，这款游戏活的比《王者荣耀:世界》好，坏消息是，并没有很吸收《星之破晓》以及世界失败经验。
得益于背靠国民游戏王者荣耀世界观，万象棋的卡牌设定以及一些美术资源是直接使用的王者荣耀，所以即便你没看过卡牌效果，你也能快速的猜到哪些卡与哪些卡牌/角色可以配合，非常适合新人入坑。
从游戏玩法上看，万象棋是极具简化的自走棋+炉石酒馆，新人能够快速的对游戏上手。游戏采用经典“同商店库”的卡牌购买，商店升级机制，会根据游戏回合数增加“资金”发放，玩家通过购买不同阵营的卡牌，搭建属于自己的流派。不同角色拥有不同的技能，同时每一次的商店升级都可以随机三选一一次特别卡牌——选择特殊装备或者特殊效果。
作为新人，如果你看不明白这上百张的卡牌效果，万象棋提供了最有竞争力的功能——AI辅助，游戏里目前主流的阵容，万象棋的AI灵宝都可以通过语音+高亮提示帮助你游戏，也就是说，你完全可以不会玩这款游戏，只跟着AI的提示走就可以胜利了。
这个功能极大的降低了游戏的入门门槛，但另一方面也降低了游戏的乐趣——无论是段位高低，基本上都是同行见同行，看谁牌更胡，至于娱乐玩法，等着被一脚踹死吧。
为何会这么说？
一、首先是AI辅助，极大的兜底了新人玩家的下限，所以排除人机对局，你的每一场战斗都会有一路稳健发育的玩家，如果你想剑走偏锋玩一些非常规的流派，很遗憾，除非你运气好，那你基本上是会被这些代理玩家在前期就淘汰的。
二、其次是每次升级给的特殊流派选择，表面上是一些很好玩的流派，但实际体验并不佳，万象棋所做的只是单纯的集百家之长，但并没有深层次的对这些优点进一步的学习或者拓展。他添加了流派选择以及一定的随机性，但这些非常规的流派往往收益欠佳，比如百里和马可波罗的双射阵容，还没有等你能刷成型“爽”起来，你就会被吕布的大刀无情淘汰。
万象棋在整体的玩法设计上，基本趋近于“任务”设计，这是卡牌游戏中最稳妥，但同样也是最无聊的设计，你没有任何的另一条路可选，如果你想赢，你只有按照计划，按部就班的找卡牌、养成等级，无论是日落海升级科技，还是三分找曹操甄姬刷等级，还是找东皇刷图腾，每一个流派的核心就是完成限时任务（找卡牌），谁先完成这一个任务，谁就能获得胜利，至于中间半路转变流派，目前而言非常困难，只有可能半路被踹死。
所以等你玩到后期，你会发现，你努力的操作倒转三分，还不如放空大脑直接嫦娥苏烈挂机，因为游戏的输赢并不会因为你的操作而改变，决定你胜利的依旧是发牌员会不会让你提前完成任务。最好笑的是，我目前仅打到钻石段位，就已经是人人都在按部就班做任务的情况了。
游戏玩法之外，万象棋的吃相就非常难看了，首先是基础的卡牌养成，游戏采用了钻石升级卡牌换取3D特效的模式，但是这些卡牌获取的方式比较苛刻，要么你花钱去交易所购买，要么你通过对局获取，同时你对局获取的卡牌道具也能够在交易所进行销售，会收取一定的手续费。但实际上目前而言钻石升级卡牌带来的特效并不值这么多资源，同时如果去升级卡牌，你的英雄获取又会进入为难的境界，这种感觉就像我十年前玩王者一样，少的可怜的金币钻石不知道买哪个英雄，要知道炉石酒馆这么多年了……也没出过付费英雄。
当然王者那一套抽奖糟粕还有限定皮肤也全部搬运过来了，你需要花不少的价格去抽一个“荣耀水晶”，才能换得一个相当于王者里传说级别的改动的“荣耀典藏”皮肤，你普通买的史诗皮肤基本上等同于王者的勇者，传说也仅仅是质量好一点的史诗罢了，氪金方面你都得花不少钱。
卡牌同样也有付费皮肤，这是吃相最难看的一点，要知道万象棋的前生王者模拟战，是能直接使用你王者荣耀角色的皮肤的，而万象棋做了非常抽象的操作——不继承，同时还要一比一移植再收你一次钱，在王者荣耀只需要18块就能购入的线条小狗皮肤，这边要重新收你50多块钱，而且你还不一定每局都用得上……可能唯一的好消息是，你可以在游戏中打出付费的道具，然后再把道具卖出赚游戏货币。
那万象棋有什么好的继承吗？有的兄弟有的，万象棋的亲密度吸收了王者荣耀世界的问题，在这边你可以直接一次性继承全部亲密度等级，不会出现王者荣耀世界那种50级变5级的情况了，同时各种亲密度关系加分优惠+同步显示王者/万象棋在线，进一步的拓展了社交属性。
总结下来，如果你是王者玩家，从未玩过其他卡牌游戏，万象棋很适合你入门尝鲜，它有着独一份的AI辅助。如果你想获得肉鸽的随机性和挑战性，很遗憾目前的万象棋给不出太多的娱乐性。总体而言属于一个7分的中庸作品，加之资源依附于王者荣耀，应该可以是该IP系列中，唯一一个可能长期存活的游戏了。",2026-09-23 19:52,12,2,墨笔书明月,玩过,,50494541
王者万象棋,1,"只能说腾讯是真的恶心。算了，懒得说，这都不算是运气游戏，而是纯粹的利用系统大数据，恶心你，让你保持活跃度。我80胜率，王者2000分去打新号，打速攻，黄金白金前期战力拉满了，结果还能一次不赢，差点翻车的时候我就知道这游戏是真的恶心。比如说你玩孙尚香
一回合，外面除了瑶你都可以打赢，但是系统偏偏让你遇到瑶。你两只对面两只，你没打赢
二回合，你为了赢继续拿卡上四只，此时你赢了。
三回合，你想着赶紧再赢一次好后面升级孙尚香武器，上了五只卡，觉得战力拉满。然而你遇到了个单挂个奕星升二本拿了战力天赋的人，你没打赢，他也是五张卡，还是二费的。而你看看外面，有好几个人在速本，你能打赢，但是系统偏偏让你遇不到。
四回合，你遇到了同行孙尚香，此时他已经升级了技能了，你不出意料的又没打赢，即便他不会，升级的是炮弹。
五回合，你又遇到了前面那个拿了战力天赋，呆在二本提速的人，对的就是隔着一回合又碰到同一个人，你不出意料的又没打赢，因为你孙尚香还没有升级武器。
六回合，你遇到了那些在前面挂一只奕星升三本启动的人，此时你已经打不赢他们了，他三本已经养猪了启动了，而你回想自己以前玩养猪的时候，七八回合都搜不到一只猪。
七回合，你一个一次孙尚香武器都没升级的人已经完全打不赢任何人，就算有你也遇不到。
八回合，那个完全不会的孙尚香用炮弹准备淘汰你了
九回合，随便一个人都能淘汰你，你真的被淘汰了。你用孙尚香前期战力拉满，然而你只赢了一次。连武器都没升级。
这游戏有的时候就是这么恶心。",2026-09-27 15:31,13,1,剪刀石头布,玩过,,50544304
王者万象棋,1,目前段位两千九百多分，真发现这 elo 太明显了，在连胜几局后就会有一局玩的特别特别憋屈，我也和我朋友做过实验，我先去拿账号挂机输了三把，接下来一起选的瑶，玩牺牲李信，就看谁来牌比较顺，结果就是在连败过后触发 tx 特有的福利局，我四级就很早凑齐阵容并且觉醒李信，我朋友总的就只拿了一张，这个时候牌库还剩两张，后续是我牌库里疯狂来李信，他一张没见到。另外一个是连败后开局第一场战斗，两边都是弈星并且没携带任何装备，一般来说哪一边先出手攻击哪边就赢，结果对面是先手但是我却赢了，我没记错的话一级暴击率为零吧，总体来说就是很离谱,2026-10-01 03:02,7,0,tap,玩过,,50580668
王者万象棋,4,"《王者万象棋》如果不基于社交和王者荣耀的IP，在市面上的自走棋以及卡牌对战模式中，其质量是可以达到优秀的标准。
与同类的《金铲铲》和《炉石酒馆》相比，《王者万象棋》做到了相对不错的融合。
在一定程度上利用了王者荣耀IP的加持，使得王者荣耀的角色定位（TC辅）、装备可以尽量的易上手。
由于本期必须提及友商内容，所以我以前尽量不提其他游戏的规则就去掉了。
本人困古龙会大量引用其他游戏对比。希望不要有踩一捧一的想法，我尽量踩十个，站中间串两边。
希望大家能感受到我对其他游戏的恨意，而不是对什么腾讯的热爱。谁会爱腾讯。
————游戏设计————
1，基础设计
《王者万象棋》的游戏设计，以其slogan为主要核心理念：
一刷！二养！三炸场！
游戏在开始阶段比较容易上手，利用卡牌星级加角色等级构建直观的强弱对比。
游戏的趣味性在于其随机的卡牌，符文，装备，天赋等。
你可以非常容易的掌握一个阵容的成型，你也就因此拥有了在《王者万象棋》持续游玩的动力。
我是谁，我在哪，我要干什么？一刷！二养！三炸场！
你可以在一定程度上，类似《金铲铲》的一部分，持续的精进你的阵容。
而并非像《炉石酒馆》一样，来什么牌，玩什么阵容。
当然也并不能非常容易的转阵。
所以设计了购买角色棋子花费三铸币，卖出获得一铸币。
设计了一些理财的棋子。这点和酒馆战旗完全一样。
再后期使用其他方式转移等级即可成型。强弱的基础被简化为等级制度。
在棋子互相配合方面，比炉石单纯的双倍就是硬！（铜须瑞文附魔师海盗双赏金）的这种简化要好很多。
在三分倒转上就能看出来，配合是不需要太多双倍简单粗暴的设计的。
也不是说不能设计，可以放在别的地方，比如棋手天赋。
2，阵容选择
游戏的阵容选择需要综合考虑，回合成型难度，战斗力上限，吃鸡率。
按照一般设计来说，越早成型的阵容，战斗力上限就越低，除非使用了对策。
特别是大河香，成功做到了早成型，胡吃鸡，看其他棋手选择即可吃分。
而常小娥，瑶妹，在公式化打法之后。仍有后期战力，虽然确实做到了成型难，后期战斗力高的海陆空。
但和万血猪马可，阿离相比，直接使用五星卡牌导致容易被人卡住牌。从而形成了动态平衡。
但这并不是良好的设计，卡牌是负反馈的模式。在任何自走棋品类里都已经品尝过了。
并非对卡牌的决策博弈有问题，而是靠博弈平衡棋手胜率是一眼elo的行为。
大家很多都是玩过王者的，我也不藏着，王者做了什么，你们都清楚。
你猜《王者万象棋》有没有这些。
3，游戏操作性
游戏的流畅度方面，我作为《炉石酒馆》爱海盗刷的玩家简直起飞。
炉石在卡牌对战和酒馆里全部都是神秘小动画，卡视角bug。
我只能说中国游戏方方面面好不好不说，系统是不会出现太神秘，修三年没修明白bug的情况。
（最近彩虹六号国服测试，踢掉那个育碧平台，对于游戏提升多大吗）
在操作性方面，快捷键和动画没的说，同时也因为快捷键问题，手机确实不如PC端操作习惯方便，也可能是个人习惯，总之我体验是PC更好一些。
而棋子的拖动互换位置，也可以说比较丝滑。比炉石那个诡异换位强多了。
————游戏货币————
1，钻石系统
游戏的钻石系统，我总想到timi，总之钻石打一局一百多，日常做一下一百多。
想有很多赚钱就靠王牌对决下注之类，我觉得也有点过于不那么合法了。
我不直说了，大家大概懂就行。
从一定程度上，我们可以看见他对于电竞赛事的准备，观赛和弹幕互动的准备，都十分的充分。
腾讯也一直都干电竞，我懒得提，我也不爱看电竞，还得追，没有那个时间，我就不发表看法了。
钻石花销在于交易行买一些卡牌合成更好看的东西，大概模式并不特别像金铲铲，像漫威《Marvel Snap》。
也就是BB做的那款，那他是网易的。我不得不说，看这个潮流风格的UI美术，和卡牌效果来说。
这个风格确定的时间不会就是。
而现在棋手还没有买几个。我也就纯买了新手打折。
如果加上成长之路送的，阵容也凑合亮了很多。但是标包的灯都没亮。
这让人多少有些沮丧，怎么没有活动多送棋手自选，搞半天就一个自选吗？
2，氪金系统
其实我想先说合成系统，十个1天合成一个7天。7合30天，以此类推。
我的评价是：挺酷的，时尚小垃圾都能合成，如果不是——
天天签到给黄金保分卡，十个合成一个铂金，等我合到星耀——明年了！
就好了。
氪金活动方面，天使投资人这个活动也有点无语吧，我不好评价。
但王者三千分送月卡有点意思啊。
为了奖励日活玩家，我们搜月卡继续持续的左脚踩右脚刷日活，这种设计别的游戏怎么没有呢？
当然这个累充一千之类的内容，我也是习惯了。腾讯是这样的。十年热爱一千来块。
我只能说，你所热爱的，就是你的生活。
————总结————
对于我来说，金铲铲五周年送的真多啊，我数数几个小小英雄了，还有竞技场白送，还有那什么氪金返还的竞技场。
不是说总结吗？咳咳。
总之加入日常任务了，金铲铲每天两把，炉石每天爱玩多少玩多少，不爱玩不玩，加个万象棋多刷日活，没有问题。
直到再出现各种特殊事件，氪金啊，elo啊，是不是。
腾讯运营，我不必多说。
说了再回头三年之后有人说你怎么好评呢？
我现在就是好评，以后就是腾讯做啥再说，我不修改，看的人就少。",2026-09-22 14:07,3,3,困古龙,玩过,69.1,50482526
王者万象棋,1,"不好玩，从没有一款游戏这么让人生气
本来是在王者里面试玩后还可以，下载之后差，不好玩，跟本不一样，还不如就在王者里面单开一个娱乐体系玩法，简单，偶尔可以玩一玩，单开一个软件，下载之后哪哪都不好:
先不说下载几个G，可能比王者世界好一点，王者世界更新就十几个G，让人望而却步，关键进去后也不好玩，
王者万家棋，从画面上让人看着特别无语，色彩让人感觉很不好，一个色系，灵宝A1似的，没有王者里面可爱灵动
可玩性更是单调的可以，单调也就算了，时间还特长，一局里面六个人，非得把六个人全打败，我本来以为组队玩法不一样，将对面打下去就行了，结果还要痛击队友才能获得第一，你不如整个单机玩法，1v1算了，一局打完不止半个小时了，这枯燥的玩法，又没有王者的技术操作和情绪价值，打到后期有的跟开挂一样，有的棋手感觉都没有伤害，
王者匹配有问题，万象棋更是有过之无不及，怎么，混合英雄打不了，还要被对面一个棋手连轰带炸，炸就算了，眼看英雄死一半，剩下的英雄还非得一滴血一滴血慢慢打，我等对面打完都要一分钟，然后轰掉我棋手十个血条，你整这么多人不如把血条降30点，不然干脆加速把回合制减一半，或者也别十血条了，输了直接轰掉对方20个血条算了，神特么打二十多个回合，王者一局才多少时间，打个比赛都要不了这么久，王者经济一点点长，你到后期200级直接压着打，还得轮到你了才能被K0，明明没胜算，还得等你打完前面的人，不然只能退出
里面一大堆看着都复杂，充值也是，有些画面还跳不过，关键还不好看，是不是对可爱有误解，这头身比例，又不是做动画，孙尚香一种塑料即视感，这是把Q版手办A1到游戏了吗，你但凡把周围线条柔化一点呢
还有A1教程与阵容一大堆，无论是加载页面还是游戏画面画风都不是很好，准确说不简洁，一样的色系看久了视角疲劳，这个游戏当单机都累，还要整联机
这游戏让人视角没有体验，机制也不新盈，时间还特长，还没有传统的五子棋飞机棋好玩，你还不如在飞行棋加了角色技能，整点特效比比谁先到达终点，或者干脆别做成独立游戏了，就整个小程序在王者里面玩玩得了。失望失望。
为什么王者里面的色系画面都还可以，换到王者万象棋这么拉挎，美术指导呢，策划呢，照搬人物体系与画面也不至于吧，发布前研发这款游戏的人自己不先试着登录玩一下吗？别告诉我纯用来氪金了，一个玩法强制半个时辰，也没个加速，游戏是拿来放松与体验的，这两者都没有，还弄什么游戏。
还有，到底怎么注销，怎么注销不了，卡bug吗？

",2026-09-25 04:45,13,5,黑呢仔仔,玩过,,50508010
王者万象棋,3,段位上去之后，全是恰烂分阵容，本来节奏就快，后期型根本运营不了，容错极低。,2026-09-24 14:17,8,0,666,玩过,,50501179
王者万象棋,4,"先说结论：其实还挺好玩的，做好平衡性调整，操作优化，时长节奏控制和随机性等方面的优化后应该是个不错的游戏。比较推荐。
这游戏给我的感觉就是个自闭式刷级找核心牌的“运”赢游戏。玩家间的博弈容易被运气稀释，前期还能站位小巧思，后期就容易被等级稀释。找到核心牌就能启动刷级养大哥，比如逐鹿的核心牌在芈月上，三分的核心牌在小乔和蔡文姬上，大河的核心牌在三个图腾或者开团牌上，日落海的核心牌在朵莉亚和海诺或者姬小满和亚瑟上。不像金铲铲那样凑羁绊，更像是把羁绊效果分散在个体牌上面了，再运用各种词条联动达成刷级凑机制的最终目的。最后决赛再比大小、比机制、比复活次数。上手难度不高，但学习成本并不低，是个看手速，文本阅读，吃理解的游戏。
一、优点：
1.游戏阵容流派相当丰富，胡了上限高是真的高，爽是真的爽😋😋😋，每一把都在赌，比较上头。
2.可玩性很高，我碰到过及玩过的有白歌镜孙膑三分倒转孙悟空、换帅吕布流，乔汐速6司空震999、速6保下限流，小鹿献祭李信999，嫦娥海陆空、艾琳冰冻流，香香输出流，马可养猪流，庄周无限复活花木兰流，姬小满买卖流，还有c安琪拉、韩信、嬴政、刘邦、守约、玄策等等等等，非常多的流派，可玩性很高。
3.棋手全免费，钻石攒多了，棋手都能玩到。
4.还有交易系统拍卖行，有这个默认好评，我已经卖限时小垃圾赚了一千多钻石了😂。
5.只要等级高，每个英雄能都有足够的数值，只要有倍率有机制个个都能当主c。10/40/100级就有质变，等级越高数值越高。
二、我个人游玩经历：
先是香香固定阵营输出流，庄周固定阵营，庄周速六合成进阶流（这时候还觉得没什么意思），然后玩庄周无限复活花木兰，白歌三分倒转（有点爽，但是后期操作量大，时间不够，容易暴毙），后来玩嫦娥海陆空（非常无脑，超低操作量，说实话削一下苏烈吧），嫦娥速六7个百级五阶英雄流（全屏动画，很爽，但是伤害你猜，打不过高级三神装单核阵容，这时候改观了，唉？还挺好玩的），接着玩马可养猪流（🐷养起来很爽的，但是很容易d不到核心牌，玩的非常难受），乔汐速6司空震999（6、7百级经常翻车，司空震好像还有点Bug，开大之后攻速又慢，伤害还低，打不过高级单核阵容），又玩妲己买卖流（姜子牙牌效有点低啊，不太能刷起来），姜导遗志流，孙膑三分倒转（大脑宕机中），逐鹿战机流，闹闹阵营流，昭君95、大河龙蛇，牺牲李信，镜三阶四人口，玉环日落海，班叔诸葛亮，整备开团韩信。太多能玩的了😋😋😋，这游戏给我玩的真值口牙！！
推荐新手玩闹闹，嫦娥或者瑶，平滑而且简单，进阶就玩逐鹿战机稳定上分。
三、缺点：
1.平衡性还有点问题，百级之间亦有差距（超标苏烈，嬴政，李信，艾琳，猴子，这几个很明显超标，4阶卡暴打5阶卡）。
2.很多五阶英雄强度及功能性不太够，上6除了拿个人技能，性价比有点低。很多五阶英雄除了有个动画个体强度不是很高。五阶卡的功能性甚至不如四阶卡。最好的五阶卡应该就是露娜了泛用性牌效很强。
3.装备太随机而且数量很少，随机直接决定上限了，玩物理输出单核全给你肉装，玩法师单核给你物理装怎么玩？数量少就只能玩单核，c一两个英雄，有点锁可玩性了。
4.下阵只能卖掉很多时候亏钱亏等级，单阵营合成的话上限和灵活度就低。
5.玩家交互很少，就拍卖坑下人，卡牌就是亏钱，没成型前针对别人就是在坑自己。
6.经济不玩倒转，买卖刷新流，特定经济型英雄，没有好经济天赋有点少不够用（胡了那随意）。
7.很看运气，玩某个流派在某个阶段d不到核心牌，可以退了。
8.半小时多一把，有点长，一开始还以为快节奏游戏呢。
9.血量有点少，中后期阵容流派容易暴毙。
10.画风偏幼态。
11.后期时间根本不够用！！！手牌上限太少了，牌都打不完，手机屏幕太小了！！！卡都放不下。一波爆发，啥牌都看不见，80秒打不完根本打不完，回合一过全给我消失了😭😭😭，我的爽局啊😭😭😭，如图3。
12.觉醒钟馗的牌效太高了，降低20%的等级，最多降三次，999来了也能给你变成400多，这不离谱？999级镜翻车了！！如图2。小鹿献祭李信带个钟馗，到最后永远能等级压制。
13.控制太多了，很恶心！没有免控装备经常翻车。
14.d牌有点恶心，没有同行，发牌员会卡你牌。
15.专属强化强度较高，那有人胡了拿了4个专属强化天赋，疯狂滚雪球怎么打？
四、总结：
相当多的阵容流派，胡了可以玩到爽。做好平衡性调整及其它方面的优化后应该是个不错的游戏。游戏就是要好玩呀😋！给个四星！
（先写这些看心情更新，欢迎补充😘）
9.10
王者11年玩家（马上就11年周年庆了），金铲铲资深玩家（s11大师s12王者s13宗师），抽空尝尝咸淡😋😋。感觉万象棋出的太晚了，铲子都玩腻退游了才出。王者的ip做得也不是太好，王者荣耀世界一点兴趣都没有，这个万象棋角色看着像ai小孩😅。王者老了，ip衍生作看上去也扛不起大旗。",2026-09-10 12:21,13,10,嗷我刚才,玩过,174.2,50370875
王者万象棋,3,"■前言：
我要讲的最核心的意思，那就是万象棋不应该只有现在的6.6分，但同时也的确可以说，王者万象棋它不会是什么爆款游戏。
-
就棋类游戏里，可以说万象棋是经典的IP+缝合玩法产物，缝合，IP衍生，都可以是喷的点，但作为游戏本身的乐趣性和投入性来说，它是不错的游戏。
-
同时在特点展示上，棋手、阵营、IP背景等也确实会给人耳目一新的感觉，有部分属于自己的东西。
-
那么什么会是它暂时无法成为主流爆款游戏的原因呢，目前有如同品类游戏已有老品牌吸收玩家时间，画风设计建模等审美错位，上手学习成本及投入上下限等。
-
这是腾讯又一款指向玩家游戏类别盘子的收割作，而指向的目标人群，正是众多的各品类的棋友，以及通过IP转化过来的其他品类玩家。
——
■小标题目录：
1.游戏自身玩法的讲解与剖析。
2.游戏在玩家群体中做的扩盘努力。
3.游戏自身的发展前景试预测。
4.浅谈游戏的一些杂事趣闻。
5.收尾做评分原由。
——
■玩法：
考虑到不止是棋友会看，说得更简单一点。
-
万象棋在内部嵌套的模块可以大致分为：
1.以围绕走棋做的一套完整自走棋系统，如阵营，效果牌，棋子效果，棋手自带天赋，海克斯天赋选取，排位赛制PVP等。
2.以围绕社交活动策划等目的构筑的一套活跃机制，如活动皮肤，拍卖行经济学，老带新强带弱激励等。
-
如果要论切实的游戏玩法和乐趣性，除去棋类游戏本身的策略及经营外，我认为万象棋在棋子特效联动机制上，是做了一个十分有趣尝试。
登场，整备，等级解锁棋子新机制，觉醒效果加强，游戏内拍卖会。
结合王者自IP的老一套理解，就是刷经济等级（回合等于吃兵养成英雄）抢龙打野（拍卖或升级海克斯提供的额外加成）结合装备（通过固定发放，武装重构或部分天赋获取）优势进行的一场既复杂又算无脑的电子斗蛐蛐。
我想就机制设计和投入意愿性上，本身就是资深棋友的玩家会很容易喜欢上这一套系统。
-
再说成瘾机制，也就是游戏社交及段位发牌等。
从游戏棋手开始，玩家之间的博弈就已经开始了，有一定经验的玩家，看见其他人选了瑶这个棋手，那么孙尚香这个棋手的选取意愿是会有明显下降的。
棋手自身的机制，就如同王者英雄之间的一些克制效果一样，对战局发展和阵容选取起关键作用。
棋类游戏的魅力之一就是这样一类的博弈，那么对于不谙此道的他类玩家而言，万象棋如何吸引，靠的就是外观人际关系的附加投入了。
参考王者荣耀自身做得越来越多的社交属性，棋子外观，棋手外观，棋盘外观，天幕，祈愿水晶等一系列东西，就是从视觉效果，赠礼交际上做的另一套系统。
经典的所谓带飞，开黑，外观共享，已经被王者荣耀验证过的一套系统，直接开搬。
发牌机制类似王者匹配的elo，其实万象棋还真不一定有这东西，但是你总会有这样的感觉，为什么我要的牌别人很容易刷到，为什么别人比我更快成型，难道真的有牌运这种东西吗？
啊对…有的兄弟，有的。
不服输这一块，上至几十岁老大爷雨中悟道，下至几岁幼童摇杆游戏被哥哥用脚打爆，不服始终激励着人们想要继续的意志。
这也可以说就是上瘾了。
——
■扩圈与宣发：
王者万象棋的测试已经有很多次了，光是我参加的就有三次测试，甚至主页动态还有早期的帖子没删，如图P1上，公测王者后，我的成就一栏还展示了之前测试的证明。
内部测试留出的期待感，以及王者IP（虽然早就不值钱了好像）带给部分玩家的尝鲜兴趣，对于棋类玩家可以说是早有渴望。
结合社交系统的投入，画风的设计与建模展示效果等，万象棋不是一类硬核的，锋利的，高专度的类型。
万象棋的画面更加柔性，包括棋盘等设计，都显得更加幼态一些，显然不全是站在棋类自身析出特质的角度上去考虑的成品效果。
那么这样做的原因会是什么呢？
自然就是扩圈的一种尝试，万象棋想让原本可能对棋类游戏并不感兴趣的一类人，因为这样的一些Q版画风和建模展示被吸引，投入且沉迷。
从这些看来，它的扩圈与宣发都是有努力考虑的。
宣发广告，腾讯自家APP给的推流，主播激励等，都可以很容易得知，万象棋是都是有被偏爱过的。
■发展前景预测：
那么就有人要问了，什么叫被偏爱…过？
或许是预想的前景并不光明，也或许是之前的尝试已经得到了惨痛的教训。
王者IP带来的产物，在玩家群体并不是什么特别好的印象，包括也有腾讯自身的一些问题，导致就宣发投入而言，不至于是满城风雨，更多的，是一种精准的指向人群推送打击。
结合自走棋这一品类的市场调研，大家都是下棋的精明子了，走一看三，想八九，分毫变数不放过。
这样的一类人，上头氪金带来的回报率会很高吗？
这就多少证答了宣发力度的不完全原因。
等待，在初期的局部验证下，等待结果。
通过一个阶段性的结果对下一个阶段进行投入。
这样的顶部决策必然导致下面的人也在等结果。
优点是随时可以决断权衡后续的发展，缺点就是根本没有想过逆风了要怎么补救。
一次性圈钱道具说是。
王世界大概就是个很好的例子。
那么我对于万象棋的看法就是，也可能会是那个样子。
——
■杂谈：
在跟朋友开黑万象棋的聊天和对局里，我也会偶尔跟他说，我并不怎么看好万象棋，最大的一个原因就是藤子其实一直是商人思维，看回报率不看迭代和潜力。
怎么赚钱怎么来说是。
公测的祈愿类比王者荣耀的荣耀水晶，就小明的那个臻品皮肤，海报画风建模特效结合，横向对比王者荣耀自家英雄皮肤，同样的价格不一样的回馈感受。
可以说这是审美上的差异，那么又谈第一个水晶皮肤，白歌的墨画元素皮肤，白歌这个棋手自身的战力阶级是个什么情况，玩到一定程度的玩家心里应该都清楚，抽到了又能玩几把赢的局呢。
有些皮肤甚至该说是猎奇了，我看到的时候真没绷住，就氪金这一块，虽然继承了王者荣耀的部分成功老路，但是就回馈感受而言，我个人的氪金的欲望并不会有多少。
如果更多的人和我一样的想法，那么就会导致流水缩水，渐渐的开始有人带节奏，然后什么日活也缩水，然后裁员，然后老一套。
这就是一个死局。
从游戏自身玩法上来说，这个游戏我能从测试开始玩，到现在公测不厌其烦的打好几次王者段位（中途有空还参加了一次大仙杯），它的玩法是没有问题的，也确实是有趣的。
问题目前就只是氪金回馈，和后续运营的可能变数，这是一条不能有差错的钢丝路，一跌落，脚下就是万丈深渊，等着回本呢说是。
——
■评星：
就像我开局前言里面所提到的，我不认为王者万象棋只值6.6的评分，毕竟玩法在这里。
-
但综合来说，它也不是什么够得着8.0的好作品。
-
在7.0这个位置左右浮动，就是目前最合适的，也就是三星半左右。
-
至于将来如何，就得看将来了不是。
-
本次评价到此结束。",2026-09-16 17:09,61,11,沈焕溪,玩过,322.5,50425895
王者万象棋,4,"先说结论，如果你本身是自走棋这个玩法的受众，那王者万象棋绝对是好玩的。
本质上现在大多数针对万象棋的负面言论都是来自偏见，而偏见来自于不信任，毕竟你王者IP前有没活到上线的破晓，后有现在版本延期吊着口气的王者世界，那玩家对你这个IP游戏不信任是可以理解的。
抛开偏见的话，我自己也是参与了四次测试加起来时长也有快300小时了，体验服也是打到了王者1300分，下面跟大家详细聊聊这款游戏。
————————
【好玩在哪？】
游戏本身可以说是结合了dota自走棋模式（云顶之弈/金铲铲）和酒馆战棋模式的集大成者，在市面上不能说完全和某款游戏一模一样，是有自己的差异化的，虽然差异化的本质是缝的够多。
经济方面使用的是类似酒馆战棋模式，三买一卖而且可以存钱，默认没有利息，保留了棋盘布局棋子施放技能战斗和装备系统，同时还为每个英雄添加了效果词条，随机性方面有海克斯天赋系统加上酒馆战棋的法术牌，同时又加入了等级机制，英雄每10/40/100级又会升级技能效果，等级也会提升英雄数值，每合成三次还会给一张锦囊牌可以开效果牌，与此同时不同的棋手也有自己的技能，五个阵营加上一个无阵营共6个，基本每个阵营都有两三套玩法，算上局内天赋的特殊组合或者棋手的特殊阵容就更多了，可以说如果是喜欢自走棋的玩家，那初上手这款游戏的很长一段时间都会十分上瘾。
————————
【那么缝合的代价是...】
首先是上手难度方面，虽然万象棋也在宣传那个ai智能灵宝帮新手做指导，但指导的程度只能说是比没有强。
我个人是金铲铲和酒馆战棋都有玩过所以可以无缝上手，如果单是其中一种类型玩家上手可以说还是会有些难度，当然熟悉了之后也会觉得更好玩一些，注意这不是拉踩，毕竟万象棋的设计上就更复杂一些，复杂的东西一旦上手了就当然会觉得更好玩一些。
而同时可以想象的是加了这么多料的游戏就像是印度玛莎拉，好吃是真好吃，吃完怎么样你别管，万象棋现在的问题就是好玩是好玩，但是这么多东西如何平衡呢？
要知道阵容这种东西不是构筑的多就是做的好，有上场空间的阵容才有价值，就像云顶谁也不想打到最后都是转九五吧。
而万象棋在平衡性这方面要面对的挑战要艰巨的多，棋手和棋手之间、同品质天赋之间、装备之间、乃至英雄之间，虽然是有随机性能一定程度掩盖平衡的问题，但其实王者千分之后能见到的基本就是三分逐鹿日落海倒转或者复活木兰和各种形态的海月，还有偶尔出现的猪（甚至也有变成海月形态的可能）。
当然刚开始玩的时候不用想那些，轻度玩家只是打到王者为止的话还是没什么对局压力的，玩就完事了。但王者千分后对局压力暴增，常见的也就只剩下所谓的毒瘤阵容了，整体上应该会经历“不过如此”到“有点意思”到“释怀了”这份心历路程转变。
————————
【付费内容】
付费内容这方面除了前期就很想快速解锁某个棋手外基本上是不需要花钱的，我说其实某些棋手就是强度堪忧买了还污染特邀棋手池子（）
剩下的也就是皮肤和棋盘，看预告是后续还会有卡牌棋子皮肤（周瑜小乔线条小狗），整体基本上是纯外观付费。
另外体验服的很多攻击特效还是单英雄适配，还经常是几天的体验卡还要提前去备战自己使用，感觉很麻烦所以我基本也没怎么用过。
整体上除了赛季轮换棋子皮肤返优惠券有点难绷之外剩下的可以接受，反正都是外观付费，这下连十点攻击力都不加了。
————————
【总结】
尽管现在铺天盖地都是不看好这款游戏的言论，但就我个人而言还是希望万象棋能好好活下去的，这波就纯是贪吃爱玩了
同样的我也希望大家如果感兴趣的话就真的去尝试一下，除了这个画风我自己也不太喜欢之外玩法上是真的上头
只能说这是对王者IP的最后一次信任，万象棋再崩了的话藤子也基本可以放弃王者IP化了
还是那句话，有野心是好事，但起码先把根扎好，踏踏实实的好好运营把玩家信任先拉回来才是第一步，不然就只能做春秋大梦了",2026-09-10 06:58,113,36,Miko,玩过,426.5,50368832
王者万象棋,1,"纯纯的运气游戏，
同样都是大乔，别人开局有李白第二回合有花木兰，我上来就是一个梦奇，没超过三阶，只是一把的话，我不说什么，每次都这样
玩个3分，前期一次免费刷新没用，到了五级，小乔甄姬露娜都有了，曹操一张没有，另一把直接到第十回合才有一张，接着直接被淘汰了
选了棋手能玩阵容，就那几个，我选了姜子牙，不可能去玩3分倒转，选了阿离就只能玩单核阵容，都是玩阿离，我不玩的时候，别人的第一回合不上角色，第二回合直接上来就有守约，别人的牺牲流，上了棋手三级，直接有那个带李信的天赋，我什么都凑齐了，有同行的确实不好递牌，没同行的时候，我到15回合找到第一张李信，然后第16回合直接淘汰了
玩个孙尚香，前期的强度都知道，就一个玩瑶的，让我碰上了，第一回合上了个孙尚香跟苏烈，没打过，第二回合就碰到了大乔，自带李白，第三回合扣了五滴血，第四回合扣了两滴血，然后一路连败，怎么连败的，上了的角色不说觉醒，连十级都不到，我还有孙尚香的免费刷新，刷新了一个不来，就是觉醒了个弈星，一刷新除了孙膑，就是我场上没有的，选秀都是一块钱检剩下的，升级刷牌一点能量都没留，那一把两个孙尚香，另一个先打的那些好打的，觉醒了三次了，我觉醒一次然后剩下的要么被我打的还剩一个，要么剩两个，总共就扣了15滴血
装备，连着三件装备，全是甲，同一个，全是防御装，他要是别的肉还行，三件装备全是一样的，我还能上三个冰心吗？
玩个嬴政，觉醒了，然后西施全局一张都没见，赢了都一张没有
游戏还不错，机制太恶心，作为一个刚出的游戏，弱的角色也能加强，看出来有在运营，能不能把这个靠运气的程度削减一点？运气差成这样怎么玩，偶尔几把也就罢了，十局里有八局这样



",2026-09-26 23:35,6,1,User334504125,玩过,,50536471
王者万象棋,3,"❤️王者ip屡遭折戟，此次是否真能翻身？
❤️腾讯的“抄袭”帽子是否真的能被摘下了？
❤️自走棋玩法现在还能有新的出路吗？
终测王者段百分，骨灰级王者ip玩家，腾讯“铁”粉来一聊
⭐【1】本人自走棋经历
⭐⭐⭐⭐【2】自走棋玩法痛点
⭐⭐⭐⭐⭐【3】万象棋真的“万象”吗？终测体验
⭐⭐⭐⭐【4】平衡度展望
⭐⭐⭐【5】王者ip到底是毒药还是解药
————————————————————————
【1】我的自走棋经历来源其实是魔兽争霸3自定义地图《战三国》。那会并没有“自走棋”这样的玩法标签，它的标签是“塔防”，我那会就很上头，因为作为“塔防”玩法超出了一个我原本不怎么喜欢单纯塔防玩法(指《植物大战僵尸》《保卫萝卜》等防守波次的玩法)。
后来真正的自走棋火了之后，我反而认为它相比《战三国》简化了太多，可能更平民更有下棋的感觉，但没那么得好玩。
后来《炉石传说》酒馆战棋给了我不一样的自走棋体验。
【2】自走棋体验我认为最大的痛点就在于“运气占比对体验过程的影响”。其次可能就是竞技游戏最难做的平衡性问题。
新手层面的入门反而是我认为你游当前做得很好的部分，并不是入门难或者简单的问题，而是入门的引导方式多，ai引导拿牌按现在比较熟悉的我来说确实没用，但新手期的我来说它给与的帮助还是比较大的，反而是游戏内玩家推荐流派的时候，给与的信息少。当然，这方面最好的学习方式可能还是跟着一整局成型的流派复盘是最好的，当然，新版本我还看到了【私教】系统，我认为是很贴心的，因为在别的游戏的主播其实就有一些变相的私教式的游戏直播——让粉丝连麦指导该怎么玩，只不过现在游戏内有一个这样正式的系统，我会认为这是很优秀的设计。
平衡性上。万象棋这方面是做更多【随机的可选决策】以及更接近炉石酒馆棋子养成的模式，更具体来说是确定一个核心棋子♟️角色，围绕这一个核心做最极致的养成搭配，现有的绝对核心卡是可以做到越一些纸面实力上更多高等级棋子这样的情况。
目前的万象棋，我并不会说它一定特别的创新，而是它的正反馈做得相对比较好，这也是接下来我想继续展开讲的内容。
【3】⭐我在终测打到王者百分接近1000分的水平，更喜欢玩的还是羁绊体系队伍，其次就是娱乐向但强度一般的乔汐和王昭君。
这个水平其实都还没到玩家普遍能养成999等级棋子的水平，我反而在QQ频道在逛创始人标段位附近(大概王者3000分水平前1000名)能看到比较多晒999等级截图的玩家。
⭐万象棋由于更接近炉石酒馆的那种决策养成模式，所以最优解法当然是经济倒转，炉石酒馆的经济扩张做得更奔放，所以现在的酒馆战棋很容易养成超前发育的回合，这也是为什么酒馆的棋手会有不同的血量容错(感觉万象棋以后也会这样)。
⭐万象棋的棋手可以自己选择，击杀特效与表情和100级的变身与一些技能特效其实都是非常独特的爽点，或者说是一个游戏正反馈的点，这点可以让“本命英雄”这样的概念可以随着王者延续下来。
棋手的平衡其实就有点像王者自己的平衡，目前的棋手选择所有人一开始选择什么样的棋手都是可以看到的，而有的棋手其实非常的对策，策划的设计方式是在高段位增加一些英雄选择补偿，选择系统本局选定的带标记的棋手在局内有比无标记的棋手有奖励机制。未来可能我们或许可以看到无法看见对手选择棋手的模式或者在更高分段层面增加bp模式。
【4】【棋手】【专属装备】【天赋】【角色羁绊】不同机制使得局内的具体搭配变得丰富，可达到的上限会非常高。
🤔你可以选择棋手「闹闹」，从一开始选择一个明确的阵营，只拿这个阵营相关的棋子。
😡运营至上，棋手「白歌」，三分倒转，最容易达成的全员999。
😤抛弃棋子欧非，可以选择棋手「嫦娥」，找到四个核心胚子棋子依靠技能提升等级就有足够高的战力。
当然，还有些更有意思的娱乐体系，我印象比较深刻的地方比如1级酒馆的角色【苏烈】穿上了近战相关的李白技能替换装备，使得苏烈单核又肉又因为有李白大招的技能输出高，打前排快。还有养孙膑棋子作为核心以及比较冷门的炸弹猫。
但其实娱乐向往往可能强度上限不一定那么高，而且天赋选取随机性还是比较高的。
这点其实也是目前我觉得最焦虑的地方，可能你要上分其实需要追求的是“最优解”，但你要是更娱乐，更万象，有的配队不那么容易胡，有的体系养起来看着没有那么强，当然，目前从体验服的感受来说，策划做了一些补偿机制，让大家上分更快一点更容易达到一个比较高的段位。
🤔当前策划调整其实是在尽可能削弱倒转，最惨的当然是棋手杨玉环，但很神奇的地方是终测我在王者百分段其实都很少有人选取这个角色，而外面的社区上有人说她强势的时候随便上分。
现阶段的平衡其实我认为已经是比较理想的水平了，因为它很像《王者荣耀》的英雄平衡状态——不同分段出现完全不同的生态环境。
关于转体系这点，按我目前的水平我认为万象棋是不那么容易达成转体系这件事情，原因是一张核心卡的上限比较高，装备和天赋点的选择对核心卡毕竟重要。
因此，炸鱼体验其实是意外地好的，因为有一些玩法确实会更炸鱼爽一点，有的体系在更慢节奏的情况下更容易达成或者说低分会玩的卡你牌的玩家少。
当然，我觉得策划也意识到了这点，所以加入了“王中王炸鱼”的选择即王者段位可以立即重启段位匹配，然后非王中王玩家与王中王玩家排到一起会有一个全新的算分机制。
只从我自己的体感来说，当前游戏体验的决策博弈层面提现玩家思路的层面我认为就是比较多的，运气成分的比例占比会比较少。当然，我会认为一味追求单纯的强度才会容易失去更多的游戏体验，就像单纯的竞技游戏那样真正的强度可能来来回回就那么几个，有的体系可能永远上不了场，打不出来。所以可能未来不断更新不同的强度调整，增减游戏内容，或者说增减体系，让可预见的「最佳答案」来得更慢一点会是未来游戏长线运营层面应该追求的事情。
【5】我曾在《王者荣耀世界》内测的时候接受了腾讯的电话调研。我现在依然保持的是当时访谈时我的看法——我不看好王者ip，因为《王者荣耀》的知名度太高了，它存在的本身的属性一定会高于其他一切的附加价值。
我在路边可以看到外卖员开一局《王者荣耀》，在快餐店看到有学生开一局《王者荣耀》，在公司社交团建的活动上，也可以看到《王者荣耀》的身影，在高考之后的采访可以看到加强xxx的呼声…………
可能就是因为这样固化的属性，一切吸引力都来自《王者荣耀》本身，甚至王者近年来最出圈的梗【牢九门】就是对于游戏内平衡吐槽最终演变到最后的梗文化，更不用更加经典的梦泪偷塔被演变成了新的诠释……
可能正因为如此，王者自己没有办法在做自己，它只能活在自己的阴影之下。也可能正因为如此，《王者万象棋》是继《王者荣耀星之破晓》停服退款，《王者荣耀世界》表现挣扎，S2继续延期，工作室疑似砍50%人的消息之后，我个人体感上最接近《王者荣耀》原来体验的存在。
但因为《金铲铲之战》其实已经是比较成功的作品了，《王者万象棋》的游玩时间实打实在20分钟——30分钟之间，它的受众体系可能与金铲铲就是高度重合的。于我自己的想法来说，我其实个人私心希望万象棋做得更大胆一点，比如跨界做二游联动，做一些知名二游角色的棋子，还有举办一些玩家创作比赛，把玩家的一些设计照搬到游戏内，还有就是增加不同的模式，说白可能有点更像我期望的早期《三国杀》。我觉得其实已经到了某一种极致，至少假如我不是一个敏感程度那么高的，划分程度那么高的玩家，我其实觉得当前自走棋的游戏体验体感上是没有特别大的创新的，假如卖点层面依然更竞技，它可能与别的现有的成功的自走棋过于接近了，容易泯然众游矣。
从我个人的体验来说，我曾有段非常上头的时期，但也会经历普遍竞技类游戏会出现的重大高压之下没有动力游玩的情况(所以终测后来出的据说更有强度的棋手安琪拉、武后、公孙离我都没有去测)
当然，从如今的市场角度来说，在过去自走棋发展的初期如果诞生的是这样的一个作品，那将会是绝杀，但现在来说，竞争加剧，因为当前的内容呈现我认为还是比较完整的，到底是什么样的剧本走向我无法下一个绝对的结论，可能它会向《英雄联盟手游》后发之于《王者荣耀》的结局，也可能是《刺激现场》与《全军出击》的又一次你死我活腾讯式内部赛马。也有可能继《金铲铲之战》后，自走棋继续赢来又一个能与齐并驾齐驱的腾讯系长青游戏……
只从游戏的角度来说，我还是希望它是足够一直好玩的，所以现在来说，我会认为它是一个值得去玩，但同时对它的未来保持质疑的这么一个态度。",2026-09-10 07:03,81,13,大臣ly觐见,玩过,205.0,50368845
王者万象棋,4,"9月10日教师节，《王者万象棋》正式公测，此时距离《王者荣耀世界》PC端上线，刚好过去了整五个月。


观测围绕《王者荣耀世界》的媒体曝光与玩家争执，比游戏本身更新调整了什么内容，好不好玩儿，要更有意思。



一度你好像听说《王世界》随着孙尚香上线流水创了新高，口碑回暖，“马拉松选手的实力不应该在起跑线上被定义”；


一度你又听说《王世界》的S2赛季被推迟了，而且是推迟了两次，这在大作上线通常要储备半年以上预更新内容的同业比较罕见；


一度你听说《王世界》项目的原制作人被调任项目顾问，天美L1调来了一个职级超高的老大坐镇指挥，不到一个月又听闻这个原制作人干脆离职了，团队人心思动都在看机会；


俗话说“只有时间能够给出答案”，五个月的时间好像确实已经给出了某种答案，背靠腾讯那么大的家业和《王者荣耀》这个超级IP，《王世界》好像确实完成了某种不可能完成的任务。


李新平老师搞砸了规模少说30亿人民币的项目还能平地跑路，没有追随前辈去看守所报道，实在是两位马老板比中手游的肖老板宽宏大量太多了。


一次挫败并没有掐灭腾讯拓展《王者》IP的决心，五个月后故事还是要继续讲。

“自走棋”，实际上已经是一个被杀死的赛道，作为“震源地”的《（巨鸟）多多自走棋》与游戏科学出品的《（战争艺术）赤潮自走棋》，皆已停运多年，事实证明自走棋在中国也是一个社交关系链与社交惯性完全决定的赛道，玩法、美术、UI怎么改，套什么IP和联动，孰优孰劣，没有那么重要。

《金铲铲》逐渐发育成腾讯互联网的又一套社交基础设施，本质上是专属年轻人的一种电子麻将，游戏逻辑可以浓缩为凑牌、算牌与抢牌。

所以你如果延续《金铲铲》的逻辑，把《王者模拟战》从《王者荣耀》里独立出来重新再做一次，今天对于腾讯的大盘而言没有太大意义的，只是在原有的池子里抢量。

如此就能理解《万像自走棋》为什么会是你看到的这个型态：外表看起来仍然像是自走棋，但是上手玩起来更像是《游戏王》或是《宝可梦对决》这类策略TCG，对局前要选择棋手，每个棋手都有分层解锁的独特功能，这是继承了《王者荣耀》的英雄特性，呈现策略搭配深度极其丰富的进阶大杂烩。

回顾游戏批评过去的评述，《射雕》、《仙剑世界》、《王者荣耀世界》，这些项目的共性是什么？

量大管饱，我全都要。贪多。

经常不会是什么好事儿。

所以你听说《王者万象棋》针对传统自走棋做了很多瘦身，取消了羁绊，取消了合成棋子，砍掉了利息计算与连胜奖励，每个玩家卡池独立不用去偷窥算别人的牌了，却并没有减少《王者万象棋》局中的计算强度。

相反《王者万象棋》单回合间隔的思考操作时间可能要比传统自走棋多达两倍，15回合打下来25~30分钟很常见。


主要是操作策略的TCG化造成的，围绕整备、登场、开团、牺牲等几个词缀运行的算牌与搜牌体系，一张效果牌打出去可能返回来两三张牌要接着打，搭配特定的英雄可能在单回合内需求惊人的操作量。

譬如游戏批评爱用的翻盘强手庄小鱼，如果说搭配河洛的古币流派或是逐鹿的战术流派，终盘发动天赋一口气可能进来10张牌，10张牌打下去触发各种登场与连锁效果又要进来好多牌，单回合出牌可能要在30~50张，终盘回合1分钟经常是不够用的。


传统自走棋呢，单兵强度的极限就是顶级棋子三星合成，塞满三个装备，是有一个公允的强度封顶的。

到终盘棋子装备攒得差不多了，博弈空间其实就是互相窥盘微调站位，打不过就是打不过了，操作比较少。

《王者万象棋》，四张单卡堆叠解锁棋子觉醒天赋，数值要随等级提升，10/40/100分别有一次功能质变的进化点，最高可以堆到999。

但是你不要以为等级与装备相仿的棋子强度就差不多，变量可能还有棋手的固有天赋，像是姜导的“钦定主角”与“封神一瞬”，或是嫦小娥的“兔飞猛进”与“月之特调”，又可能有局中选择的随机天赋，比方说某个天赋可以给全场河洛棋子加上牺牲词缀，如果搭配李信来玩，局中的临时等级又可以加上几百。


求胜的野心会驱使你疯狂操作刷牌挣扎到倒计时最后一刻，而且很多时候相对传统自走棋确实有更多翻盘的空间。

所以总结《王者万象棋》的一整套玩法，绝对是博大精深，比《游戏王》如今那一套就是把卡牌描述框里的字越填越多，字体越做越小的玩法要有意思多了，资深牌佬玩明白了是非常容易沉迷的。

但是呢，对于大众玩家而言，《王者万象棋》这套玩法，不是太好上手，极其难于精通，局中随机天赋选择强度调整变量过大，终盘算牌与操作强度要赶上专业RTS选手的，如果不是腾讯嫡系产品保障硬品质，而且有《王者》IP加持导入用户，没什么背景的策划如果早前在国内其他游戏公司提案想做个类似的东西，立项评审你都过不去。

不可复制，谨慎模仿。


所以抛开《王者荣耀》这个IP真的很牛逼，鹅系通讯录里一起搞过农药的小伙伴排着队要拉你开一局，如何理解《王者万象棋》当下的火爆，“连日登顶免费榜，畅销榜闯入前五”？

爽感反馈机制类似Roguelike，所有找牌、算牌、运营的终点聚焦于“养大爹”，一个目前在平衡性上占据优势的英雄，像是百里玄策、花木兰、司空震，配合天赋选择，叠加变强，“集中资源发展优势”，终盘把等级想方设法汇聚在一个“吕布”身上，反复重复这个过程，在对战中校验养成成果。

其次是《王者万象棋》提供了一个看起来比较优秀的AI辅助“灵宝”，相对传统辅助的高亮棋子推荐，提供了更多的语音提示，指导玩家哪些牌该留或是该换，哪些棋子的站位可以优化避免功能混淆。



当然就像今天你在生活中用到的多种AI助手，“玩明白了”你会发现灵宝给你的建议经常是胡说八道，我一个100多级的李白养出来了灵宝还会建议拿太乙真人去链接李元芳，“基础”锻炼扎实的玩家多半会倾向于关掉AI。

但是对于更广大的腾讯玩家基本盘而言，一个听起来很亲切的AI，一套一键收藏大神攻略就可以让AI指导复现配队配卡的辅助体系，可能就会让许多玩家产生AI可以帮助自己玩转一个很难很复杂的进阶TCG自走棋连续上分的幻觉，装X的欲望一下就上头了。



AI指导下的成功套路复现，就像是小红书的打卡攻略复现，你知道“往往不现实”，受限于天气与天赋的随机性，“多半不可靠”，但你就是架不住广大基本盘对于“反复复制他人的成功”的巨大热忱。

出去找工作面试最经常被问到哪个问题？

你有什么成功案例可以分享一下。

游戏公司老板最喜欢怎么盘问新来的策划？

最近有哪个（STEAM上的）产品很火你能不能逆向抄一抄。

刻在许多坏学生的教育基因里对于每天早上抄一份隔壁桌学霸作业的热爱。

AI助手给众多需要通过游戏“证明自己很行”的玩家提供了某种捷径，未来《王者万象棋》的调优重心，其实不是去纠结永远不可能让所有人都满意的“平衡性”，而是如何把灵宝做得更靠谱。

不好说《王者万象棋》如今的火热一定能维持多久，只是说，出于某种意外，一种过于复杂的玩法组合与反馈机制可能恰好撞上了今天许多中国玩家难以言说的无意识精神需要。

AI的进步能够更多帮助这类玩家满足自我实现与自我表现的需求，越是需求从游戏证明自我的玩家，或许越是会去消费《王者万象棋》商城里那些，你看着一点“用处”也没有的，光污染特效的棋盘、闪着星星眼的立体卡面。


距离AI全面接管你的游戏操作还会有多远？",2026-09-14 19:52,19,4,游戏批评,玩过,,50411386
王者万象棋,2,"纯主观不客观，只代表个人意见，首先这游戏做的非常好，但是我并不会给好评。

以前模拟战的老玩家了，刚开始就是为了拿点券下的，玩了一把之后一点也没有吸引我，感觉很无聊。但是后面多玩了几把之后突然就上头了，后面才搞懂这游戏究竟该怎么玩。
首先游戏做的不错，多玩一会就会觉得很有意思，游戏的画质和音效做的都没毛病。然后玩法上和之前的模拟战相比也有很多的区别，也不和金铲铲做对比了，只能说各有千秋。棋手技能和阵容搭配这个设计很有创意。然后就是如果你后期阵容主C养起来之后，打出巨额输出的那个特效，真的是爽翻了！虽然说很多技能的词条都带点小作文，但是有AI辅助，也可以更方便新手入门。

然后我说一下扣星的原因，第一，据我所知你这游戏也制作了很久很久了吧，但是出来还是有点让人失望的。棋手数量太少，阵容选择太少，装备太少，英雄太少，其他模式玩法太少。也就是说你游戏制作了那么久就给端上来这点东西？实在满足不了胃口。
第二，开服福利感觉还是不够，现在游戏厂商都在卷，你这游戏开服福利实属是拉胯我说实话，而且钻石获取速度太慢，有些棋手价格又很高，除非你有月卡和战令，否则真的不知道要攒多久。
第三，众所周知王者荣耀手游拿限时点券需要在万象棋对局一次，然后后面重点来了，经过官方暗改，只是为了做任务挂机打，或者随便瞎打完成一局万象棋的话，是不算在王者荣耀限时点券任务进度的。没错，一开始可以后面被暗改了。你既然出了这个活动就应该考虑周全。而不是为了拉你万象棋的活跃度整这恶心操作，对此我怀疑其他玩家所说的游戏后期控牌这个说法是真。也就是说为了不让你连胜故意让你刷不出来牌。毕竟王者荣耀就被实锤有ELO机制的先例，同样是为了让你多打拉高游戏活跃度，就凭这一点就直接可以给你游戏判死刑了。
第四，你这游戏界面做的乱七八糟的，有时候想找一个东西都要找半天，背包独立出来不好吗非要藏到菜单里，类似的种种，找个东西都要找半天。


然后给大家出两点攻略:第一，阵容推荐棋手阿离加万爆守约阵容。为什么推荐这个？因为它主C就是一个二星卡守约，其他的副C最高的也就一个四星太乙真人。大家都知道卡牌星数和棋手等级是相关的，也就是说你二级的时候就能把主c刷出来，3级就能刷出来大部分副C，真正让你从前期舒服到最后。而且操作简单，单养百里就行。值得注意的是，百里很吃装备！游戏里阵容推荐里有，一定要给百里刷输出装！（不像嬴政和李信这种阵容，主C后期才刷出来，尤其吐槽一下那个无限复活流花木兰，主副C全是四星五星卡，到后期C都没刷出来生命值都快没了）
第二点攻略:有人可能要说了阿离棋手要一万三钻石，钻石不够用，在这里也是给大家一个别人不知道的攻略啊，就是交易行这个东西，大家一定要利用起来！而且要抓紧时间！现在很多道具都在贬值了！只要是系统推荐的价格直接上的话，基本是不愁卖的，靠这个方法搞好几千钻不是问题，加上教程关卡和其他奖励还是很容易拿到上万钻的。

然后给你游戏提个建议啊，现在市面上游戏太多了，玩家选择也多，你游戏一定要做到新手体验的时候就要抓住玩家的心，否则新手教程过一半觉得无聊就卸载了。你游就是个典型的例子，要不是后面多玩了几把发现了这游戏的乐趣，不然的话就你那新手教程看都懒得看一眼，做的是真的一点不抓眼球，无聊透顶，希望改正一下吧。",2026-09-20 04:17,30,5,寒门贵子,玩过,,50461412
王者万象棋,4,"马上开服，官方在王者里强制塞万象棋的资源，这种强制捆绑运营确实很败好感，也活该你万象棋被骂。
‼️‼️说在前面：万象棋跟王者一样会操控你的胜率，手段极多①牌库满牌但死活不给你发②匹配到的对手比你高一个大段（匹配的时候超过5秒会自动扩大范围匹配，可以取消，但是刚好卡5秒匹配进去就不好说了）③匹配到的对手都是同行，ta选的棋手并不适合这个阵营还要硬玩（多半是人机来恶心人的）④钻石以下人机多
🎮可玩性：
从终测到体验服，我也玩过一段时间（只有手机上的时间统计，实际我平板和电脑上也玩）。客观来讲，玩法还是挺有趣的，棋子不是传统自走棋的合成升星而是升级（排位等级上限999）。阵容搭配挺多的，很多配队不会特别强调同阵营人数，更多是靠词条之间互相激活来达成升级等目的，即使是不同阵营，词条性质一样也可以配队。每个棋手能玩的阵容都差不多固定（这里指上限比较高能稳赢的），要是想按照自己的想法随便玩也可以，但不能保证赢[表情_尬笑][表情_尬笑]
☝🏻上分规则：一局6人，第一名+30分第二+20分第三+10分第四-10分第五-20第六-30。想快速上分还是组队更快。组队可以“有分同享”:对局结束会按队伍中得最高名次的人同享加分。
🌃画面音乐：
棋手都是大头娃娃可爱风格的，我个人其实是不太喜欢，但是真玩起来了根本不会关注这些，注意力全在自己和对手的阵容上哈哈哈[表情_看我的][表情_看我的]棋手皮肤我就不评价了，毕竟大头棋手我确实不喜欢，目前也不考虑给这些大头娃娃买皮肤[表情_歪嘴笑][表情_歪嘴笑]棋盘和棋盘动画还是可以期待一下，个人觉得还行。
最后最后说一句：新手推荐玩白歌和玉环[表情_斜眼笑][表情_斜眼笑]999那都不是梦[表情_狗头][表情_狗头]
这游戏给我玩出戒断反应了，体验服关服给我难受了几天，快点到10号开服吧！",2026-09-09 22:26,52,28,䧔,玩过,,50366803
王者万象棋,4,"[表情_困][表情_困]其实我对这种游戏挺感兴趣的，我玩过金铲铲和月圆之夜，但是还是有很多不懂，然后王者万象棋上线了，我自己是打王者的，相比起来更加熟悉一些，更加好上手。
🎮可玩性：⭐⭐⭐⭐
总体来说还是值得玩的，但是无限循环，太无聊了，刚开始还能说，不同的流派，不同的棋手能带给我新鲜感，但是，玩法太少了，而且我觉得像这类游戏想做出玩法创新也挺难的。越往后感觉动力就是冲段位，拿奖励。
局内其实玩的挺懵逼的有时候，有时候我自己都以为会输，但是莫名其妙赢了。
以及那个升级，可能是我还没搞懂人物之间的羁绊等等，他有的时候只升一点，有的时候猛猛的升，从50多一下跳到100多级
并且我感觉奖励给的是真的有点儿少，也不是说少吧，就感觉中等，因为典藏皮肤如果做任务，升段位，可以拿到大概 60多抽，但这是开服才这么大方，钻石作用挺大的但是给的挺少的，我目前3天，才攒了4500，还是因为新鲜感没过打的比较多的情况下，
🌃画面音乐：
音乐里面有王者的音乐，挺多的，也可以选，还有那个经典的梦琪音乐，但是这个他不会给你提示，你得自己找位置换，总之，就在大厅棋手边上
✍🏻建议：希望后续可以更加创新，推出更多的模式吧。然后也不要经常和王者联动奖励，多推出游戏本身的奖励或者活动，因为有时候只想单个玩一个游戏，结果一看奖励全在王者，更不巧的是登录的账号跟王者还不在一个区，发现的时候已经无法挽回了，又不想重新过[表情_困]",2026-09-12 03:04,9,5,无心.雾朦胧,玩过,33.3,50386164
王者万象棋,1,玩了十几把，非常非常无聊的一个游戏，上场的怪不能下场只能卖掉，而且不能上重复的怪 买同样的怪就是给上场的怪提供等级，玩法就是按大羁绊找齐阵容 然后一直刷新买一样的牌就行了，因为不能上重复的，所以只需要找齐阵容一直刷刷刷 买牌升级然后就结束了，玩法和金铲铲一样 买牌上场然后让他们自动打架 也有选秀和装备，装备不需要合成 散件装上去直接可以自选成品装备非常降智，一整个就是简化版金铲铲 应该是金铲铲这游戏还是需要一定脑子太小的小朋友玩不明白，所以出了这么一款简化版金铲铲给10岁以下的小朋友玩，非常极其之无聊 并且卡牌非常少内容也很少就像是那种大世界探索游戏里面会出现的小游戏的那种程度，建议直接合并到王者荣耀里面成为一个模式 完全没必要单独做成一个游戏，4399里面的小游戏都比这内容丰富玩法复杂,2026-09-11 02:49,110,12,。,玩过,,50377524
王者万象棋,3,"想入坑的我可以很客观的评价，
1棋手和卡牌高度绑定，不像金铲铲有特定的拼多多，这个不能拼相当于官方想让谁爽谁就能爽。
2节奏非常快，没有利息体系然后收益比例很低如果中期两回合没成型能宣告gg了。
3欢乐豆模式还行但是投入多了参考上面两个，效果牌死活不给你卡组的牌。
4成型阵容就那么几套基本上看角色就知道要玩啥。
5适合不认识lol角色的人比如我对象同时不想玩王者自走棋的人
6其次有人机这游戏。百分之100有可以感觉出来就比如官方想让你赢时大后期星耀局或者王者局对面才人均100级。
官方想让你赢咋样都能赢，3分硬转一张露娜连转12张露娜出来但是里面就两张牌库里。
",2026-10-03 21:14,12,2,歪比,玩过,,50617455
王者万象棋,3,"说实话如果你是那种喜欢被骂你倒是可以看看,又喜欢被骂又是s13赛季划走吧,总体评价7.5⭐,这是多出来的而且不能半⭐.
----------------分割线-------------//


玩一下午总结:⭐×5
玩法⭐⭐⭐
画风⭐⭐⭐
运营⭐
教程⭐（没用）
音乐⭐（没听）
哥布林-负⭐⭐⭐⭐⭐⭐⭐⭐⭐
棋手⭐⭐
难度⭐
体验⭐⭐
页面⭐⭐⭐⭐
福利⭐⭐⭐
便捷⭐⭐⭐
简洁⭐⭐
弹窗⭐⭐
公屏⭐
互动⭐
推荐棋手:个人喜欢粉毛
推荐体系:“进阶推荐”



🔖运营服务：强制捆绑,看到前面两个字没有就是和他捆绑,参考之前的xx世界差不多

🌃画面音乐：整体幼风,虽然对我来说没什么影响,这不是暖暖换装,也不是萝莉换裙,我是来玩自走棋的建模排第二,几百年前玩兽王那建模简直跟PPT一样,依旧玩几天几夜乐在其中,当然我也不太记得长什么样,但是看到就知道选这个就对了,虽然肯定会有一些s13赛季的集美有很大的想法,这里我就不骂这些甜菜了,哥布林吵死了,不知道音乐是什么,听歌去了,为什么不单独把哥布林关了享受音乐？因为我要玩游戏,麻烦总声音关了[表情_微笑]

玩法:,有手就行（脚也行）,没有策略,没有利息,没有羁绊？给你牌你能一直飞,没牌等4⃣️吧,有几把5费都轮流来几次两星了,麻了四阶卡就给你一张！受得了？忘了,这里叫5阶+觉醒+等级,所以你体会不到三星（满阶+满等级+觉醒）的快感[表情_开心]

棋手:,体验不多,解锁不多除了新手对局全部体验一次,剩下只玩孙尚香[表情_微笑]能赢就有分,总体排名前三,混分选孙尚香！！
题外话:棋子输出1000+？孙尚香+连发
香炮接近3000+群伤__
香狙单体2500+直线__
机枪不知道就用过一次
为什么不介绍其他的,因为就体验一把试试效果,卖血又没利息,比如新手体验一把李白,还以为超模,玩了其他发现就哪样,,,有血才能有分,没血又不来牌又没利息人家起来了等4⃣️吧,几块钱你滴出什么玩意

棋手天赋:贼吃运气,让你输没商量,强制输的时候,来的牌是a,天赋是和牌b相关,只能选没什么用的装备或给点随机牌,一看外面人口+1,战力+1,阵容相关专属+1,因为没有利息只能围绕体系玩,后面换体系等4⃣️,有个天赋剩下一个人召唤一个5阶贼超模！！！有幸被强制输,一局下来天赋没一个有用（连一个加战力和体系牌相关都没有）



✍🏻建议：如果你看到这里,恭喜你,你可以去玩了,我这里他排不上号,新手教程瞎点会强制退出新手教程,训练场可以体验全部内容（TM就不理解了都选是高手跳过教程你强制教程,我知道很多s13赛季的喜欢跳过然后怪没有教程的,所以你选择少数服从多数吗）
",2026-09-11 03:04,17,9,ﮥᝰ独か行の侠,玩过,,50377562
王者万象棋,5,哎，昨天玩的时候还想说谁发明的这个游戏，阵容搭配棋手天赋 尤其是倒转 怎么研究的我靠，太好玩了，不看不知道进来评论一看差评跟好评都快扯平了，我也看了一些其实百分之90的差评还是不会玩，会玩了光吃鸡 就像我只会一两个棋手前十天只会嫦小鹅，上了王者，后边一直玩瑶妹，现在王者2000分，就像倒转我到现在都不会 也懒得看说明，只要把一两个阵容吃透就可以上大分，看我选棋手是不是就嫦娥跟瑶妹这俩其他都没熟练度。看了好多差评又是卡我牌了 什么系统机制了，叫我说还是不熟练。我就是会几个简单的阵容，到现在都不懂涿鹿跟三分，因为没碰过，就没研究。但是我知道只要我玩熟的阵容 成型谁都不好使，这999那无敌的，我也打过很多999，除了海月 。多好玩的游戏,2026-09-29 09:24,3,3,刘华强,玩过,317.6,50561944
王者万象棋,3,"2026-09-13 二次编辑
···
距离上次评价过去了3天，3天断断续续在睡前/白天/上厕所的时候来两把，又多玩了10个小时，段位到了铂金Ⅵ，胜率还算可以。
这10个小时的游玩体验，对于万象棋的印象分有所提升，10分制的话，从之前的6.5分提升到了7分左右。整个游戏的玩法机制基本上摸清楚了，和评论区一些用户的留言接近，因为没有羁绊和星级的原因，整体的运营思路就是通过棋手的天赋与技能，加上棋子的技能连携，尽快凑到高等级的棋子。
我整体的游玩经历是：一开始用系统提供的白歌，凑大河流域体系，前期靠干将莫邪，中期靠虞姬，后期靠敖隐。后面发现有点打不过别人，开始抄别人的阵容，进入了第二版。棋手用香香，阵容依然用大河流域，靠大河流域张良、虞姬配合其它有图腾的棋子，快速堆棋子等级，棋子等级可以转化为棋手香香的攻击力，后期靠香香主C（很神奇，棋手居然是阵容核心输出）。直到我遇到了一个更强的阵容，进入了第三版。棋手用常小娥，前期只拿一张苏烈，能赢就赢，不能赢拉倒，不停用天赋的小菟提升苏烈等级，所有能量拿来升级棋手，满级后拿下裴擒虎、司空震（主C）、海月三张卡，通过相互之间临时等级的效果反应，加上常小娥的金色技能卡，能够迅速在后期已经亏血、没钱的情况下，在2-4个回合内，把4张棋子的等级堆到200甚至400级（刚刚一把司空震都有1万多的血），在黄金~铂金分段没有什么对手。
···
如上评论所说，我目前的乐趣性和新鲜感，主要来源于这种后期稳定翻盘的阵容体验。但玩了10来个小时，已经很明显感觉到了阵容固化。卡池随机性没有很强（当然，正向来说就是拿到想要的卡比较容易），所以我每把几乎都会选择这套阵容（只有黄金以上系统强制Ban掉时才玩香香）。没有之前玩其它自走棋时总是会尝试新阵容的动力，其次是摸清楚整个运营思路是提升等级后（所有阵容体系的技能联动都是以左脚踩右脚提升等级作为底层的），开始觉得有点无聊了。
当然也可能是我游玩的深度还不够，后续可能会继续在上班时摸鱼玩一玩。总体来说，和初次游玩时给的评价接近，万象棋适合愿意尝鲜+王者IP的用户来玩一玩，但如果金铲铲等其它自走棋已经让你很沉迷了，就没必要来试了。
·····························
上班摸鱼玩了2个多小时，先来浅浅评价一波。我不是自走棋的深度玩家，只玩过20多个小时的金铲铲+各类手游的自走棋活动（例如绝区零的邦布自走棋、崩铁的货币战争，最近燕云的自走棋等等）。
···
整体的评价给到3星，算是一款中规中矩的自走棋变种。
···
①美术：UI方面比之前玩的王世界稍微好一丢丢，但也不怎么样，感觉没有主美或者主美把控不了UI设计，只好一路阉割往“极简”的方向走，整体UI都是线条组成的半透明。场景方面灰蒙蒙，用了大量未来风格的、比较油腻的金属材质的建模做成，个人观感不是很好，还不如一脉相承继承本体游戏的效果，王者迭代这么多年，已经有了一版兼顾美观与辨识度的美术风格了。棋子建模的话没什么好说的，手机上看不出什么大毛病，但小棋手的Q版形象，感觉做的一般，说难看也不难看，但也跟好看没啥关系。
···
②玩法：之前看网上的评价分享，很多人提到是结合了金铲铲之类的自走棋与一些卡牌游戏的设计。那些卡牌游戏我没有玩过，但在玩万象棋的过程中能够感受到一些卡牌类游戏的影子。
毕竟有云顶之弈和金铲铲两座大山顶着，就算是王者IP的衍生游戏，也必须要在核心玩法上做出差异化才能够在市场里分一杯羹。下面会以金铲铲之类的模块来做对比：
···
棋手等级：万象棋的等级做了些变种，初始就是5人口，等级升到满级也只到7人口，等级中间更多是解锁一些天赋卡。
···
利息/连胜/连败：应该是去掉了，做了减法。
···
⭐羁绊：去掉了传统自走棋最核心的羁绊，改成了所谓的“阵营”，可以理解为给每个角色加了一个被动效果。效果与效果之间是否存在1+1＞2的连携，决定了棋子之间的搭配度。以我连续玩了几局的【大河流域】阵营来说，组成的底层逻辑就是低费棋子可以召唤【图腾】，高费棋子或根据场上的图腾数量给自身/队友带来巨大增益。
···
装备：依然有装备系统，但是做了减法，没有了合成路线，穿戴基础装备时自己选择进阶的终极装备。比较常规的减法，最近在玩的燕云的自走棋也是这个模式。
···
⭐棋子星级：去掉了3合1的升星逻辑，改成了更加细致的等级划分。我自己分析这个改动的意图，一方面是为了与金铲铲做出区别，解决传统自走棋里后期棋子卡手的问题，迟迟凑不够3星的负面体验，拆成等级后可以大量地刷新棋子，一直刷新一直升级，10/40/100级对应了1/2/3星的质变阶段。另一方面，做成等级后，可以在到达3星（100级）后仍然继续养成突破，在棋盘上养出一个大C。包括拆分出等级的模块后，效果牌/棋子的增益也可以不再围绕着加属性来，而是直接提升棋子的等级。
···
选秀：改成了拍卖，没啥好说的，中规中矩。
···
⭐商店：棋盘等级决定刷新品质的设定还在，但比较大的变动是，商店里除了棋子以外，还有很多的【效果牌】。以及任何场上/备战席的棋子，在出售时都只能换1块钱，会导致阵容想做变动的时候，损失比较大。一旦选定阵营，基本就要走到头。
···
⭐棋手：万象棋选了一些王者的经典角色做成了小孩版本的棋手，棋手除了形象的区别，自带几个技能，目前看起来和阵营之间的关系不大，更多可能是玩家自己根据游玩喜好/下棋策略来选择适合自己的（有少数看起来和阵营有直接关联）。棋手之前应该也存在一定的强度差异。
···
⭐效果卡：算是与金铲铲区别最大最大的部分，也是让整个下棋体验有一种卡牌游戏的感觉。下棋过程中，棋手的技能/商店里会在一些条件下触发，以我玩的棋手白歌为例，每合成4次棋子，可以获得一张效果卡【即兴创作】，使用后随机获得自己场上的一张棋子卡。所以触发频率很高，在等待回合，我的体验通常是：商店消费——买几张棋子——合成——触发多张【即兴创作】——继续召唤出棋子——合成——又触发【即兴创作】的循环，除了费手以外，爽感还算可以。
···
⭐天赋卡：升级棋手等级解锁，可以理解为与效果卡有点相似的类型，只是在具体效果上做了区分。
···
其它：毫无存在感的灵宝、装备推荐，易用性极差。
···
③付费：传统的抽棋手皮肤、棋盘、各种外显和特效，中规中矩。
···
④福利：玩的不多，没有具体的感知，不评价。
···
综合来说，我觉得《万象棋》算是一款过的去的自走棋游戏，但有点食之无味、弃之可惜。它做了很多局内的改动，把旧式的运营思路给摒弃，变成了等待回合比实际战斗时间更长、在等待回合不停使用卡牌强化阵容的感觉。但底层还是自走棋的那套逻辑，奔着自己的目标阵容凑卡升级，只不过把凑卡升级的节奏变得更加高频+随机。
基于商店售卖卡的沉没成本规则，我在游玩时基本只考虑all in一套阵容，而因为星级拆分为等级的原因，所以每一把我几乎都能凑齐完整阵容。运营/运气只是决定我凑齐的早晚+核心棋子的等级/装备优劣，其实玩起来感觉重复度比较高，玩了几盘后对这个阵容体系就已经有点腻了。我也不太会在等待回合看其他人的阵容，只奔着自己的体系来凹。
对于金铲铲等等游戏的玩家来说，我觉得可以下一个尝尝鲜，但不是很值得换到万象棋里来深度游玩。
PS：后续会继续玩一段时间，届时以追评更新的形式修改评价。",2026-09-10 16:16,60,11,梨木心,玩过,116.5,50372849
王者万象棋,4,"本人王者老玩家，下棋爱好者，今天玩了四个多小时，前期也看了不少直播和攻略所以上手很快，简单来评价一下。


🎮可玩性：在我看来是自走棋游戏最主要的因素
优点：有一定的深度，同时不会太难上手；有一定的博弈性，并且需要对英雄和效果有足够的理解；阵容转换还算多样灵活。
缺点：1.在一个玩过很多战棋和自走棋游戏的玩家眼里，复杂度无疑是不够的。不算无阵营一共也就5个阵型，黄金往上还要ban一个，牌的数量实在是有些少了，玩久了如果不是真喜欢下棋打牌那可能会腻。
2.棋子之间的关联度实在太高了，最明显的就是日落海和三分，这俩阵营的棋子单独拉出来基本上没办法和其他阵营联动（除个别牌）。其他的阵营也不是说有多好，只能说稍微还有一些想象空间，这一点希望以后伴随着棋子的增加可以有所变化
3.玩法过于明显直接。目前流行的三分倒转，大河保图腾的敖隐和炸图腾的刘邦，廉颇炸盾，河洛李信牺牲和木兰复活等等，其实就只是简单地对关键牌牌面的阅读，然后对应的辅助牌也基本上在同阵营之内，这种被安排的明明白白的感觉确实不太好，当然未来或许会开发出更多玩法。金铲铲在这一点同样存在问题，简而言之就是打法套路都是现成的，自己研究就是打不过别人套公式上强度，铲铲好歹还有自己研究的空间，万象棋现在基本没有自由发挥的余地



🌃画面音乐：
个人认为比铲铲好一些，棋子打击反馈更强，特效更清楚，这个就见仁见智了，至于棋手的画风，我是没什么多余要求，优化不错，流畅就行


✍🏻建议：
小小的未来可期一下，至于给腾讯提建议？不浪费这时间",2026-09-10 17:34,5,4,暗夜步行者,玩过,37.6,50373427
王者万象棋,5,小玩了一下，没有连胜连败经济加成，大家基础经济差不多，感觉更考验局内摸牌决策而不是卖血攒钱,2026-09-10 08:36,51,13,喔耶,玩过,,50369173
王者万象棋,1,"一星，完全浪费期待！打着王者IP的自走棋，玩起来一言难尽。
发牌机制离谱到让人抓狂，想玩哪套阵容就死活不来核心卡，几十轮刷新全是无关棋子，全程被卡池拿捏。独特的买三卖一设计反直觉，前期合卡直接亏经济，运营毫无博弈感，打法死板，几乎没法中途转阵容。
界面看着灰蒙蒙，字体细小，对局动画冗长拖沓，一把动辄半小时，碎片化时间根本玩不了。想看英雄属性还要多层菜单翻找，UI设计极其反人类。
平衡性稀烂，部分阵容强度断层。王者登录还会强行弹窗推送，广告感拉满。bug一堆，优化一般，偶尔卡顿掉帧。
没有什么策略乐趣，全程坐牢，单纯消耗耐心。冲着王者IP来的千万别碰，同类型自走棋比它好玩太多，纯粹是半成品换皮圈热度，不推荐任何人下载。",2026-09-17 13:17,36,5,秋名山车神,玩过,,50433260
王者万象棋,5,这个多词条闭环养成玩法真的有点意思，没有无脑合成星级，而是多个词条和效果牌互相触发叠等级，慢慢养出大几百大哥的过程特别有成就感,2026-09-10 11:59,2,5,短发卷发,玩过,2.8,50370705
王者万象棋,5,看到网上很多唱衰的评论，我个人觉得这个游戏还是好玩的。我本身就对自走棋这种游戏玩法有好感，但金铲铲尝试了好几回始终玩不明白，这个就很简单，阵容也不多每个阵容都玩一遍基本就会了，玩的是英雄词条联动来提升战力。不过该说不说，东西确实不多，基本阵容玩一下也差不多该腻了，去年冬测打上王者之后就没再碰过了，但我觉得还是好玩的，至少我能玩出这个游戏爽的点,2026-09-10 23:36,1,4,QAQ,玩过,,50376511
王者万象棋,4,"作为王者IP的最新作品，王者万象棋也是刚刚开启了公开测试。今天就来聊聊王者万象棋到底是一款怎样的游戏

首先先来说说玩法王者万象棋，主要还是围绕自走棋玩法展开。游戏是六人回合之对战，每人初始六十点生命值分准备和战斗两大阶段准备阶段，用能量买英雄、刷商店、升骑手等级至家。初始回合可以上场五个角色，随着骑手等级提升，上阵名额也会随之增加

至于战斗阶段，则是棋子间全自动战斗胜负，全看你的战位布置和阵容搭配，输了就要扣除一定的血量。和一般自走棋不同的是在万象棋中，棋手才是玩家战术的核心。每个骑手都有专属主动被动技能，比如香香可以直接参与战斗，可以复制玩家上一个使用的棋子等等。同时，在万象棋中，官方取消了升星的机制，玩家不需要刷新商店凑三星，而是靠不同阵营的角色的联动来发力。游戏的经济系统也很简单，初始六点能量，每回合固定上涨，没有一起套路。能量主要作用有购买英雄刷新商店，还能参与竞拍。拍卖回合中价高者能够获得自己想要的核心卡，竞拍失败的玩家则会返还能量。拍卖回合也属于是展现玩家游戏策略的场景，玩家可以利用竞拍来消耗对手玩家的能量资源，从而为后续回合拿下一定的优势。另外还有一个对新手玩家很友好的机制，那就是游戏中还内置了AI,引导游戏中系统会自动根据场上的情况，为你提供选择、棋子站位等方面的建议，可以让玩家更快上手，也是一个不错的场景

最后再说到王者万象棋到底能不能爆火。这个问题其实说白了，自走棋这一玩法目前更多的是作为同IP游戏的玩法填充。比如隔壁英雄联盟的云顶之翼，以及移动端版本金产铲之战。自走棋的作用是让很多没有条件玩其他模式的玩家，比如操作跟不上，没有队友不想玩，身边没电脑不方便端游等等，可以随时随地的开上一把游戏。从这个角度出发，王者万象棋和同IP的王者荣耀就有了一定的冲突。毕竟王者本身就是移动端游戏，不存在玩家可以玩万象棋。而不能打荣耀的情况

不过，对于王者万象棋而言，它的优势在于背靠王者这个大IP.再加上万象棋本身玩法对比，传统的自走棋也有不小的区别，相对来说会对新手更加友好。同之玩法上也更丰富，相信也可以吸引到一定玩家的兴趣。总的来说，个人对于王者万象棋这款游戏还是比较看好的。不知道各位玩家对于万象棋有怎样的看法，不如让我们一起来讨论一下。",2026-09-09 16:53,12,7,大雷,玩过,,50364119
王者万象棋,4,"本人是金铲铲业余玩家，每个赛季上个大师基本就不玩了。同时本人也是王者荣耀忠实玩家，每个赛季至少50星。
1.起初我以为是和金铲铲类型差不多的游戏，后来发现有相似之处，但总体还是不同的，但是我还是忍不住和金铲铲对比

2.画风还可以，有自己的特点，确实有点ai感，但是总体还是不错的，我个人能接受。

3.小小英雄可以参与战斗，这很像之前金铲铲可以自己选择海克斯类型的赛季，能接受，也还可以，主要看平衡做的怎么样

4.等级玩法有特色，但是同时特别吃运气，等级继承需要运气，找主c需要运气，装备发放也需要运气。并且运气占比非常大，好在现在卡池英雄很少，不算太难找所需的主c，以后如果增加数量和玩法，这点非常容易劝退玩家。玩家更需要在可控的范围内增加对运气的博弈，而不是和抽奖似的。

5.对于一个新游，还算合格。至于以后会不会向好，看运营吧",2026-09-13 15:53,3,4,手机用户69462896,玩过,,50401989
王者万象棋,3,"先说亮点：
1.竞拍，与铲铲选秀比起来，这是唯一一个更具竞技体验的点了，其他游戏逻辑全面不如铲铲
2.备战，不会卡备战区，不需要卡利息，运营难度比铲铲低很多，休闲属性更强
其他地方就全面不如铲铲了，下面都是不如铲铲的地方
1.战力：装备对战力的影响太小，就算拿不到合适的装备也不影响战力，战力取决于等级，这一点挺抓马的。
2.羁绊：羁绊不直接贡献战力，而是影响等级，这就导致这个游戏没法好好运营，变阵的成本远高于铲铲，结果就是公式人打架
3.装备，给的太少太随机了，常常一整把下来都拿不到合适的装备，且前期装备对战力的提升不大，无法配合运营
4.棋子费用，这里也是影响运营的一个原因。三块钱买的棋子甚至升过级更高费用，卖出去就一块钱，这导致前期根本就没有运营过度的空间，纯靠几个功能性棋子过度（牛魔、弈星），但这两个棋子弱得没话讲
5.角色参与对局，一定程度上影响公平性。如果是个辅助对局的定位还能接受，但是孙尚香一发子弹直接秒主C，比棋子能C多了，还有瑶那个雷霆粉色大肥鹿，我都不想说。
7然后就是准备阶段，时间太长了这一点不抱怨，因为要操作的内容比铲铲多，但是影响竞拍入场时间就很抓马，其他队伍早早两人准备好完且到竞拍阶段了，边道具边赚费，准备得晚打得慢的，就只能干耗着等别人抢道具，这是最抓马的，对局不是同时开始。",2026-09-10 13:20,35,7,&非礼仪坚强坚果,玩过,89.3,50371345
王者万象棋,5,我之前没玩过自走棋，就是怕玩法太复杂，结果跟着灵宝的引导就吃鸡了，比我预想的好上手些,2026-09-12 12:23,7,5,吗丁啉aa,玩过,,50388915
王者万象棋,5,建议萌新不要一下子冲进去玩也不看新手教程，这游戏要玩懂了才会体会到乐趣，可以把灵宝的AI建议打开，先跟它推荐的走，可以等完全吃透阵容之后再根据自己的想法来,2026-09-10 11:05,3,4,小品演员,玩过,,50370254
王者万象棋,4,"作为一个玩了多年游戏的老登在深度游玩了多天并单排上星耀以后，简单评测一下王者万象棋这款游戏。
而目前为止的游戏体验我可以给出4星左右的评分了（在我个人这里已经算很高的评分了）
首先介绍本人背景，最小玩实体的游戏王对战长大，再到万智牌和后面的炉石/酒馆战棋等其他该类型游戏，所以首先我是比较热爱于游玩这种tcg类型游戏。
再然后老登标配肯定是打dota，所以最早出自走棋是在dota2游廊里就已经开始在玩了，再到后面的云顶和金铲铲，加起来上千小时肯定是有的(其实在war3rpg里早就玩过类似的战就战之类的，但是年轻的朋友肯定没听说war3就不赘余）。
所以为什么我一个基本算是打牌下棋老饕的人能给出4⭐这种高分呢，因为我非常认可万象棋在借鉴了世面上众多现存玩法以后所做出的现代化改，我可以举几个例子。
1.ai灵宝（糖宝）的使用上，我觉得是非常现代化，就相比炉石传说/酒馆战棋至今还得用第三方插件，有一个这种游戏内自动给出阵容，买卖牌，天赋选择相关建议，我觉得对于新手入门的帮助是很大的，而且只要听从建议就能立马体验这类游戏的核心爽点（数值膨胀），相比于酒馆战棋你还需要自己去找各种攻略来说极大降低上手门槛。
2.游戏的玩法深度我是认可的，而且非常贴心的做出难度曲线，虽然对我来说黄金之前确实是非常无聊，只有几套简单的阵容，导致我差点弃坑。还是无意间点开段位才看到随着段位的升高能解锁更多游戏内容（这里差评我觉得引导做的还是不好），再坚持到上黄金之后，我发现这就是我一直在玩炉石时所想要的，这种能动起来带演出确实比看惯了卡牌对撞带来的爽感要强烈的多，而他也很好的融合了一些自走棋和酒馆战棋的优点和操作，你可以提前知道自己的对手，然后偷窥到对面的阵容，但你看不到对方站位。英雄可以单独配备装备还可以自由拆卸，重铸和合成。棋手本身的技能配上繁多的天赋在每次升级可以进行三选一。这些点上都可以看到别的游戏的影子，但他没有生搬硬套，而是融合出了可以自洽且平衡的玩法，并且有了更高的上限。但是我还是发现了一点问题，玩一些倒转阵容时操作时间是不是太短了，毕竟你游不能像炉石可以直接拔线，我建议还是能内置一个拔线功能会好一点。
3.游戏的ui也是我很好评的一个点，说实话干净的不像是腾子的游戏，令我大吃一惊。没有了满屏的红点，便捷的一键领取也让我这强迫症患者非常受用。棋手这一块虽然不能全免费，但是可以靠肝获取，这一点怎么说呢，毕竟国内厂商的运营模式就是如此，而且现在的肝度还算能在我的接受范围内，只是担心后续新出的棋手强度和速度会不会还是导致一些paytowin的情况出现？
以上就是我觉得万象棋一些优点了，但是说实话我对万象棋的前景并不看好，因为本身游戏有门槛，对于很多金铲铲玩家来说，如果万象棋不能爆火是很难取代金铲铲的社交属性。而游戏本身的深度虽然还算足够，但是对于一些同类型的骨灰玩家来说，很快就可以上手并摸到上限。所以后期如果降低游戏深度，骨灰玩家应该很快就会弃坑。而提升深度，对于想要入坑的泛娱乐玩家来说又过于难以接受。所以我真的很好奇这次藤子又会怎么做，毕竟王世界前车之鉴不过数月时间。
",2026-09-16 03:26,13,2,row,玩过,,50421660
王者万象棋,5,其实很多人都误会了，玩了十几把然后评论说不好玩，我只能说，小万太小看我们了，他的旗子是跟三国杀那种段位越高，解封的技能和英雄牌越多的，所以这游戏前期可能比较无聊，但是后面确实很好玩，特别是玩李白，我天谁懂真的好复杂，感觉比金铲铲难,2026-09-11 23:41,4,6,凌霄,玩过,,50385107
王者万象棋,5,很好玩，棋手自带技能的设计很独特，同一或不同棋手可以搭配出来的阵容也很多，要是碰上同行其实也可以转阵，可以先拿已有的打工，再刷一下遗志和传承把等级转到新阵容关键牌上，总比大后期大家都在抢那几张高阶牌有意思,2026-09-09 12:51,4,11,硒,玩过,,50362090
王者万象棋,5,作为一个玩了多年王者的老玩家，刚上手《王者万象棋》时确实有些手忙脚乱，但摸清门道后发现它的核心就是“一刷、二养、三炸场”。节奏比传统自走棋快不少，前期可以先用熟悉的阵营英雄过渡，等把吕布养到百级，看他化身鬼神从天而降全屏击飞，那种爽感很难用语言形容。棋手天赋和拍卖机制也让每局都有变数，策略深度比表面看起来要高得多，属于“易上手难精通”的类型。王者好友亲密度还能直接继承，和好友组队上分不掉分，适合开黑。整体玩下来，确实让人停不下来。,2026-09-11 21:04,4,4,@L,玩过,,50383607
王者万象棋,5,如果新手不知道玩什么的话比较推荐大河流域，图腾机制清晰简单，个人感觉算是入门首 选阵营。我刚开始玩的时候就是靠公孙离加猪八戒这套混上来的，前排顶着后面输出就行了，不用动太多脑子也能稳进前三，先把这套玩熟再去碰其他阵营，上手会顺畅很多。,2026-09-11 22:13,2,5,可爱的厨神,玩过,,50384293
王者万象棋,5,王者IP+自走棋+策略卡牌的组合挺新鲜的，英雄都是熟悉的面孔，上手门槛不高但要上分还得琢磨阵容搭配。灵宝AI破局这点很贴心，新手卡关的时候不会一脸懵。交易行的加入让资源经营多了一层博弈，不只是单纯凑棋子那么简单。希望后续阵营平衡能多调调，别让某套阵容一家独大。,2026-09-10 21:35,1,5,银河与星空,玩过,,50375423
王者万象棋,4,"王者万象棋体验：熟悉的面孔，全新的牌桌

玩了几局《王者万象棋》，最大的感受是：几乎不用学，认识英雄就够了。

孙尚香该站哪、蔡文姬该配谁，凭王者里的直觉就能上手。但英雄大招全变了——吕布高等级那一跳全屏清场，比峡谷里憋十分钟放一次爽多了。

玩法也做了减法，砍掉利息和连败运营，每回合固定拿能量，不用算账。核心就是刷英雄、喂等级、等高等级技能质变，正反馈来得特别快。

棋手天赋让每局思路不同，不过打到黄金左右，阵容开始固化，冷门英雄上场机会不多。一局半小时，碎片时间不太够用。

但总体很直接：画面好、上手快、养成爽。王者老玩家想试策略玩法又不想从头学，这款挺合适。",2026-09-12 23:02,5,4,气球🎈,玩过,4.8,50395608
王者万象棋,5,这游戏的美术我挺喜欢的，棋盘还有播报风格都很像在看电竞赛事的直播转播页面，双方实时状态信息banner和局内数据统计都还一目了然，科技感和竞技感直接拉满很有大牌赛事的质感，打起来的时候感觉就像是职业联赛一样,2026-09-10 08:30,14,10,Sakura,玩过,,50369141
王者万象棋,4,"✍🏻建议：

内容很丰富，所以新手玩起来可能会有一点不知道干什么而感到无聊。马克卖牌 妲己买牌 白歌合牌 虽然看起来简单，但是如何把卡牌的效果发挥到最高还是很难的比如  白歌的3分整容  开局需要在一级找觉醒孙尚香不然牌刷不起来也就倒转不了，还要找一张弈星因为弈星的效果牌会在玩家升级的时候提供两经验值，这样拉到三级可以额外提供四级验值把角色牌效果发挥到最高；到了中期又需要前期顺畅相叠的刷新来找曹老板和蔡文姬，和貂蝉，和打出卖出的阿轲，这样就可以实现角色效果牌左脚踩右脚升级。等到有了文学的质量，就拉到四级找小乔和甄姬打出 卖掉 ，在这过程中，还要不停的合成打出卖出使用锦囊妙计以及其他效果盘会非常的“手忙脚乱”这又需要玩家的手速和游戏理解进行操作。但这还不是最难的，等到了后期拉到六级，就需要把棋手白歌的技能运用起来了，通过露娜的效果登场触发整备效果，在使用白歌的奇才 和灵感爆发技能给露娜一直登场一直刷 然后卖掉，通过触发的效果，可以大幅提升棋子的等级，还可以触发很多锦囊，不过因为时间限制，这些技能要通过很快的速度去选择和使用，然后接着打出卖掉。讲真的嗯，通过打字把一个阵容的细化理解讲清楚还是比较难的，而且这个阵容停止手速和游戏理解的，但是后期999的感觉谁不喜欢？[表情_斜眼笑] 所以大家新手玩的话，还是建议选择一些比较简单的阵容，比如说瑶妹的理李信牺牲流，这个就比较简单，强度也比较高",2026-09-19 06:32,5,0,Ⅻ,玩过,30.4,50450449
王者万象棋,5,体验了一会儿感觉最吸引人的玩法就是联动效果了，前期什么牌来得多就玩什么阵容，可以在前期先稳住血量，中后期根据前期比较胡的牌来搭配后续的阵容，通过同阵容的联动再来提高整体的强度，而且不同的棋手也有不同的技能，每把都可以尝试不同的套路和阵容，基本不会一套阵容玩到腻，可玩性还是挺足的,2026-09-11 21:29,3,4,like,玩过,,50383853
王者万象棋,3,"好无聊，前面全是人机，三星五费没有变成了升级的五阶牌，听说999才是三星五费，我拿一张才加三级，有的卡牌会随机加一点等级但是999宛如登天啊，然后呢特效是真的帅，那个露娜一百多级场均一万伤害，我愿称之为最强五费

🎮可玩性：
还行就是有点慢节奏，跟金铲铲那种快节奏完全不一样

🌃画面音乐：
画面美术方面没得说，王者游戏做的可能没那么好特效CG绝对是夯的，感觉有点无聊（可能因为我金铲铲玩多了）给个三星合格分吧",2026-09-10 21:11,0,0,晚秋,玩过,,50375183
王者万象棋,4,"  玩了几天了，目前黄金3，游戏的趣味性还是很不错的，比那个金铲铲之战之类的自走棋有更多的组合随机性和可能性。并且摒弃了三合一的玩法，采用升级这种类肉鸽养成，推翻了棋子“阶级论”让几乎所有的棋子都能C，有诚意，完全打破固有思维还是很有意思的。

  但唯一不足的缺点就是游戏方太抠了，不知道是不是全把钱拿去砸在开服的红包活动里了，游戏内的那些福利给的很少，想买个英雄都买不了。
  就开服送了一个自选英雄的兑换码，但我选了玉环，玉环太难了，简直不是给人玩的。在王者里面就很难，没想到自走棋里面更难。想玩个别的都不行，哪怕你给那种体验券那种也好啊，你啥都不给，想玩一些别的都玩不了。",2026-09-13 14:11,3,4,木兮,玩过,53.5,50401040
王者万象棋,1,"你们把自走棋改的好难玩，都没有学习的欲望。自走棋的核心玩法为啥要改啊，就金铲铲那样不好吗，你们可以把表现形式、美术、配音啥的都改了，变得更好看，特效更好，但是为啥要改玩法啊，难玩死了。崩铁的自走棋改的就很好，你们快学学吧，真不想玩，美术美术不好，玩法玩法不好，还剩啥啊。
还有小小英雄和玩法绑定，真的难评，我就是喜欢小小李白，但是因为玩法，我不得不改成其他小小英雄 陪伴，凭啥啊。
棋子下场都费劲，不能拖到备战席，只能卖掉，新棋子也不能替换旧棋子。",2026-09-14 15:15,12,0,锦鲤,玩过,,50409576
王者万象棋,3, 我觉得这个游戏，对于我们这种没有玩过自走棋类的玩家来说，入门门槛还是比较高的。而当你刚刚入门玩过一段时间之后，你就会发现它的玩法其实很单调，就那么几种组合。因为大家都在用，非常好用，你如果不用就打不过，所以你也要用。最后就这几种，玩多了你就腻了,2026-09-14 08:22,20,3,韭菜兄弟,玩过,,50407292
王者万象棋,4,"优点远大于缺点

优点：玩法极具趣味性，基本上可以看作自走棋和炉石的结合。删减很多不必要的操作，整个玩法干净流畅，并且极具变化。



缺点：美术我个人不太喜欢，整个游戏美术和王者荣耀差不多，但这就是过于简单的东西，如果做成炉石那种 ui 或者炉石那种思路 卡牌和 ui 多一些设计比较精美

还一个就是卡顿，尤其是拍卖界面，点击棋手走动的时候，好像延迟 999 的感觉",2026-09-15 10:29,4,3,米饭满上,玩过,,50415109
王者万象棋,5,"已经王者了，在打王中王了来评论一下。
玩法很有意思，和铲铲有本质的区别的，这个游戏学习的成本更高一点，就像围棋的各个定式，答案都告诉你了，就看怎么去解了。
金铲铲是局内博弈，局内公式化挑版本强势就行。
这游戏是选人阶段就开始博弈，需要学会多个阵容多个英雄才行，根据禁用阵营和另外五个玩家去选择自己的棋手和阵容，防止多同类型的阵容抢牌，多前期棋手就慎重选后期棋手等等，当然像面对香香，小鹿这种前期棋手也可以通过站位装备或者棋手特性去前期取胜。
选人阶段开始博弈棋手和阵容确定自己阵容目的，所以要会多个棋手和阵容。
中期通过天赋，拍卖，牌库剩余，d阶段概率来保证成型速度，拍卖要根据自己的排名去消耗前三和竞争对手能量，还是保住自己能量，怎么能让自己劣势时获得更多分红，要冷静不能上头。
后期通过装备，站位，无阵营英雄特性，资源分配最大化去获取胜利。
也不是所有阵容都强势，比如牺牲李信可以用艾琳遛狗，可以用多个猪仗断节奏，可以用阿离飞伞复活海月直接去吸李信。三分倒转可以选香香大河，小鹿李信前期就打爆，梦奇日落海去卡牌。嬴律的战术倒转要分配好站位。
觉得这游戏简单的也可以去看看玉环日落海倒转怎么玩的。玉环选择率最低，前三率最低，但都是前几选手的绝活，真的太吃启动节奏和头脑清晰程度了，强度很高但真的很难。",2026-09-20 02:22,13,8,手机用户17140645,玩过,,50461123
王者万象棋,3,"玩过月圆之夜PVP和千机阵的老玩家来说两句
作为这类游戏的老玩家（月圆之夜PVP、千机阵都玩了很久），万象棋这个底子我是认的。核心循环还是熟悉的味道——刷商店、凑阵容、养核心、靠羁绊和等级质变赢比赛，加上棋手技能、拍卖抢牌这些新机制，策略上限比传统自走棋高一些，王者IP的英雄也全是熟人，上手几乎零成本。
而这类游戏最迷人的地方万象棋也有：只要运气到位，爽感是真的拉满。 那种提前抽到整套核心阵容、一路连胜碾压、看着羁绊层层点亮、核心的战力滚雪球越滚越猛的局，那种""我这把成了""的成就感，玩过的人都懂——一局天胡能让你回味一整天，甚至忍不住再开一局想复刻那个感觉。
但也正因为体验过这种爽，抽不到核心牌时才格外难受。刷牌凑阵容的乐趣，一半来自""成了""，另一半来自凑的过程。可当一局20分钟，前10分钟我都在等那一张核心牌，商店刷了十几二十次就是不出，看着别人天胡起飞，自己阵容半吊子不上不下被一点点磨死——这种局不是输在操作，是纯粹输在发牌员手里。卡牌游戏有运气成分正常，但当运气占比高到""有没有核心牌直接决定对局体验""的程度，连败几把之后真的会让人气到退游。
同类游戏也不是没解过这个问题：提高商店刷新数、给体系牌加保底/定向检索、降低前期掉血惩罚让玩家能等到核心牌都是成熟方案，真心希望官方后续赛季能往这个方向调。
总结：天胡局是真的爽玩，好玩是真好玩，美术演出也很顶。但抽不到核心牌的那种憋屈也是真的能把人劝退。给3分，2分扣给发牌员。",2026-09-09 10:20,36,6,User419938244,玩过,,50360995
王者万象棋,3,"总体上来说，不算推荐吧，玩法更类似于炉石的酒馆战棋而不是类似金铲铲。
比如说人口上限是7，没羁绊利息连胜连败这些额外经济计算。
个人玩下来觉得最大的败笔是，阵容定的非常死板，主打数值的玩法但是没有克制纯数值的机制，前中期定下要玩的阵容打下来就完全没办法转型，等级机制是好事，但是也是坏事，你凑完一个觉醒还得把他等级升到100才能发挥作用，这就导致每个人决定自己要玩什么阵容就直接按着牌拿，完全不需要其他额外操作，上手确实简单吧，但是没办法做更深一层的博弈。
其次我觉得是每个小小英雄之间的平衡问题，现在小小英雄之前的平衡还可以，但是以后会不会出氪金英雄强度比别人高一截？这点真的很让人担心。
说说优点，最大的优点是对于自走棋萌新来说特别友好，不需要考虑连败连胜，不需要考虑利息存钱，不需要考虑变阵，萌新玩两局就能大致明白大概。
其他的话，上手很舒服，简单舒适（除了那个BYD糖宝天天搁旁边bb，虽然说能关）现在每个阵容之间的平衡不算差，相比较其他自走棋的比较独特的拍卖，可以让人与人之间勾心斗角很有趣（虽然说现在人机有点多）画面虽然说有一些ai感但是玩起来也没廉价感还算舒服（虽然说游戏里和游戏外的玩法不算特别协调），后期数值堆起来打的时候比起炉石更爽等等。
在我这儿，只能说这游戏还行，不算很差，但是你要说很好吗，也不现实，中规中矩吧，没接触过自走棋的萌新想入坑可以入坑体验一下，但是自走棋老登就算了，这游戏不太适合老登勾心斗角。
总结：适合自走棋萌新入坑看看自己喜不喜欢这类型游戏，适合闲着没事无聊不需要过多思考来几局",2026-09-12 10:33,74,6,初丶空,玩过,16.2,50387761
王者万象棋,4,"这个游戏呢，我玩了几天，说一点看法。我呢，也是一个铲玩家，因为比较喜欢这类自走棋以及王者的ip从而玩这个游戏。

因为玩了几天，所以我只从一个初玩者的角度来评价。

首先，这个游戏玩法还是挺新颖的，游戏的模式，以及经济系统相对其他自走棋来说还是比较特别，就是刷新商店只需要1块钱，买英雄是3块钱，其他的效果牌1-5不等。(当然，我没有玩过其他的自走棋，如果缝了哪些，我也不太清楚)。


🎮可玩性：还行，带有比较特殊的拍卖系统(就是在对战中积累的金币，每过几回合可以聚集在一起，然后系统发放与存活人数一样多的角色牌，效果牌，然后拍卖，谁出的钱多谁拿走，这个还是有一定的博弈性，每人保底有一张拍卖的。)每天玩上几把娱乐一下，偶尔玩玩新的阵容以及角色，新鲜度还是挺不错，比较靠着王者的ip，还是能让人有玩下去的欲望。没有接触过这类游戏的新人可以接触一下，或许有新大陆。

现在我说一下我玩下来的遇到的不好的地方:

1.装备系统太少了，来来回回就那几个装备，实用性除了热门那几个，其他的感觉是挂饰……同时，少，不仅仅是数量少，而且还是获取数量也比较少，如果不是获得有“获得装备”的效果牌，你正常获取的装备也就5-7件，根本无法做出相对应的前排装以及主c的装备……还有，这个装备随机性以及获取稀有度，导致你有时候连主c的装备都凑不齐。我有一把主c安琪拉，玩到游戏结束，就只有一件“大书”(减少cd，以及释放技能加法伤)跟“猪杖”(消耗蓝量可以把对面变成猪限制对方)，一点伤害没有，其余都是前排装，真没招了……一把玩牺牲流李信，一把无尽都没有……

建议:希望在新赛季可以添加多一些散件，提高装备的储存量，给予我们更多的选择……然后，也可以再拍卖时直接展示出拍卖这个牌可以获得的装备，这个也可以增加游戏乐趣:就是玩家不在局限于这张牌的角色和效果，也考虑到了装备对自己的贴合度，可以使自己的主c或者前排有装备用，增加游戏体验。
然后，也可以添加一些野怪环节，比红/蓝霸服以及各种峡谷野怪，打死后可以获得一件专属的效果牌或者装备或者散件。再或者添加暴君，主宰，龙王，分别在前中后期出现，可以这样设计:玩家一起打一个龙的镜像，谁先打死就可以获得龙给予的Baff，比如暴君+伤害，主宰可以提供一条不占空间的主宰先锋，风暴龙王给全体角色➕护盾之类的，这样可以大大的增加游戏乐趣和可玩性。

2.就是低费角色的存在感实在是太低了，在中后期别人获得4/5费的角色后，除了一些强势的3费，其他几乎都是背景板，根本没有发挥的地方，跟挂件没有然后区别，管你多少级，拿什么装备，除非是差距特别大，不然这些4/5费有一定的战力后都可以轻轻松松的过了，比如像我这种有时候就喜欢玩一些低费的角色，你可以把我当做赌狗，如干将，我600级干不过一个100多级的李信，对方直接数值，位阶，技能，几乎全方位碾压……

我就想问问，难道100级后技能就不能再有些效果吗？比如干将在300级可以解锁大招插4劍，或者400级也可以，耀可以用3技能，狂铁可以开大招……等等等，这无疑不是增加了一些玩家对角色的单独喜爱和赌狗的青睐……然后平衡嘛，这些2/3/4/5/费也可以添加一些原有的技能，这样可以使更多的玩家愿意投入大量时间进游戏，去研究哪个阵容可以玩，谁谁谁可以当主c，百花齐放，这不挺好吗？而不是像现在，能玩的阵容，主c，就那几个，其余的该是背景板是背景板，该炮灰就炮灰。

现在已经玩了7天，该领的福利也领得差不多了，和我的新鲜度一样，都在不断减少……

也希望官方可以看得到我这条评论吧，可以看看我的意见，一个普通玩家的体验……不是那种水军……毕竟水军不会在星期四的凌晨2点，明天有早八的情况下写下这篇长文……[表情_叹气]希望对你们的有一定的帮助",2026-09-18 02:00,16,5,五月等雪,玩过,,50440293
王者万象棋,5,"作为一个王者荣耀老玩家，说实话万象棋给我的体验挺惊喜的，很适合王者老玩家入坑。[表情_流口水]
 最大的优势就是IP自带亲切感，里面全是我们熟悉的王者英雄，不用重新记陌生角色，上手门槛很低。[表情_期待][表情_期待]和传统自走棋不一样，它取消了利息机制，不用精打细算算经济，不用死磕追三星，核心靠英雄等级养成和词条联动，一张低费棋子养到高等级，也能当核心C位，玩起来爽感很足。[表情_流口水]对局还有拍卖竞拍环节，和对手抢强力卡牌，博弈感拉满，每一把的玩法变数都很大，不容易玩腻。[表情_酷]
 而且社交体验做得很不错，可以和好友组队，队友打出好成绩，自己也能跟着加分，就算自己发挥不好也不会坑队友，闲暇时候拉上朋友边唠嗑边下棋，氛围感特别好。[表情_开心]游戏支持手机、电脑多端互通，碎片时间就能开一把，一局大概二十多分钟，很适合学生和上班族摸鱼消遣。[表情_送花]
 当然它也不是完美的，刚上手的时候词条、棋手技能的机制有点多，需要花点时间熟悉[表情_看我的]；部分阵容平衡性还需要后续调整。[表情_思考]但整体来看，它的可玩性很高，不管你是从没碰过自走棋的新手，还是玩过金铲铲的老玩家，都能找到乐趣。[表情_吃瓜]
 如果你喜欢策略下棋，又是王者荣耀的老玩家，真的可以试一试万象棋，体验不一样的王者英雄对战。[表情_微笑]",2026-09-11 16:15,6,6,屑阿飞☯🇻,玩过,20.7,50381251
王者万象棋,5,不用凑三星也不用记利息公式，直接买牌打就完事，自动推荐的AI阵容也对懒人极其友好，一键照着摆就行（但是AI有时候不智能，感觉只适合新手过渡期或实在不想动脑的懒人，玩熟了后建议自己来更好玩更灵活），属于是想动脑子也能动，不想动也能玩,2026-09-15 23:49,3,2,偏偏雨渐大,玩过,,50420767
王者万象棋,5,"太好玩了，作为喜欢打牌和下棋的玩家，既能享受打牌的策略，又有自走棋的休闲战斗和3d棋子建模。
看到很多没玩过的人问这和铲铲有什么不同，这个是打牌啊，除了些挂机阵容也适合新手入门，很多牌都是吃排序的，更不许用说三分倒转和日落海倒转了。同样的牌在两个人手上排序不同效果就不同了，操作感拉满。常规阵容试用完了开始玩科技，比起下棋更像打牌，像炉石酒馆，全面冲锋，已经是最耐玩的自走棋一档。
附最后上王者的一局玩瑶逐星曜李白，第一次玩吃鸡爽感拉满",2026-09-28 09:52,2,1,一幕深雾锁长江,玩过,158.9,50552073
王者万象棋,4,"王者万象棋依然使用了虚幻4引擎。万众瞩目的王者荣耀世界就用的虚幻4引擎，这次的万象棋还是虚幻4。我猜天美一定是当初在架筑虚幻4时投入了非常巨大的成本，所以他家的游戏在虚幻4的细化上做得非常好，可以说是业内最能打的自定制版本。

其实王者荣耀在几年前就内置过自走棋模式。现在它又专门独立出一个新自走棋出来，我想立项的领导一定非常自信。这款万象棋，就如同它的名字一样，属于是一个比较资深的自走棋玩家，在结合了多款战棋类游戏之后，综合而出的一款“包罗万象”、集各家之所长的新自走棋。

就我的接触的战棋游戏而言，无非是多多自走棋系和炉石系，多多自走棋就是云顶之弈参考的原创版本，炉石参考的是一些其他没引进国内的玩法和原创内容。王者万象棋不再单一使用多多系的三合一“麻将碰牌”的玩法，而是将英雄成长变为【升级】。取消多多系【小x3=中】、【中x3=大】的玩法，改为英雄在40级、100级的时候可以升级技能。

三合一玩法只生效一次，作为角色的【觉醒升级】，进行一次强化。整体都围绕升级角色来展开，很明显的玩法就是养一个后期无敌的大爹。比如100多级的吕布，那就是一个人打全场，这点跟云顶之弈、金铲铲的运营理念比较类似。

当然他也不是单一玩法，多个角色平均把等级升高也是玩法之一。这种升级玩法其实就是炉石系的理念，只不过炉石没有明确列出卡牌等级，只是一味的提升攻击力和血量，万象棋的升级系统其实本质上跟炉石的这种设定是一样的，只是换了一套展示方式。

同时改良的还有取消了每回合战胜/战败的运营玩法，这套东西也是多多系的原创。万象棋直接平衡了所有玩家每回合的收入，将金币改为能量。所有人获取相同能量，避免强者愈强弱者愈弱的场景，同时每隔几个回合就进入卡牌拍卖模式，玩家可以在拍卖场中用没去刷卡积攒下的能量，高价购买自己阵容的C位角色。

然后最最最大也是万象棋最独特的系统，就是加入了即时AI助战系统。你可以是一个完全不会、不理解游戏的人。每个玩家实时给你配备了AI小助手，专门专注你的棋局，你每一步怎么走，你应该找什么旗子，它都会根据场上局势给你实时的建议。也就是说，即便你一点脑子不动，完全听小助手的支招，你也可以完成这一局比赛，甚至在初级对局中你还有吃鸡的可能性。毕竟这个是一个抓牌刷卡的游戏，运气成本在其中还是占有相当大的一部分比例的。

那上面说的就是万象棋最大的一些整合以及它所独特享有的东西，真正玩起来还有很多细化的内容我就不一一叙述了。总之是品质很高的一款自走棋游戏，玩法方面的品质相当在线。",2026-09-14 00:05,8,7,马青寅,玩过,,50405999
王者万象棋,4,这游戏对于零氪玩家已经够友好了，对局有时候能拿到那个棋盘幻化的道具，到拍卖行白嫖点券，打了两周已经白嫖一个战令了。还有新手玩家游戏都没玩明白，不要去搞什么3分倒转了，自己把把老六怪不来牌。王者以下无脑去玩那个阿狸的伞曜，或者赢律低压曜，待在前3级无脑拿曜就行了，分不是随便上吗？,2026-09-22 10:35,2,3,sfsy,玩过,,50480975
王者万象棋,3,"
《王者万象棋》开服综合评测

先把名字说准：这游戏叫《王者万象棋》，不是""万象天征""（万象是王者另一个系统""万象天工""），9月10日7点开服，85位英雄+18位棋手首日登场。你玩的是正版，下面按你的体验逐条对应。

先说结论：开服数据是真猛（7000万预约、iOS免费榜第一、畅销榜第9），但TapTap只有6.7分（2569条评价），属于典型的""一半在吹、一半在骂""开局——你属于骂得很有水平那一半，而且骂的点基本全中。

一、可玩性：框架有新意，但""思考收益""确实低

你吐槽的核心——策略性弱、随机性大、思考不值钱——这是目前社区最集中的批评，而且句句在点子上。

值得肯定的创新：

- 砍掉利息和连胜连败：每回合固定能量，不用当""会计""，反馈直接
- 三合一升星 → 无上限等级（上限999，10/40/100级质变）：低费卡也能养到C位，理论上""每个英雄都能当核""
- 词条联动取代硬凑羁绊：登场、整备、牺牲互相触发，高手能玩出""左脚踩右脚""的LOOP（如曹操+露娜+甄姬的登场循环）
- 棋手亲自下场：瑶召鹿、孙尚香弩炮轰人，确实比传统自走棋有新鲜感

但问题恰恰出在""创新""上，跟你体验一致：

- 等级碾压数值太夸张：""200级英雄碾压5个50级""——这点你体感完全正确。等级是唯一的硬通货，导致运营收益被""刷到核心卡""碾压，思考不如赌运气
- 棋手强度两极分化：瑶妹+李信、嬴律（体验服就超标到被官方点名削弱）这类""稳定且强势""，马可、王昭君、李白这类""吃操作还吃不到好收益""——你总结的""有的太强有的太弱，单开一个体系放在自走棋里多此一举""是社区共识
- 天赋/拍卖随机性：天赋绑定阵容、拍卖发5钻石、拍卖看不到装备——这些""虚假选择""让策略空间被运气吞掉
- 阵容定型后无法转向：这确实是设计硬伤，违背了自走棋""动态博弈""的精髓


二、运营服务：福利不算抠，但商业化有""诱导""争议

开服福利（比你想的多）：

- 18位棋手全部免费兑换，夺宝50抽直接送（9.10–10.14）
- 累计登录7天送皮肤（嬴律、乔汐、小妲己）+ 棋盘""万象超市""
- 联动王者端：最高领 1000限定点券、公孙离新皮肤（对局兑换/碎片商店48碎片）
- 首冲1元限定棋盘

氪金点相对克制：目前只有战令、棋手时装、棋盘造型，无数值加成，卡牌/棋手可用免费钻石获取。这点对零氪党是加分项。

但你的吐槽有道理的地方：

- ""任务型玩家""泛滥：相当多人就是来领1000点券的，社交平台高频词是""领完点券就走""——首日繁荣有水分
- 段位拉日活：组队""有分同享、一人登顶全员上分""，确实让""运营一天不如带大哥打3把""——你这个观察极其精准，是破坏排位严肃性的设计
- 宣发排面拉满：邓超品牌代言、黄子韬电竞代言、六角笼争霸赛、线下万象城派对，投入是真的大

三、画面表现：工业水准顶级，""面子""是真能打

这是全网一致好评的少数项：

- 棋手建模：老英雄的""现代都市Q版映射""，又萌又潮，语音互动完整
- 英雄沿用王者原版美术，零认卡门槛
- 100级大招演出炸场：吕布全屏砸裂棋盘带镜头震颤、李信一刀999、安琪拉巨大激光——""击败特效爽点""确实存在，只是你觉得""跟玩家关系不大""，这恰恰是正反馈设计的问题（赢了只有特效，没有成长感/收集感）

3DM评测原话：""它的制作规格之高，放眼整个市场也称得上数一数二""。画面不是问题，问题是正反馈只停留在视觉层——赢了一局，除了段位几乎没别的收获，所以你会有""坐牢+挫败""的空荡感。

四、核心问题汇总（你的痛点 + 社区印证）

节奏过长 一局20-30分钟 官方标称15分钟，实战普遍20+，特殊模式单回合20分钟bug
无法跳过战斗 不能跳过 官方未回应（PC端用加速程序可跳属漏洞）
等级数值膨胀 200级碾压5×50级 核心机制，短期难改
棋手失衡 瑶/嬴律稳定强势，马可/李白弱 嬴律已点名削弱中
随机性过大 天赋、拍卖、王昭君三选一 高分段公式化，自创阵容不如抄作业
装备体系差 昂贵、适配少、拍卖看不到 暂无改动消息
灵宝AI死板 ""像人机"" 官方定位本就是新手引导

几个你提到的细节特别专业，值得单独点赞：

- 合成收益低：英雄合成只+3级，金色（觉醒）要4张同名卡，比炉石/月圆还多一张——这是客观事实，官方用""觉醒""替代星级，但成本偏高
- 商店概率反直觉：""3本刷新概率最高的是2本""——这确实是设计反人类，磨光耐心
- 蓝条不清空：战斗结束不归零，是计数
- 骑手对话干扰：随机触发语音、重复播放，影响思考——UI/UX层面的低级问题

五、改进建议（你提的方向基本都对）

你最后给的方案，我帮你精炼+补充，按可行性排序：

1. ✅ 两费用 / 出售高品阶牌补偿 → 非常合理，减少""憋到死""的挫败，建议""3费以上出售返2块""
2. ✅ 装备主动铸造、可预览 → 强烈支持，拍卖前显示装备是基本UX
3. ⚠️ 合成收益提升 / 觉醒降为3张 → 可行，但要小心放大等级碾压
4. 🔧 降低随机性：天赋改为部分固定分支、王昭君类改为可重roll、拍卖发固定低保（别发5钻打发人）
5. 🔧 增加中期转向能力：允许花费资源重铸棋手/重置阵容，否则""定型即坐牢""
6. 🔧 正反馈补充：除击败特效外，加局内小目标奖励、连胜纪念物、战令小成就
7. 🔧 节奏控制：战斗可1.5×/2×速，或长对局自动结算动画

《王者万象棋》是一个""面子满分、里子分裂""的开服作品。
- 作为王者IP衍生 + 技术展示：9分。美术、演出、联动、宣发都是顶配
- 作为一款自走棋：6分。差异化做出来了，但数值膨胀、随机性、平衡性把策略深度压成了""赌狗模拟器""
- 作为长期运营产品：待观察。官方响应速度尚可（嬴律已削、《万万有看到》答疑栏目已开），但能否把""任务型玩家""转化为留存，取决于平衡补丁节奏

给你的直接建议：

- 想爽 → 组队抱大腿上分（这游戏现在组队收益就是高于单排运营，你没说错）
- 想玩 → 主练一套稳定体系（三分登场流/牺牲李信流），别自创阵容硬刚
- 想等 → 观望1-2个平衡补丁，现在版本高分段公式化严重，""抄作业""体验远好于创新


一、开篇：一个“双向失真”的游戏《王者万象棋》目前呈现一个极其矛盾的局面：面子侧满分——棋手建模、100级大招演出、王者IP联动，工业级品质，堪称自走棋赛道的“电竞级画面”。里子侧撕裂——策略深度被数值和运气吞掉，运营收益远不如赌狗来得快，正反馈只在特效层面，赢了像完成任务。本文不重复夸画面（那没技术含量），只拆三个真正决定这游戏能不能活过三个月的设计病根：卡面效果绑定、人口上限锁死、钻石肝度劝退。

二、痛点一：卡面效果 = 英雄的“原配妻子”，强卡绑架弱卡2.1 效果焊死在卡面上，且强卡可无视、弱卡必须遵守游戏把《月圆之夜》式的入场/先手/开团准备类构筑效果直接焊在英雄卡面上：有的英雄天生就该吃这套（李信、鲁班），有的英雄天生就该脱离这套（瑶的附身、马可的位移），结果全被绑死。更致命的是强卡可以无视效果，弱卡却必须遵守——你靠“牺牲”效果养起来的李信，等级碾压后效果直接变成摆设；而你为了羁绊凑起的辅助，效果再好，等级没起来就是一张废牌。效果变成了“枷锁”而不是“助力”，羁绊应该是乘法器，而不是强制税。

2.2 一张卡 = 英雄 + 效果 + 等级+技能，三件事绑死现在单卡同时承载三个变量，任何一个变化，另外两个都得跟着调整。想玩瑶的附身流？不行，瑶的卡面效果是“开团分装备”，你要么接受，要么不要想玩李信的传级AOE？行，但你必须同时吃满他的“牺牲和等级要求的技能觉醒”两个效果，否则就是浪费结果就是：每个英雄的玩法被提前锁定，策划替你做了所有决策，你只剩“洗牌”一件事可做。

2.3 改进方案（三条，逐条可执行）方案A：卡面效果从“单卡属性”改为“装备化挂载”把入场/先手/开团准备等效果从英雄卡面上剥离，做成可装备的“词条插槽”。核心英雄（李信、鲁班、瑶这类有强配合需求的）自带1-2个词条槽，其他英雄空槽，玩家可自由挂载/卸下。

方案B：核心英雄效果“融合强化”，普通英雄效果“可出售转化”仅强卡保留专属效果，且效果随等级成长（1/10/40/100级分别强化）；普通英雄的卡面效果可以出售返还资源（建议按品阶返还2-3倍售价），等于把“词条矿”变现，出售收益可用来购买其他英雄的词条插件，实现全英雄通用词条池。

方案C：彻底解耦——英雄和效果分池抽取英雄池和效果池分开抽。你抽一个李信，再独立抽一个“先手”词条挂上去。这就把“月圆之夜的构筑深度”和“自走棋的抽卡随机性”两个好东西真正融合起来，而不是现在这样互相打架。一句话总结：英雄牌管英雄，效果牌管效果，别再合为一体。合为一体 = 自缚手脚。三、痛点二：人口上限锁死在7——“差一点没格子”的窒息感

3.1 不是Bug，是机制硬伤常规没有加人口手段时，人口上限就是7。你靠等级系统把一个英雄养到了C位（比如李信传起3000伤害AOE），但后期能塞的牌也就7个，其中还必须有前排、有辅助、有控制。差一个人就塞不进去，差的那张牌恰好不是你体系的，只能眼看着它白给。更恶心的是：不是“差人”，是“差资源”——比如你只需要一个云中君来触发装备体系，但他永远不来，现有的7个格子全被“凑羁绊的杂鱼”占满，卖掉凑数的牌又不给转化资源，等于卡死。

3.2 加人口的设计太“割韭菜”现有两条路：拍卖获得基本牌效果（其中一张是“加1人口”）→ 明牌卖；天赋加人口 → 8块换1人口。8块换1人口，且是单效果牌，定价就是把人口当商品卖。自走棋里“人口=自由度”，用钱买自由度是伪付费设计。

3.3 改进方案一句话总结：现在的人口机制 = 用空间限制逼你接受劣质牌，等于在“抽卡随机”之外再叠一个“运营无关的内耗”。

四、痛点三：钻石肝度 = “1万3买个棋手”的劝退曲线4.1 数据摆出来就清楚了骑手充值返利下，1个棋手 ≈ 13000钻石；玩家每天自然获取钻石 ≈ 2000；刷满 ≈ 7天。7天刷1个棋手？零氪玩家没有付费折扣的话需要肝49天。更讽刺的是——开服说“福利特别好”：抢先体验的0元抽棋手本质是“抽卡”；累计登录送皮肤（不是棋手）；日常任务2000钻没有翻倍、没有活跃倍率、没有段位加成。这是标准的“长线刷日活”设计。问题不只是“慢”，而是“慢且不可控”——任务完成度取决于匹配池质量，高端局要打30分钟，同样2000钻耗时差3倍；战斗又不能跳过。

4.2 改进方案日常钻石翻倍/分段加成：高端局或排位局钻石收益×1.5-2，让“认真打”比“挂机刷”有回报活跃度奖励曲线：每天第1-3局钻石递增，第4局起不再掉落（封顶设计），避免肝到死棋手购买折扣：定价降为8000-10000钻石，缩短零氪攒取周期每日签到/回归奖励优化：连续登录7天给钻石包（300+500+800...），而非只送皮肤降低每日上限：从2000降到1000-1500，同时增加普通匹配等低难度玩法给小号玩家一句话总结：当前钻石经济 = “2000封顶 + 不可跳过 + 用途单一”，等于把抽卡游戏的经济压力搬进了自走棋，劝退了大量轻度玩家。

五、三个问题串联：这游戏的核心矛盾《王者万象棋》把“自走棋的随机性”和“月圆之夜的构筑深度”强行缝合，但缝合处没有做经济系统（人口）和成长系统（钻石）的配套，导致玩家在“抽不到好牌”的随机性面前，还要额外承受“没格子用”“攒不够资源”的双重内耗。简言之：它给玩家加了一道“自走棋没有的、且玩家抱怨极多的”额外枷锁，却没给出相应的正反馈或成长速度来补偿。

六、总结：这游戏值最终建议现在这版本 ≈ 公式化自走棋 + 轻度月圆 + 肝度补偿任务，创新有但不够扎实等两个版本的平衡补丁（嬴律/瑶这类强卡应该会动），中期版本会比现在好很多如果官方采纳“卡面效果装备化 + 人口自然成长 + 钻石活跃加成”这三条，这游戏能从“骂声一片”变成“真好玩”短期策略：主玩强卡体系，不要相信运营",2026-09-13 00:13,37,4,缓解剧本,玩过,,50396235
王者万象棋,4,"并非金铲铲，而是自走棋市场搅局者
——————————————————
写在前面
本人对金铲铲，多多自走棋，云顶之弈游玩时间不长，但对月圆之夜镜中对决模式游玩了相当长一段时间，而本作王者万象棋，在游戏上线前的测试便玩过一段时间，而本人在这短暂的万象棋游玩过程中，愈发认为，万象棋是披着金铲铲皮的月圆之夜镜中对决模式，以金铲铲的思路玩万象棋是绝对行不通的，两者底层逻辑完全不同，其上线初的IP加成，王者活动1000点券加上免费皮肤几乎是按头式的宣发，无疑吸引了大批王者玩家，虽然大部分都是为了点券，但这批玩家里势必有一部分金铲铲玩家，按照金铲铲的思路玩游戏最后遍体鳞伤，选择退游或是快速摸清游戏，也势必有另外一批完全没接触过金铲铲的玩家，在ai灵宝进一步降低游戏难度下快速入坑，并喜欢上这款游戏，因此，我觉得万象棋是含着金钥匙出生的搅局者
——————————————————
🍎氪金
都玩免费手游了，对于普通玩家来说，最重要的便是想要玩的爽需要投入多少钱，好在万象棋与其余任何自走棋游戏相同，公平竞技，氪金除了买点时尚小垃圾外没有任何的内容，数值上提升，0氪爽玩，至于购买棋手所需的钻石，获取渠道相当多样，无论是局外的活动，每日，还是战斗结束后的三选一翻牌，乃至局内拍卖等待期间的随机掉落，都可以获取到极多的钻石，如果还是嫌慢，打开背包，将不要的时尚小垃圾挂到拍卖行，也能获取相当大量的钻石，英雄获取难度相当之低
当然，对于一个游戏能否长时间健康运营，首当其冲的便是营收，万象牌虽然不逼氪，全靠卖时尚小垃圾，但氪金内容并不算少，战令，月卡，抽奖一样不少，棋盘，棋手皮肤，棋子皮肤，棋子牌面，攻击特效，头像框，聊天框，乃至于ID编号，各种边边角角都有各种时尚小垃圾可供购买，小氪有战令月卡，大氪有抽卡，这套氪金系统足以保证游戏有充足营收
——————————————————
🍎与同品类游戏对比
在传统自走棋中，玩家需要考虑棋子间的羁绊凑组，三合一升星机制，站位，利息经济，卖血运营，计算每回合的经济权衡连胜连败，来实时调整局内棋子阵容，在有限资源中玩家间的相互博弈
在月圆之夜的镜中对决中，开局从随机的几位角色中挑选一位进行开局，每位角色都拥有不同的技能，采用2*3棋盘，无利息经济，无羁绊加成，养成依赖棋子效果间的相互配合
而在万象棋中，游戏更像是两者间的相互融合，同时拥有传统自走棋的大棋盘站位策略的同时，加入了角色特殊技能，删除了利息经济，改选秀为拍卖，棋子间的选择则将羁绊加成改为棋子效果间的联动，将三合一升星改为英雄等级成长，下文将围绕这部分详细讲讲
——————————————————
🍎创新与不足
棋子合成
与传统自走棋三合一升星不同，与镜中对决三合一升级棋子效果也有一定差异，万象棋采用的是相同棋子合成提升等级，触发3次后棋子觉醒，升级棋子效果，每个棋子仅能觉醒一次，而提升等级可以无限次，直至棋子999级，棋子在40级，100级时会大幅度强化棋子技能，抛开棋子效果的联动外，单个棋子的强度不再依赖于星级的多少，而是与等级，觉醒强相关，基于此，对局后期，一个高等级核心棋子，在场上游龙乱杀，视觉效果和战力反馈十分直观，有被爽到

经济系统
游戏取消了传统自走棋的利息、存钱机制，没有连败连胜收益，每回合收益固定，但这并不意味着万象棋完全没有经济博弈，在游戏的拍卖上，玩家间可以相互竞价，而在拍卖会上所有玩家消耗的能量都将按一定比例优先赠与血量较低的玩家，恶意竞拍其他玩家核心牌，可以达到消耗其他玩家经济，实现再分配，除此之外，在棋手升级后，部分天赋可以提供一定经济，甚至使玩家获得利息，这种机制下，对新手来说降低上手门槛，不需要记复杂经济公式，对于上手一段时间的玩家而言，游戏中仍有一定经济博弈，用的好逆风翻盘也非难事
棋子联动
万象棋虽然也有阵营划分，但每个阵营都对应着两个截然不同的流派，像三分之地，一方面是登场、另一方面是急速施法，河洛除了古币，也有牺牲可供游玩，大河则是图腾和开团，日落海则围绕阿科米亚核心展开，但不是说选择一个阵营就非要一直用一个阵营，每个阵营中都有可以与其他阵营相互串联的棋子，而这部分棋子的存在使得遭遇别的棋手恶意卡牌时快速变阵成为可能——玩家推荐阵容中的“白歌三分倒转刺”便是非常具象的例子，棋子效果相互联动使得自由混搭不同阵营的棋子，开发出“黑科技”循环套路成为可能，给阵容构筑提供更多可能性，但在目前版本，也仅仅是个可能性，由于棋子效果限制较多，各个流派的强度早已有了高下之分，各个阵容虽然存在一定克制关系，但并不明显
棋手系统
棋手系统的引入，使每位玩家开局都有一个技能，棋手可以直接参与对局，部分棋手可以召唤单位、释放技能攻击棋盘，比如瑶召唤小鹿、孙尚香释放弩炮，棋手的选择直接决定整套阵容的走向。但也正是棋手系统的加入，玩的时间长了一眼便能看出此名玩家本局想要玩的流派，选孙尚香那就是前期优势大，必须打连胜滚雪球，选马克就是玩低星牌，选大乔就是赌前期能不能抽出阵容核心.......棋手系统，我不太好讲是好是坏，但毋庸置疑的便是减少了阵容的多样性——不可能放弃棋手技能选和棋手完全不匹配的阵容吧？
上手难度
万象棋是有一定上手难度的，尤其是对完全没接触过自走棋或是从传统自走棋转来的玩家，对此游戏进行了一系列的优化，譬如内置AI助手，实时给出购牌、选天赋的建议，直接喂饭，以及将卡池中剩余卡牌数量实时标明，遇到核心牌刷不出来，就要看看卡池剩余数量了，是有同行？还是有人恶意卡牌？还是单纯脸黑刷不出来，但游戏过了新手期，明白什么阵容强，什么阵容下水道后，游戏又难免陷入公式化
说了一大堆的优点，讲讲缺陷
传统自走棋的乐趣在于运营拉扯，通过资源规划，以弱胜强，而万象棋的对局后期，很大程度变成等级数值比拼，反制手段不足。很多对局，刷出核心卡牌，把等级堆上去，就拥有碾压优势，运营的权重被运气稀释。而棋子词条效果的强度很难直观判断，没有明确数值的标志，使得强度出现黑箱，写不动了，就先到这了，开始总结！
——————————————————
🍎总结
自走棋大胆创新者市场搅局者，但未来好与坏全压在后续更新上
整体上看，万象棋并不是在传统自走棋上进行简单的小修小补，而是对底层逻辑进行大刀阔斧的改革，这套金铲铲+镜中对决的融合确实让人眼前一亮，游戏刚上线这段时间，大部分玩家可能还在驻足欣赏万象棋的创新和独特之处，但随着玩家的持续游玩，为了降低游戏门槛牺牲策略性，使数值主导对局、玩家反制手段匮乏，加上流派强度、棋手强度并不平衡，棋子数量较少，效果联动缩手缩脚等缺陷将会被放大，万象棋是否能在自走棋市场上有自己的一席之地就看后续的更新了",2026-09-16 22:10,0,2,印东苹果🍎,玩过,61.8,50428154
王者万象棋,2,"体验服玩家，今天开服又玩了一遍，依旧史一样的运营，注册渠道限定奖励，bug一堆，正常领取奖励不发放，依旧他们自家游戏秦始皇来了也做不到全收集

🎮可玩性：游戏还是那也，玩起来很累，低段位还好，全是人机，高段位想赢要不停找牌合成（和自走棋不一样可以无限合成），玩法单一，简单打几把教程就是全部的内容了，后面全是重复内容，单纯靠冗杂的光污染和乱七八糟的个性道具凑游戏

🌃画面音乐：本来是冲着小妲己和其他小英雄来的，结果游戏里面的内容还没外面宣传图和视频的东西多，小英雄没有任何互动，游戏里面只有一个鼠标移动，除此之外纯站尸，互动性估计是为了给后面出皮肤骗氪留的，游戏画面新玩家可能刚玩觉得新鲜，玩几天就审美疲劳了，游戏大量重复使用金属光和流水线特效，配上游戏玩法更累人

✍🏻建议：领了王者荣耀联动皮肤就卸载退游，比王者荣耀世界玩着还累，玩家粘性差，估计后面和王者荣耀世界（现在半植物人生死不明）还有星之破晓（暴毙）下场一样

本来该给一颗星的，多的那颗是给小妲己的（虽然万象棋里表现差强人意）",2026-09-10 18:35,11,0,gugugu,玩过,,50373894
王者万象棋,5,"玩了一整天，远远超过预期，近期玩过最好玩的。本来就是自走棋的受众，对这种游戏有天然的兴趣。隔壁最近两个赛季拉的没边，以至于没出这个之前我现在还在隔壁玩老赛季。今天除了吃饭睡觉就是在下棋，玩法上远远超过预期，李白配三分天下中期割草的爽感停不下来。赢不赢放一边，先爽再说。再说说缺点，美术上有点落后，跟隔壁比还得努力，不过也有好的，夺宝的那个棋盘就很牛，如果不是家境贫寒就下单了。总之，我觉得是好游戏，虽然玩法固定，但是不代表就简单死板，游戏里想达到上限难度依旧很高。
最后我觉得最重要的，你不能拿着隔壁来对比异同，两者差别不小，两者相比各有优劣。",2026-09-11 05:10,27,15,blurrrrrrrr,玩过,,50377782
王者万象棋,1,首先，这游戏锁卡，吃不吃鸡你看发牌员脸色，其次这游戏排位全是人机，一局可能两三个真人，都白银了全是人机，我是显卡嘛，我给你训练人机是吧，即无聊又恶心，这游戏最大的特色就是一堆破烂活动，要一下一下去点然后领一些蚊子腿，然后你的生命就被这游戏悄悄夺走了,2026-09-11 08:25,25,2,小屁孩巨婴勿扰,玩过,,50378187
王者万象棋,2,这游戏真的让人血压飙升！玩了几把就发现根本没法玩，强势阵容就那几个，冷门英雄纯纯下水道，后期就是无脑比等级，运营全靠运气。最离谱的是UI，商店找牌眼睛都要瞎了，点个刷新还能误触开战，操作体验极差。还有，别在王者本体里疯狂弹窗强推了，吃相太难看，强行塞资源只会让人逆反！棋子几十局不换皮肤，玩久了视觉疲劳，内容少得可怜。想靠IP割韭菜可以，但把游戏质量做上去行不行？,2026-09-11 10:04,11,0,WXKKK,玩过,,50378639
王者万象棋,5,"王者万象棋给人第一印象是照搬金铲铲之战，但是犹豫王者的一些活动威逼利诱。还是下载玩了很多天。后面游玩感觉万象棋和金铲铲毫无关系，追三星很容易只需四张英雄牌，每个小小英雄也有对应技能，类似金铲铲的海克斯。但是肉眼可见后期英雄太多，技能眼花缭乱增加上手门槛。所以我觉得可以参考金铲铲赛季轮换制，每个赛季不同阵容搭配不同的小小英雄既能增加玩法乐趣也避免后面游戏内容膨胀。总体来说推荐去玩。

🎮可玩性：4.5颗星


🌃画面音乐：4颗星

打击感：5颗星
",2026-09-19 12:05,3,2,逆羽,玩过,,50452825
王者万象棋,1,"玩过多多自走棋，炉石传说，酒馆战棋，金铲铲，大巴扎，这些都是玩的比较多的，还有一堆玩的不那么多，游戏也比较糊的自走棋，卡牌游戏，这个游戏我只能说拉完了。有人说他缝得多，他缝的多的同时也删了很多，我觉得缝的都是无关紧要的，删的都是精华。比如说买三卖一缝了酒馆战棋，这个经济系统你是金铲铲的，还是酒战棋的有啥差别吗，不影响玩法，经济系统创新的点只是没有利息加上可以存钱，这确实是我玩过的自走棋都没有的，但你猜为什么都没有，因为太无聊了，没有利息连败连胜导致运营节奏大打折扣。棋子间的联动是抄的酒馆战棋，但酒馆战棋的棋子比这游戏多了去了，而且它还能一直更新，我不觉得这个王者ip的能一直出新棋子（不是一两个而是一套两套那种，酒馆战棋从开始到现在出的棋子可能都上千个了，你王者ip的能出那么多吗），这就删掉了近几年活下来的自走棋很重要的更新迭代了，像以前多多自走棋一样，没那么有意思，即便以后会更新新内容比如赛季或者棋子（不是一两个而是一套一套的），那也只是正常自走棋水平。再因为棋子间的联动抄的是酒馆战棋，自然就没有羁绊系统了，羁绊系统绝对是多多自走棋类的精华吧。那什么日落海三分之地顶多算种族，还没酒馆战棋种族丰富，毕竟人棋子够多，机制够多，种族还能不止一个。
再来说画风，这个可能每个人喜欢的不同，但应该很少有人会喜欢不和谐的画风，这个游戏棋盘，页面那些，动画那些是偏炫酷的，棋手偏可爱的，本身自走棋玩法又是偏娱乐的（运气成分大），看着玩着就很别扭不和谐。
最后补充一点，这游戏我玩的不算多，因为太垃圾了玩不下去。",2026-09-10 14:03,44,4,www,玩过,,50371700
王者万象棋,2,所以品质的棋子一个价，没有突出点，一件装备三星棋子等级没三件装备五星棋子高，给五星的棋子秒了，没有羁绊没有整容可玩性差，棋手也有强弱之分，孙尚香的棋手一炮给我一百级的吕布秒了没有突出点,2026-09-13 01:33,14,1,哈喽,玩过,,50396822
王者万象棋,1,没有平衡，没有爽感，只有特定角色特定阵容能玩，选了角色基本就是找一个阵容图里面的卡，做什么都是成本，没有博弈只有运赢。金铲铲至少还有娱乐羁绊，月圆之夜还有多流派能玩，两个经济就算烂了一点还能操作一下，这个过渡牌弱，只有特点牌能玩，定完就看牌运，拉中拉,2026-09-12 12:56,13,2,名字无法显示,玩过,,50389228
王者万象棋,5,"玩了20多个小时，这两天日均十个小时，评价一下：与其比较金铲铲和王者万象棋哪个更好，倒不如说金铲铲是正常的顺序思维，而万象棋更像是一款逆向思维的自走棋。由于大量的等级转移机制的存在，以及羁绊是分散化的而不是金铲铲那样的集中制度，以及多种多样、截然不同的棋手加入，导致玩家必须在每一局开启之前就预设好本局要达到的理想最终目标。然后一整局都是为了实现这样的大目标而倒推实施的条件，这显然是不太符合正常人、大众化的思维模式的，这也是它获得了一些差评的基本原因。
万象棋一定是不如金铲铲具有大众思维的，金铲铲只需要搞明白羁绊是什么，然后就一重又一重往上走，最后到九级，学会换阵九五就可以了，是完全的顺序思维。但是两个游戏都挺好玩的，而且长远来看，作为一名金铲铲开服老玩家，而且大学时候还是我们学校铲子电竞社团的社长。我还是更看好万象棋的未来发展一点，毕竟从其音画效的清晰度和质量、市场交易的创新性、对王者IP的深刻联动来看，其野心可以窥见一斑，估计是天美内部为了传承王者荣耀使命、给王者荣耀IP继续续命而立的重点项目。况且，今天的铲子，经过18个赛季的发展，已经略显疲态，可玩性和重复性也让人有所审美疲劳。",2026-10-02 13:27,2,0,洛洛虎,玩过,31.8,50597801
王者万象棋,2,玩法还行，确实有些新颖，主打快节奏自走棋，其它就太恶心了，进去被疯狂教做事，教程卡手，教程完了还有个东西疯狂输出，一直絮絮叨叨，关掉了还有光圈继续输出，怎么了是我看起来很傻吗？本来就快节奏简单模式了，你还来插一手，我玩什么？现在天美所有游戏都是这个毛病。还有就是那个画面，王者荣耀IP用王者荣耀自己经典元素界面很可耻吗？一股子现代城市风，做画面的是做爽了，核心是一点没有提现出来，一把游戏下来全是那些“优美”的画面了实在不行你去做动画呢？做什么游戏。王者荣耀这个IP承担了太多期望，是被某个团体入侵了吗？,2026-09-10 09:48,81,13,金岚ζ,玩过,,50369606
王者万象棋,5,"🌃画面音乐：
鲁班七号加强建议：取消技能持续期间锁定蓝条的机制。
空中支援飞艇轰炸阶段，蓝条依旧可以正常积攒能量，不用等飞艇完全结束才重新回蓝。
保留大招本身的技能消耗，不是无消耗无限开大，只是去掉“锁蓝”这个限制。
 
理由：
 
​
1. 鲁班是靠等级成长的慢成型主C，资源投入极高，但现在只能打一轮爆发，后续断技能，高等级收益被严重卡住；
​
2. 锁蓝机制属于隐性限制，玩家堆回蓝装备、回蓝战术牌全部大打折扣，装备选择自由度很低；
​
3. 改动后依然需要攒蓝才能开大，不会无脑无限轰炸，只是解决“300级只能打一波”的尴尬，提升下限，不会超模。",2026-09-22 12:45,0,0,^^^^^^,玩过,,50481974
王者万象棋,5,"期待加强玉环，玩着又看熟练度又累，又吃运气，忙忙碌碌上场下场结果被嫦娥四小队，李白三分，瑶妹牺牲，阿离伞约当路边一脚踹死了。后期昭君也打不过，明世隐也碰不动，前期遇到瑶妹或者孙尚香也是卖血
画面还是很好的，原创的音乐也很好听，还可以切成王者的音乐。而且也不只是自走棋这一个板块，UI设计，卡牌升级之类的。总体来说，我觉得还是挺好，就是有点看运气吧，玩着放松就行了",2026-09-29 13:40,2,0,鹅鹅鹅鹅,玩过,98.5,50563756
王者万象棋,3,"玩法比较单一，棋手基本决定局内阵容，天赋基本决定局内走势，很多阵容三本四本就定型，基本没法变阵，棋手强度差距也很大。阵容很多但选择太少，一个棋手有强度的阵容就差不多两三个。玩法上这方面跟铲和酒馆都比不了。
福利好，零氪也可以白嫖战令无限续杯和商场直售皮肤，还有个兑换码直接领个免费棋手，周末还全棋手限免。
上手简单。新手棋手强度高，操作简单，ai指导，有各种减分保护和加分奖励，组排上分还共享，上王者基本没啥难度，王者后还能开启第二段位重头打，方便练阵容和组队。
界面干净利落，设置内的个性化内容丰富。

",2026-09-21 08:33,10,2,内内,玩过,,50471770
王者万象棋,1,"未来可期，后续看更新速度吧，
拍卖太难受了，断节奏等半天，让人不爽
血量也是问题，12回合后满血入满三下就死是不是有点离谱了
本来中评，玩了两把我改了，阿离拿个50%等级继承后，开了十几个三级锦囊没有一个遗志
遗志都被策划拿回家用了吗",2026-09-17 22:04,3,0,手机用户37574043,玩过,,50438350
王者万象棋,1,"温馨提示，请把所有的内容看完再来跟我评论和对话，不要有些宠物张口就咬我，那就不好了，看都没看完，那我也没招了呀，我就说一句，不如以前的老版王者自走棋，还咬上来，那就替我消灾了！
这个其实就是打着王者荣耀的IP去做的衍生游戏，我觉得还不如前几年他们自己在王者娱乐模式里面的王者自走棋呢，重新把这个自走棋单拎出来做游戏太烂了，就是那种卡牌版的自走棋，我都感觉不是自走棋纯就是卡牌类型的英雄，上去就完事了。你不如把原版的自走棋搬过来呢
现在就是靠着有些视频直播激励吸引着达人，或者说是游戏内双联动，可以送限时点券，还是有人玩的
但是我讲实在话，我内测我也玩过，我大概玩了一个星期，我其实玩不下去了
后来我就没有再碰过，然后这两天上线，我也一直在玩
我所有的阵容都玩过了，但是大部分官方你自己看吧，全是3分倒转的，或者说拿嫦娥养英雄的，你们自己看看你们上传的阵容
是确实很爽，如果说养起来的话，就是你这么玩，有点创意性行吗？再说了现在登场率最高的，李白，嫦娥，这俩，我现在不知道玩什么，真的，我玩金灿灿都没有这么困啊，以前玩过王者里面的自走棋，我也没那么困
太无聊了，我再讲讲游戏的玩法
你这个玩法我是真不想吐槽，在这个top上面也有一些评论，也有说
就是你这个，我真的全是槽点，除了送点点券之外，真的是没人玩了，或者是一些达人你宣传，因为他们可以拿激励
第一点就是你这个页面做的很劣质啊，就一款小游戏的感觉，这是我第一次进游戏
然后你就设置那些充值系统，这也是腾讯的惯例，咱也不说了
重点说一下，这个游戏里面只能连胜连败，不可能可以连败，没有容错
哪怕说你输了几把，你后面刷不到牌也得死
我说实话，一个游戏只能打连胜，怎么打的了啊？也会输的呀，再说了，你这牌也刷不到啊，有些时候，想刷什么牌？这把不来下把来了，什么意思？
然后把把都是玩那些什么上面说的3分倒转，还有养英雄流的，不主流的这些其他可能还不一定能打得过，而且你这个奖励和每局打的血量还是好像固定的（我看应该是我有点忘）
但是奖励应该是固定的，你说你这东西有什么好玩的呢？连败没有连败的连胜呢？只能打连胜，没有连败，
那你这个等级升级了之后，选择属性卡牌为什么不能每一次都能刷一下呢？只能整把游戏，只能刷一局，那如果不行的话，我是不是只能到等级五才能去刷呢？我说你这做的是什么？
还有一个问题，你们这个主流的是卡牌的游戏，我这个英雄我就先不说了，毕竟可能说像金灿灿那边的英雄之力，就是英雄之力
讲这个英雄的卖牌，这个问题啊
一块钱的英雄买了，他卖一块钱没毛病
我2块钱的英雄买了，他卖一块钱
我5块钱的英雄买了，他还是卖一块钱
我干什么？我来干什么？
我先不说，我可能后期花很多钱去升级这个英雄，可能按照比例给我返还点钱也行啊
后期可能养了个100多级的，最后还是能卖一块钱，你好歹反个一半50点能量也行啊
但有些人要说了，可以把等级转给别人啊
哇靠，我要是想转，我早转了，有些时候哪有这么好运气啊，我只是说这个不合理，希望大家能理解
再然后就是，这个阵容固定的，我是真的受不了了，换牌都换不上去，这个牌一旦选了，要不就是卖了，卖了就亏了
每一把都是同样的阵容，还不能换牌，还不能换角色，你如果想要换，只能把那个牌卖了
我的妈呀，我真受不了了，不能把以前那个老板的回来嘛，咋的，你是想简单化吗？怕有些人玩不懂，那你这是不是有点太简单化了，有点太敷衍了吧？
我最后再说一遍啊，可能有些人会说我可能捧金铲铲还是什么？并没有，我这是全是真实的体验，金灿灿也有不好的地方，也是很公式化，但这个更公式化呀，
这已经是宝宝巴士的感觉了，玩的很难受，我以前的王者，他们那个自走棋也是玩过的，那个多好玩啊，该有的羁绊就有羁绊
我真的只能说到这里，如果后期还有，我还会补！我不知道后期还会不会玩这款游戏了，大家要看到的话就轻喷，如果说有人喜欢玩这款游戏，那我也是十分抱歉了，因为这是我自己的一个感受！",2026-09-17 18:31,26,14,墨墨,玩过,,50436323
王者万象棋,5,万象棋入坑没门槛不说而且上头，我拉了两个没玩过自走棋类游戏的朋友，第一把跟着灵宝走就混到前三，现在每天不打两把浑身都不舒服,2026-09-01 19:16,177,29,许嵩,玩过,,50291505
王者万象棋,5,之前是玩王者和铲子，万象棋出来后前两天我还觉得是和铲一样的凑羁绊类型的[表情_吃瓜][表情_吃瓜]后面偶尔看到直播后发现是酒馆战旗类型的[表情_期待][表情_期待]在taptap玩过一个类似的，不过已经停服了，就不说名字了，还挺可惜的[表情_微笑][表情_微笑]知道万象棋是酒馆战旗类型之后，立马就尝试了，然后在短视频软件看直播，学习阵容，目前喜欢玩瑶瑶牺牲李信，999级很爽[表情_斜眼笑][表情_斜眼笑]嘻嘻，可能我的理解还不够透彻什么的，但是作为一个玩家，感觉万象棋做的还不错，画风也非常舒服，在这里也希望万象棋越来越好[表情_大笑][表情_大笑],2026-09-22 06:16,1,1,✔,玩过,60.9,50479887
王者万象棋,5,挺容易上手的，有很多和金铲铲相似的技能，新手教程做的很详细英雄定位也还算清晰，皮肤是Q版的每个技能都不同。不过不好的点也很多，有些英雄就是很强势安琪拉吕布信比较吃运气，还有新手的卡牌组居然不全要升级解锁，查看英雄的技能和属性要点击多次很麻烦,2026-08-07 02:50,458,26,早上起床为什么,玩过,,49928239
王者万象棋,5,"我是从王者下的，taptap可能没统计到我的游玩时间
纯新手，玩了三天，单排上星耀
本来是为了拿点券才下的，没想到越玩越爽
这个灵宝在王者里面看着挺唐的，但是引导起来确实挺舒服，我之前根本不会玩这种自走棋，金铲铲下载过，玩了几把感觉太复杂就删了，万象棋里面的灵宝真的是手把手教，玩起来非常舒服
里面的英雄跟装备也跟王者有相似之处，玩过王者的很容易上手
最后，常小娥海陆空真的强！",2026-09-13 18:58,8,4,在？,玩过,152.1,50403613
王者万象棋,1,"时间：
1.整体每把30分钟（在没三分刷牌的时候）
2.过场时间长
3.三分刷牌启动太慢了，刷一分半时间到了
卡牌：
1.鬼抽多，挫败感强，靠复制刷到80多次，没一张在阵容里的，10个小时没有一次不扣血过的，关键牌不来就算了，辅助的牌都没有
2.卡牌都是3费，刷新1费
3.没有定向，卡牌种类还多基本上大海捞针
4.每个阵容都有一个关键牌，不出连前期都过不去
5.
局内金币相关：
1.获得少
2.卡牌只能买当前等阶的
3.升阶需要两回合空过
4.单回合也就够买两三张卡
角色：
1.都是60血
2.角色技能存在克制关系
3.没有残血出金银天赋的加成，快死了就是死了
4.升阶天赋也是大海捞针，且局内4次升阶总共才有一次刷新机会
5.局内扣血5～15（特殊情况，如角色全死，被召唤扣2、3血。或者后期被瞬融，技能加成，能到18血）
开局：
1.特邀嘉宾会开局多一个天赋
2.全员开局随机ban一个阵营
3.没有预购某一个阵容的全卡牌，不如模拟战
局外：
1.皮肤价格很贵（抽奖200*6保底）
2.活动耗时给的还蚊子腿
3.嬴政皮肤需要到星耀才能得
4.目前全服王者前9999名才有称号
5.卡牌效果需要局外金币升阶，但是获取量是每局概率5颗，升阶还需要3+5+8+22=38张本卡和千数钻石
………………
整体就是运气游戏，卡牌随机+天赋随机。能量少到每回合只能买2个角色，升阶＝卖两波血，不升阶＝刷不出高阶牌。有的人7回合给的牌就已经确定赢了，有的人7回合场上还只有弈星+孙尚香，自己要玩的任何阵容关键牌都刷不出来。而输几次就死了，只能玩保前期的角色，局内不出卡，用小鹿都得第六。这游戏没有局内运营，全靠运气
………………
定榜了，拿不到牌子了",2026-09-11 07:55,54,4,芙羽,玩过,74.0,50378084
王者万象棋,4,"🌃画面音乐：
棋手设计很萌啊，可爱之。就是没有我本命，期待以后吧。棋盘也漂亮~

🎮可玩性：
上手速度快，即使从没玩过类似游戏也可以很快掌握基本玩法
而且英雄全认识这已经算是降低难度了吧（）
辅助功能不错，AI灵宝会根据棋手和开局给出接下来的建议和选择，可以节省很多时间，效果也可以

其他想到再改",2026-09-10 23:11,1,1,百里守约亲亲我,玩过,14.3,50376286
王者万象棋,5,"我的天，谁能告诉我原来卡牌游戏还能这么好玩[表情_期待]。

🌃画面音乐：
音乐特效做的还可以，而且玩的角色不一样还能跟其他的玩家互动一下

🎮可玩性：
喜欢玩王者荣耀的我，是真的爱玩但是特别菜，但是王者万象棋是真的一点都不吃操作，玩起来感觉没有什么操作压力，特别适合我这种。
每个英雄的卡牌都有介绍，个人感觉很清晰明了，没玩几场就感觉上手了，都不需要看什么游戏介绍，个人感觉简单易上手，不吃操作",2026-09-14 22:32,0,2,星星,玩过,,50412605
王者万象棋,2,"第一次评价，不玩王者，二游玩家，自走棋类玩家，玩过月圆之夜镜中对决，阴阳师的百鬼棋局，百闻棋的自走棋，弈仙牌，平安京的自走棋，绝区零自走棋活动，云顶之弈玩过一点儿，还有一些类自走棋游戏。我只能说中规中矩，不出彩。
画风是好的，个人觉得还不错，UI比较干净（这点很好），其他没什么特点不评价。
可能是刚开服的原因，派系比较少，卡牌不多，卡牌效果也不多。
同为自走棋的月圆之夜镜中对决，虽然是卡牌自走棋和万象棋并不太一样，但是拿来类比一下。他的派系也不多，只有6个，但是玩法多，并且派系之间还能相互打配合，并不会强绑定，怎么都能玩出花。感觉万象棋还是太死板了，目前没看到让我眼前一亮的阵容。
相比比较相似的阴阳师百鬼棋局，百鬼棋局主要就是流派多，一个式神会属于至少两个流派，加成buff也相对来说多一点。云顶之弈也是一样。
百闻牌自走棋和弈仙牌都不是同类别的就不对比了。
还有个人觉得香香棋手太强了，有点失去游戏平衡了，基本上每个回合都能狙死至少两个角色。
还有就是个人觉得一局对战的人数稍微有点少，我玩过的基本都是八人，不太知道万象棋的定位是什么，如果是那种休闲类的，轻松点儿的觉得6人是可以的。
比我玩过的大部分自走棋都要轻松很多，基本20分钟就结束一局，目前打到黄金四，已经开始有点儿无聊了，可能会考虑当成休闲时候来一把的游戏。",2026-09-11 20:33,1,1,°窺月,玩过,,50383317
王者万象棋,5,真心觉得这个游戏不错，我不是托，内测也没有玩过，这也是这个游戏的大问题，就是看宣传会让人感觉好多东西要学，好复杂，然后望而却步。其实新手引导做的很好，还有ai指导你做选择，上手玩三局就知道个大概了，我觉得在自走棋手游里，这游戏的画面，特效和爽感绝对是第一梯队的吧，不知道为什么还有人喷建模的。。。鸡蛋里挑骨头吗？至于平衡性，内测的时候一直听人说做的不好，开服五天，前三的阵容几乎天天在变，我觉得作为一个刚开服的游戏来说，很难得了，真心是个好游戏，对于不喜欢lol角色的人来说，这是市面上最好的自走棋手游了，不要怕复杂，上手非常容易的，只要你敢于尝试，没准就会上瘾了,2026-09-14 18:46,4,3,windvigoss,玩过,,50410967
王者万象棋,5,不错，还是腾讯出的，我给满分。完了几个小时，这游戏抄了炉石传说战棋，金铲铲，月圆之夜，符文之地，奕剑仙，还有自己的东西，感觉还是挺有深度的，玩的时间少不知道融合这么多东西设计有没有问题，缺点的话跟手机玩炉石战棋一样操作不过来。这游戏我不在乎抄不抄袭，能抄这么多还能融合好我只能说设计师你牛逼，平衡也很难啊，期待后续设计师的发挥。总之能做这种尝试我就给满分。,2026-09-11 01:07,1,3,手机用户64502698,玩过,120.8,50377184
王者万象棋,4,"攻敌3分，自留7分，就如同官方一样，这是我给官方的话，要我说实话的，就是现在的自走棋有很多，不一定王者万象棋就是一定的新鲜新玩法，要想做好，甚至做到“人无完人，完美犯罪""就比如自走棋热门的金铲铲，在同样是基础自走棋玩法的领域里，能做出比金铲铲更多式多样更与众不同更乐趣的新玩法才能吸引广大观众的眼球，让他们从王者荣耀和金铲铲的世界里把眼球投入到你们这边来，举个例子，比如可以给一些人物角色 增加一些休闲除了打职业比赛之外的一些活动剧情，不要太过于保守觉得这是一款自走棋就按自走棋的方式来，要大胆奇幻，觉得怎样才能给玩家带来自走棋视觉上的震撼盛宴和玩法，让玩家们玩了一局还想玩不停的玩，还有就是可以稍微开放一点，把除了打比赛之外的一些地区，玩法，活动，都开出来，让我们有更多的体验。
下面就是我个人的看法，难道官方你不觉得主页面就感觉太单一了吗，虽然不是说要搞的多大多华丽怎么样怎么样，但至少界面不应该这样，不然感觉像在打单机游戏，金铲铲的主页界面至少还有一点360度周围旋转的特效界面，所以我也不说别的，就这样吧，这只是我个人的观点（欢迎批评讨论）更多的见解还在开发
最后的最后至于我为什么不给五星，是因为把五颗星比为100分，满分100分只给90分，剩下的十分是希望官方你们即便是在逆风逆境的情况下，在遭受很多人的吐槽的情况下，能够以玩家的角度着想，不放弃继续找出这款游戏所隐藏潜在的问题并且越做越好，最后走上最佳自走棋手游的巅峰，不骄傲不自满不自大不得了便宜卖乖，因为人只有经历过真正的挫折磨难以后才会找到自己所开发的游戏的真正的问题所在，希望你们继续做得越来越好。不过都是腾讯的游戏了，还能不做好？
🎮可玩性：
🔖运营服务：没有图
✍🏻建议：无",2026-09-11 22:30,2,1,꧁一世倾城TJ星梦ZGDX꧂,玩过,43.7,50384463
王者万象棋,5,"没怎么接触过自走棋，那作为一个新手，写个评价好了

1.入坑前看到喷画面的，其实入坑后还好，我感觉画质质感很强。

2.背景音乐气氛烘的还行，越玩越上头，有种参赛的感觉。

3.上手很快，各类攻略、教程、自定义官方都有且非常详细，看得出来官方真的不想让门槛拦住人。再配合 详细解答的视频很容易上手各类体系。

4.福利不咋地，送夺宝次数，这个仁者见仁吧

5.然后最大的问题是这个游戏棋手太重要了，导致于棋手才是体系核心，你拿什么棋手，大概就能估一下他玩什么体系，然后卡牌，想转体系很难。也可能我菜，没看过高端局玩法。

ai 很好，成就点有什么用吗？

对了口令可以换棋手和无敌是多么寂寞的语音包。",2026-09-14 08:24,2,1,胖橘中郎将,玩过,81.2,50407300
王者万象棋,4,王者万象棋作为王者自走棋玩法，玩法创新度很高，各个阵营流派设计很有特色。大河流域图腾流、日落海整备流体系差异明显，每局运营博弈感很强。AI复盘功能很实用，可以帮玩家分析对局得失。部分阵容强度差距需要平衡，后期对局时间偏长，整体可玩性不错，喜欢自走棋的可以尝试。,2026-09-12 13:04,1,1,王潇,玩过,17.2,50389311
王者万象棋,5,"好玩的，可玩性有，还是很推荐喜欢王者的玩家来玩。
平衡性和画面比我想象中的要好，美工还可以，比王者好看，弹窗也没王者本体那么土了。
希望后续赛季可以多加阵容牌组和关键词，希望后续能看到不同牌的小羁绊。
防止被说是农孝子，说两点不太好的地方：过场动画时间太久，备战时间经常点到周围的东西，希望战斗内UI可以简化一点。另一个就是阵容初期栏位真的太少了！增加栏位的东西又要三个才能解锁，完全不够用！哪怕用钻石解锁也行呢。",2026-09-11 15:01,1,2,五叶柳,玩过,156.9,50380677
王者万象棋,5,"有幸参加过测试，终于正式开服了，感觉优化得比较好的有2处，1个是开局新手教程能跳过一部分了，但是还不能完全跳过，建议选了高手直接就跳到解锁河洛比较好。第2个就是卡池关注从1个变3个了，对新手老手都比较实用。

还有个缺点就是倒计时5秒提醒时间太短，建议改为10秒提醒。",2026-09-11 22:47,3,2,用力活着,玩过,,50384637
王者万象棋,4,"还可以，可惜容易刷不到牌
白哥三分倒转概率刚进后期就被打死也容易被卡牌
嬴政没彻底发育起来遇见马瑶容易被溜的打不到
你甚至可以看到我死时嬴政才五十多级，因为前面一直没刷出来，直到最后几回合才刷到
打艾琳后期狂刷没出艾琳，还连着两次打艾琳没刷出寒霜（其实是手快点错基础装备了）
诸葛无限连是个不错玩法 可惜对面转起来了等级太高我打不动（主要后面才把诸葛刷出来等级不是很高）
不过去掉上面那些缺点
那么你将玩到
白哥三分倒转人均几百级全员大怪，一路暴力平推，手指根本忙不过来。
以及绕着地图遛狗的艾琳大人，
和那逮不到的马瑶。
还有那疯狂开导的诸葛亮，
以及我们的雷霆战机大人！
总之，这游戏需要些学习成本，会玩之后还算不错。
芜，我的雷霆战机大人，你为什么才59级
画质可以，期待平衡优化与更多阵容和玩法",2026-09-11 19:55,2,2,Sotot,玩过,,50382996
王者万象棋,4,"这是我第一次写游戏评价，打分的话我打个75分吧。我个人还是对王者万象棋抱有期待的，毕竟新手指引对没接触过自走棋的萌新很友好，内容也不复杂，印象分拉满，相较那些让新人玩的一头雾水的游戏，还是很值得推荐的。
关于自走棋方面，我之前只玩过cfm的悠悠牌，站在我这样的普通玩家角度来看，如果想入坑自走棋的话，万象棋真不失为入坑之作:门槛极低，玩法很简单也好理解，而且真是手把手教你怎么玩。
相对的，万象棋玩法套路很单一，阵容也少，玩的时候也不刺激甚至无聊，玩完之后也并没有什么满足感，不知道输赢的意义在哪里，正反馈相当一般。（起码悠悠牌刚上线的时候，我还有动力上个传奇牌仙，毕竟玩法还是很多很有趣的，平不平衡另说，希望万象棋也能多点花样但又不影响平衡。）另外还有一点需要诟病的就是感觉不是我在玩而是灵宝在玩，自己只是负责点点手指的。我想大多数人应该都很抗拒被指挥玩游戏，即使我自己的玩法不是最优解，那至少也是我自己在玩。
总之还是希望官方好好优化玩法，增加游戏体验感。希望未来可期吧。",2026-09-11 23:59,2,3,西梁国君,玩过,52.2,50385270
王者万象棋,5,给差评的总是跟金铲铲对比。这明显不是一个玩法的游戏，这游戏底层逻辑是酒馆战棋+自走棋小人对战。补充了酒馆战棋只能卡片互撞的遗憾，战斗表现很棒，爽感十足。而且卡组真是百花齐放，目前除了新手最快接触的三分倒转，大河团战、牺牲李信、海陆空等等，还有各种小众卡组，什么班叔奶瓶、养猪、999海月等等，全靠游戏理解。新卡组层出不穷，开发性很强。这类游戏玩法可比金铲铲和刀塔自走棋更加有趣。,2026-09-16 15:00,1,1,云也退,玩过,54.0,50424944
王者万象棋,5,吕布是开服的神，三分之地配上李白，高段位换成明先生，直接无敌，李白低段位可以靠大招配合秘技最低可以获得8张指定英雄手牌，高段位明先生逆风（低血量）可以靠秘技1配合大招1免费刷新商店4次持续3回合找到需要的牌完成逆风，顺风（高血量）可以靠秘技2配合大招2快速获得能量加快角色升级很快人一步,2026-09-10 13:43,5,4,好烦好烦吃,玩过,16.7,50371508
王者万象棋,5,"主要pc玩的，主要抄的炉石酒馆战旗，战斗是云顶之奕，个人是比较喜欢这种的，所以挺喜欢的。
优化很好，酒馆战旗玩家馋哭了属于是。
画面比较满意。
双端互通比云顶强。
休闲玩家随便玩玩没压力，玩的多可以升级一下卡面也算是有视觉提升。
个人还是很推荐的，唯一的隐患就是这是tx的王者ip，就不知道后面怎么样了。
单论游戏目前挺满意的。",2026-09-12 15:46,1,1,灵遥思兮,玩过,41.9,50391076
王者万象棋,4,差评不少，但我觉得还不错，阵容没有羁绊加成，但同阵容的卡牌技能相互有影响，甚至不同阵容的也可以相互影响，组合多样性来说倒是也不错，棋手各自有技能也可以适配一些阵容达到不同的效果，整体完成度还算不错了。加了AI阵容推荐选牌，装备合成简单粗暴，上手难度也不大。金铲铲我很久不玩现在捡回来看都看不懂了，这个倒是能玩。,2026-09-15 22:51,2,1,Aaron,玩过,158.8,50420350
王者万象棋,4,"1.画质特效确实惊艳，棋手的形象这头也太大了，而且嫦娥是玉足，为啥大乔要穿鞋[表情_生气]
2.玩法是酒馆，靠卡牌的联动。没有酒馆的深度，偏向简单，叠棋子的等级。
3.这个组排确实好，只要有一人吃鸡，全体飞升，虽然我感觉不是好的机制，但是爽啊，可以躺赢[表情_开心]
4.内容太少，而且还把内容给切割，必须去打排位，虽然没有不打理由。
总上从画面特效来看不愧是2026年的游戏，但从玩法和内容看，不是很惊艳，不过也不是没有游戏性。整体上看确实可以值得一试，我还是比较推荐，而且还可以拿到六个q币。",2026-09-14 17:42,2,1,小祖,玩过,18.7,50410571
王者万象棋,4,"叠甲:以下评价均为完全个人感觉和主观意见

说实话，我是为了六个q币来的行，但是玩了一下感觉还是不错的，这几天一直在玩，
断断续续玩到现在段位也刚上星耀
感觉没有我刷到的那些视频喷的那么差劲，还是挺好玩的

总的来说我个人感觉还挺好玩的，我是之前被同学推荐玩金铲铲感觉有点难上手，可能炉石玩多了比较喜欢酒馆的那种卡牌配合的玩法

留下来的最大原因的话，要说两个可能就是易上手，还有特效很丝滑，真的很爽，这个大家玩过应该都感觉得到，特别是英雄升阶段，40级100级的时候，部分英雄还有特殊变神动画，

总的来说十分满分的话我给7.8分吧，还是比较符合我个人胃口的一个游戏
",2026-09-13 16:26,2,1,彩虹人,玩过,,50402292
王者万象棋,3,"为撒子来评论，是因为一局越五百级稳稳拿下的一局。
怎么赢的。一直连胜的香香，一炮暴击一两千把杂兵清完，然后两炮打掉321级的猴子，很难崩。
在一年多宣传的时间里，个人没有关注过这款游戏，有一种说法是替掉金铲铲，包括但不限于炉石酒馆战旗。现在看，显然驴唇不对马嘴。
结果就是做一个恢宏、更大的ip产品而已，标个8+都没问题，在乐趣方面跟放置类游戏是一个水平线的。肯定有人会觉得有意思。
个人的看法是一局游戏里的养成是可以多种多样的。实在是很难get到无脑捡捡捡，一张即全队的玩法，升本随机到厉害的技能也只叫个人觉得平衡没做好。
但是它简单，可能受众会更广，大概吧。
三星，不好不坏。",2026-09-10 23:06,1,0,以往,玩过,,50376237
王者万象棋,4,"优点：
1：合成击败音效爽感强
2：音乐给的轻松的氛围感
3：目前比较上头玩到41级了
4：灵宝指引降低前期上手门槛
5：不占内存长时间后台保
缺点：
1：领取成就没奖励就算了还卡顿；
2：局内长按装备能不能看加个成长途径，不然有时候买的也不知道强化方向不利好新人；
3：英雄技能强化描述比较边缘化，一把都不一定点一次；
4；一堆问题小毛病没有解决，像个半成品一样
5：棋手局内移动太便秘了
6：阵容预制在局内太垃圾了吧
7：棋手平衡个人感觉不咋地，可能是因为钻石获取量太低，又或者是有的棋手相对来说比较吃学习成本，所以也就那几个换来换去的（昭君好弱能加强吗，纯花瓶说是，使用场景太局限了玩大河我为什么不玩明先生）",2026-09-11 23:22,3,1,KEEPING,玩过,,50384956
王者万象棋,3,"优点：1、对局时间短，如果不遇到拖思考时间的，一局差不多10分钟左右。
2、游戏模式新颖，与市面上的自走棋模式有很大区别。
3、UI简洁，画风萌趣。
缺点：1、思考时间太长。我不知道是有人机还是怎么回事，上了白银以后每局总有一两个人非要等思考时间只剩个2-3秒才点准备。建议思考时间减半。
2、装备系统。每次只发一件装备，如果不是主C装备，那这把大概率得输。建议改成三选一模式。
3、棋手。棋手和阵容绑定，我不知道是为了以后好卖氪金棋手还是为了创新。在这种情况下，如果出现同样的棋手是不是意味着这局玩的阵容一样，如果对手比我欧，那我是不是想变阵都麻烦，变了以后是不是意味着这局的棋手技能就是个摆设？建议把这个棋手技能删了吧。",2026-09-10 19:07,2,0,蜻蜓队长,玩过,0.0,50374123
王者万象棋,3,"刚上铂金，说说优点
界面简洁干净，没有复杂的小红点影响心情。抽卡不会担心被对手卡死自由度比较高，有ai推荐可以轻松打牌，装备可以随意拖动给其他英雄很方便。

缺点就是棋手设计比较丑，庄小鱼的设计看着我都不想用，这种3d娃娃有点过时了，像豆包，棋手语音也挺ai的。
AI的功能辅助休闲打还行，有时候很蠢让你买卡买了又让你卖掉白白浪费资源，新手看着云里雾里的，高手可以放弃这个功能",2026-09-11 19:39,2,1,白醉山,玩过,,50382862
王者万象棋,2,"可玩性：你自己当单机玩玩对决一下低端局可以。高端局情况下别太多想，没什么操作性可言，没有博弈可言，拍卖玩法也是形同虚设。
操作：数值游戏，卡片只要按照套路来，刷登记看运气和手速快就行.
画面：设计方面可以的 起码应该有的都算过的去，但你需要更好看就充钱哈，不需要的可以忽视。
游戏是否能玩，可以的只要当休闲来玩，别但实际上手来说，如果玩过月圆之夜卡片的情况下大家都知道等级怎么刷出来，只要卡片循环刷货出货堆数值就行，其实都是换汤不换药的做法。比起王者有操作的，这个更加需要操作哈手速必须快，手残党可以直接放弃了。
",2026-09-14 08:12,1,1,六窍,玩过,,50407245
王者万象棋,5,"玩了几个小时王者万象棋，属实有点上头！
最大亮点就是英雄升级觉醒机制，不用苦苦追三星，养起来之后英雄大招越放越猛，3D战斗演出看着很过瘾，视觉体验很棒。
新手友好度拉满，有灵宝提示，就算是自走棋小白也能快速入门，不用死背一堆羁绊。
缺点就是，有时候商店疯狂刷不到关键牌，体验会很憋屈，高分对局套路比较固定，很多有意思的冷门阵容很难上场。
休闲玩很合适，摸鱼开一把很解压，希望后续多优化平衡，丰富更多玩法！",2026-09-10 20:27,1,3,壞 、,玩过,5.9,50374733
王者万象棋,4,"不喜欢这种画风，跳过不评价。
常规自走棋玩法，没什么上手难度，叠叠乐加找key卡。升级加三合一玩法相比其他竞品有点新意但不多，因为升到100之后拉其他不到100的卡收益更大，本质就是多了个养成路径。
拍卖设计不错，有点意思，落后还能想办法多吃点低保
套路就那几种，玩几把就容易腻。
藤子的游戏，不太用担心暴毙关服的问题。
总结就是喜欢IP的和自走棋爱好者可以试试",2026-09-10 20:08,0,2,华莱士点海森堡,玩过,,50374574
王者万象棋,4,"初步玩下来还是蛮好玩的，新玩家别去看所谓的评价，那都是各抒己见，你要玩下来你才知道怎么个玩法，对了，如果没玩过这类型的我推荐你去玩月圆之夜。
虽然在a游戏提及b游戏是很不道德的，但是玩法上你可以从a游戏里得到一些启示。这个游戏给我的感觉像云顶和月圆的缝合。玩法上采取了月圆的套路，多金币买入一金币卖出，目前玩下来唯一的区别就是月圆的装备跟英雄是在一个卡池里，直接在商店就能买到，没有所谓的升级buff，全靠卡牌的技能叠加buff
然后玩了几把，一把三分天下，那个可玩性还行，后面玩的都是那个河流还是河域的那套成长流，这一点玩起来像月圆的绽放成长流，都是看名字也知道都是成长型的，只不过月圆是成长血量和攻击量，这个游戏是成长等级，换句话来说也算成长血量和攻击吧
这只是我初步玩下来的体验，不给满分终究还是受到一些人评论影响，我个人还是比较喜欢玩成长流的，月圆里面机械，星裔以及自然都是我爱的[表情_开心]我没录自然成长的，下面是我之前玩月圆的时候第一张是星裔多阵容成长，第二张是机械附着（从某种意义看也算成长）",2026-09-10 13:10,2,1,666,玩过,85.3,50371267
王者万象棋,4,"玩了一晚上。
我对这个画风很满意，感觉有ai痕迹，但是目前做工精致。包括界面啊，整体联动性。
我个人比较喜欢简洁精致的画风。这个好评。
但玩一定等级出来后，选项就多了，有些乱但是整体还是美观的。
玩法上，玩了几局白歌，手忙脚乱。感觉自己有在操作，但具体又没操作到哪去。
对于我新手来讲，多半也就把一个练的懵懂，别的词条我连看都觉得是在浪费精力。
角色小人很q，这应该也算是特色了，皮肤好看。但付费的特效有些花哨，不是很对口味。过场动画要好多秒，我觉得点开看是在惩罚自己。它不像王者，进去之前皮肤动画无论多久，心里想的都是对面的阵容。
就几秒钟，简洁些，我甚至都觉得白歌那个睡衣伴生皮都比抽奖的美观。我如果要玩的下去我也一定会买睡衣。
玩法方面还没触及到那么多。不管碰没碰的到真人。给我能玩出有在操作的感觉，能玩出爽感。
这个游戏，我可能会在过年跟朋友同龄亲戚分享尝尝鲜。
把画风和界面以及战斗做到精致简洁，做到极致。我相信会有很多人喜欢玩的。
玩过好多游戏，现在感觉精力都没了。岁数到了，也找了班上。
市面上的游戏基本上都玩过了。大世界探索，又或是cfm类竞技等等。
一款好游戏的精髓，有精致简洁的画风，要有内容，有玩法。
我喜欢那种有内容，但走的每一步都刚刚好，后面也许有很多内容，但不影响我现在的内容。也不会让我为后面感到焦虑和累。（这点批评一款拉电线的基建游戏）
一眼望到头的游戏感觉无趣，内容太多会思考后面如何进行。
扯远了，这游戏有特色。可玩。目前感觉挺精美的。
还有一定的社交属性，迈进门槛很容易。再往前继续，就要思考许多了。
最后，别像世界那样了。顶这么大IP。活下去吧
",2026-09-13 06:34,3,2,wy,玩过,,50397553
王者万象棋,5,"作为老自走棋玩家，原本以为王者万象棋只是旧模拟战的换皮，实际玩下来能看到大量全新的设计。
取消传统吃利息存钱，改成出牌升级的机制，摆脱了老自走棋必须囤钱的固化思路，王者英雄的技能还原度很高，特效观感在线，新手入门门槛相比同类游戏更低，碎片化时间也能打一局。
但目前版本依旧存在不少问题：部分阵容强度差距过大，强势阵容胜率碾压，很多冷门体系很难上分；刷牌概率体感不稳定，经常牌库还有大量目标棋子，大量消耗资源却始终抽不到关键牌。新手教程流程偏长，容易劝退一部分想快速上手的玩家。
总的来说是很有潜力的IP自走棋，创新值得肯定，但平衡性还有很大优化空间。希望官方继续调整阵容强度，缩小版本答案和冷门阵容之间的差距，让更多套路都有上场博弈的机会。
",2026-09-17 10:18,0,1,浪夜,玩过,,50431073
王者万象棋,5,上王者了评论一下，炉石酒馆战棋类玩法真不多，这个做的很好了，每个骑手都有不同的玩法，阵容转变很灵活，刷牌流派核心卡来的快，养核心玩法核心牌强度高升级快机制多，棋子999级也不是梦，每一局都有不同的情况，同一阵容也能每局玩的都不一样，非常有意思，比云顶金铲铲这种易上手但玩法固化平衡难做的下棋有趣很多，因为最后都是往不平衡上去养棋子的，养的好了一个不厉害的棋子也能一打多，一刷二养三炸场确实爽！,2026-09-18 10:07,1,1,秋,玩过,39.6,50441773
王者万象棋,4,"挺好玩的，比金铲铲上手简单，同时也有一定的多样性。
玩了一天，嫦小娥、白歌、香香都玩了，最后还是觉得姜导最适合新手玩，随便绑个成长型的主角，资源给主角就完事了，吃鸡都问题不大，比如百里玄策，有一局河洛被禁了，我选个孙膑当主角也吃鸡了。
就我现在来说，相对于“御三家”，姜导更稳定，更快成型，不吃固定阵容，过渡平滑，不像别的前期起不来，后期凑不到。
最后，什么时候跟王者一样能自带直播啊？",2026-09-13 04:55,3,1,骨头君,玩过,,50397404
王者万象棋,3,"     玩了一个早上万象棋，能感觉出来金铲铲的区别。金铲铲可以在局内根据形势调整阵容，更看重羁绊组合和装备搭配，但是万象棋由于有超高等级上限等因素的影响，在中后期调整阵容很难和别人的高等级阵容较量，本人尝试了一把差点老八出局，在局内最好不要轻易变阵。

    阵容方面想要简单点玩就选择推荐的那三个阵容，玩了一下感觉强度最高的还是敖隐的那套，敖隐阵容效果就是可以让敖隐像羊刀一样叠攻击力和攻击速度，只要把敖隐周围围一圈人不让别人切到他就可以。万象棋的AI提示做的很好，基本上他提示什么跟着点没太大问题，有相同的牌就拿，没有的话就准备。
棋士方面选择最推荐选择香香。前期我玩了一下感觉还是白歌好玩，可以一直刷牌。直到有一把对面香香拿着巴雷特一枪狙掉了我的后排，我才发现跟铲铲不一样，小小英雄居然能在场外开枪。香香升级方向全选择狙击枪方向和加伤害的，不需要额外子弹装配伤害就非常爆炸，几乎可以充当后期的主C。

     总的来说，玩起来除了动画还算不错，玩法和内容上相较于铲铲还是差距很大。能感觉王者想融入点自己的东西，但是玩家玩起来感觉还是太单一无聊，不知道后续会不会调整。",2026-09-10 19:21,5,0,楼满风,玩过,,50374218
王者万象棋,4,"玩了快一周，说句实话：它和金铲铲相似但不相同，无论是去除了3合1升星，还是增加了等级机制，都是自己的特色玩法。
玩法上好的点在于，不用算利息卡50块，可以几乎无限培养自己喜欢的英雄，例如诸葛亮养到百级分裂大招，百级牺牲李信死后魔化乱杀，那种“本命变大哥”的感觉，金铲铲给不了。另外棋手也不是摆设，香香可以亲自打伤害、瑶瑶可以上鹿当前排，还有其他各种机制卡。
不好的点的话，一局消耗时间长，基本要半小时。另外目前的阵容不够多样，基本就是三分倒转、牺牲李信、大河敖隐等等公式化套路，许多英雄基本用不到。有时候还很吃牌运，要是经营半天刷不到c位牌，这把基本得gg。
总结：玩法不错，值得一试。但要求闲暇时间较多，不然一天开不了几把，另外目前还有王者的ip引流提供奖励，估计这段时间玩的人也会比较多，过段时间就会热度下降许多[表情_吃瓜]",2026-09-14 23:52,4,2,小逆苍,玩过,82.5,50413227
王者万象棋,4,"贴个王者截图避免被喷云玩家，开服奠基者我也拿到了，虽然排名有点靠后。这截图是前两天刚上王者截的目前千分左右，各种阵容都玩过也不是绝活，而且大部分情况都没用那些主播推荐的阵容都是自己摸索的一些变种
很多打低分就是带着金铲铲自走棋的有色眼镜来看这款游戏，但是我实际打下来给我的感觉更像杀戮尖塔类的游戏，不是说你找一堆同阵营的堆上去你就赢了。这游戏没有什么羁绊啥的，你把一个英雄开到觉醒照样用处不大，不要看他的费用，看卡牌之间的效果与联动，以及各个阵容之间的克制区别，这才是万象棋之间真正的博弈点。
还有说不同英雄强度不一样的，那你怎么不一直玩🦌嫦娥一路打到世界第一去呢？因为特邀的原因李白嫦娥小鹿嬴政弈星孙膑妲己班叔镜李华这些我全都玩过，甚至到了高端局我都还能为了特邀效果去全随机一些没玩过的英雄玩，就是因为本质上各个英雄的强度没有太大的差距，只不过在于你会不会运营，能不能掌握住每个英雄的强势期。
但是目前还是感觉有点单薄，主流阵容还是嬴政日落海苏烈嫦娥和牺牲李信那几套，偶尔能看见养猪流和炸盾廉颇，图腾刘邦那些，感觉开发也很难开放出别的新东西，感觉这样的玩法玩到后面还是有点僵硬死板的，一眼望得到头的那种
",2026-09-15 14:54,4,2,阿鲲云游八荒,玩过,71.7,50416785
王者万象棋,3,"刚下完了10局左右，算上刚开始的人机局，已经感受到ELO机制的存在了。因为前几句人机局连胜，然后打匹配熟悉卡池结果直接开始来大运了。（因为自己退出时候这个90多级王者血量第三，但平均战斗力已经碾压第一很多了）然后再开第二把就是10回合拿到不到四个蔡文姬，也是美美第四。
尤其匹配进去基本每把连退1-3人，然后看还有空城挂机的，基本连胜几把会吃倒霉蛋效果，整体游玩体验还是有的，感觉融合的比较不错，就算玩过炉石，月圆，金铲铲还是能找到他的不同之处。但是对新手来说能体验的英雄太少了，买一个最少好像要6000多？剩下1w多，这是十把先下来除了基础英雄就是送的一个瑶了，感觉肝度也挺高。又因为缺英雄好多阵容体验不到，有点陷入死循环了。
不满意1️⃣就是新手无法体验很多英雄，阵容需要肝。2️⃣另一个就是ELO机制存在，而且我觉得新游戏不至于匹配池少到几级匹配到90多级有点影响体验。3️⃣感觉阵容可以看视频学，剩下就是纯运气看谁叠的高了，没有说那种金铲铲追到三星五费的爽感，也没有隔壁炉石战棋拿到关键牌一回合直接反战战局。也没有找到月圆无限刷的爽度。另一个就是每把战备区时间感觉不一样，有时候很慢有时候很快，是因为另一方准备的原因么？
游戏属于未来可期，喜欢战棋的可以尝试",2026-09-14 13:43,1,0,李世清,玩过,,50409029
王者万象棋,4,"卡牌游戏这个类别之前接触过啊斯特赖亚挺好玩的但没怎么深入玩，杀戮尖塔和怪物火车都没玩多久就弃坑了，水课全是金铲铲的我一点兴趣都没有，万象棋一开只是想着做个任务，抱着试一试的心态看了攻略玩的牺牲李信一开始可能人机比较多吧真是给我玩爽了，后面钻石死都上不去，深入了解后才知道有这么多流派，山鬼流召唤流养猪流三分倒转逐鹿战术混沌裂隙赵云龙胆耀李白闹闹日落海能量改造马克养猪镜养猪乔汐司空震雷霆战机……
很多阵容都是可以变阵的拿到什么玩什么，玩下来才发现还是真特么好玩，我从小就对射击对抗类游戏不感兴趣，王者荣耀也玩了十几年了越玩越没劲了没有上过荣耀不过我肯肝的话应该是能上的不过太累了，单排全是人机没人说话，混进五排车队有些几十上百星的局感觉也就那样，队友菜的话对面也菜的一批嘲讽对面也没人回难不成五排也有人机，对抗累了来玩玩这种有点深度的游戏也挺舒服的",2026-09-18 19:40,0,2,抑心无情,玩过,71.6,50446335
王者万象棋,3,"自走棋几乎零基础，只玩过王者荣耀内部的自走棋小游戏
这个游戏农玩家上手非常快，对原来的农玩家来说简直是入口即化，局内甚至还有一个有时候不太靠谱的灵宝来教你
画面很多时候也不错，界面设计和英雄技能特别是觉醒和连续击杀做的很有意思。
但是人物形象实在是不敢恭维，看久了倒是有点顺眼，但是当初乍一看看上去实在是比起王者荣耀的原英雄智商骤减不少
不知道是不是血脉基因觉醒了，看板郎变成了本国人李白，没有再去选亚瑟等，但是又改了一波古人名字。虽然说问题不大。玩的时候觉得很意料外又意料内的一点就是梦奇虽然也是虚构人物，但是却改了名字，是不是怕逃不出那个名字。。。
但是总体来说感觉这个自走棋的玩法没有农上瘾，所以还是拿了皮肤就卸载吧。。。",2026-09-17 23:10,0,0,好游戏你在哪,玩过,,50439080
王者万象棋,4,"     此前没听过这游戏，好多年之前在王者端玩过自走棋，我以为又是对自走棋无聊的照搬，但是打开游戏游玩之后挺惊喜的，简单说下就是它融合了炉石酒馆和自走棋的优点，虽说有借鉴但也算是非常成功的走出了自己的路，可以称作“创新”，棋手技能也是非常敢做，感觉把自走棋玩出了花，比如可以用枪直接攻击棋子的香香，召唤两个萌物小鹿的瑶妹等等……具体就不说了，还有些非常变态的天赋拿到等于吃分爽局，不过是小概率事件，需要自己一一体验，我觉得如果对此类玩法感兴趣，比如自走棋和酒馆战棋的都可以游玩下这游戏一下，绝对不亏
     其次游戏画风也挺有趣和现代的，相当于把王者的那些个英雄同时也是中国历史或者神话中的人物，放到现代都市给他们建模，改名字，配上符合身份的技能，很有意思，棋子技能特效也非常酷炫，ACE时刻的播报特效，5星棋子的技能特效甚至能覆盖整个棋盘，还有专属动画，甚至改变视角，我能给到夯
     最后为什么我给4星呢，因为炉石酒馆和自走棋该有的缺点它都有哇，棋手强度，天赋强度的不平衡，还有运气不好刷不出牌的运气问题……有时候真的挺影响游戏体验，然后腾讯运营的游戏，懂得都懂，每个人观点不一，我自己觉得因为这些问题扣一星没毛病哈，最后附上我8天上王者的一波9连胜证的截图明实力和游戏体验深度[表情_斜眼笑]",2026-09-17 21:53,2,0,男儿有泪必须弹,玩过,146.2,50438240
王者万象棋,4,"还可以
自走棋萌新 玩得最多的是粥的卫戍协议。
怎么说呢。。还是大厂一贯的堆料。至少ui和美术都很可以，很都市很潮流。
再加上一些王者的情怀吧...王世界太大了懒得玩 甚至懒得下。玩个自走棋倒是刚好。
平衡我不好说，刚上手打到星曜。感觉有点烂，瑶牺牲李信真的不是人类了。比海陆空运营和道中都要稳得多。
怎么说呢，还是有点意思的。喜欢玩自走棋或者喜欢王者ip的可以入手试试。感觉比王世界有意思。还得是玩法好玩...自走棋这种被市场证明过的玩法，加上王者的美术堆料，整体感官还是偏上的。

附一把嫦娥狗运海陆空，爽到了",2026-09-19 15:12,1,0,婪,玩过,,50454650
王者万象棋,4,"好玩 上头，从来玩不进下棋模式的我每天都玩停不下来。还跟小伙伴开黑玩。
就是基本上分全在看网上主流那几个英雄，打久了模式化有点无趣。应该多点英雄平衡给更多人研究的机会。
然后就是UI很难受，一点也不清爽，乱七八糟的，主页的活动界面都看不利索，商城排版也是乱七八糟
卡牌皮肤价格好高，卡牌皮肤全部解锁要600+（虽然可以游戏里攒东西钻石拍卖，但是需要猛猛肝，对直氪党不友好）
总体可玩性高，希望后期好好运营和英雄棋手的强度平衡",2026-09-17 23:29,0,3,User9682517,玩过,,50439265
王者万象棋,4,"前百闻牌玩家，这游戏对泛用户的吸引力还是挺足的，上手门槛还是挺低，画面做得也还不错（之前不玩其他自走棋类就是因为画风不喜欢），谁不想酣畅淋漓地打出清屏呢~(¯▽¯~)

打到后面的段位就很需要观察局势及时调整阵容和策略了，一套阵容d到死的是很难一直爽的

游戏里还上了拍卖行功能，道具可以卖成钻石，钻石也可以买道具甚至实体产品，这个还挺有意思的，后面上了钻石狂潮之后应该就是上分和娱乐兼备了

希望后面出新的时候做好平衡吧，总的来说还是满意的",2026-09-18 09:40,3,3,啾咪,玩过,,50441604
王者万象棋,4,"本人从来没有玩过自走棋类型的游戏，这是第一款，本来抱着刷个限时点券就退游的想法结果越玩越上头，除了打两把王者就是沉迷研究各种主播阵容，不得不说小王在做游戏爽感方面很有一套，不管是现在热度淡去的王世界还是万象棋打击爽感真的没的说
目前游戏并没有需要氪金数值的地方，新手福利也算不错，各种棋手都能白嫖拿到，对局还有灵宝Ai辅助新手操作，对刚开始玩这类游戏的小白来说很不错，但是玩多了就会发现灵宝有点梦到啥说啥，让你买点当前阵容不需要的牌，买完又说卖了，还是得靠自己甄别，新手可以根据灵宝提示来操作，熟练后就推荐关闭灵宝自己发育了
其次对局时间个人觉得还是有些略长了，有时候轮空需要等四五十秒才能开战，一把平均将近半小时，尤其拍卖环节太拖拉了，我觉得可以一些减少拍卖环节的过场动画和等待时间
最后就是强度问题了，三分倒转发育起来真的太无敌了，除了太考验手速目前我还没有发现有什么能克制的阵容，当然缺点也很明显前期基本很难生存，如果发育不起来那就直接下一把了，新手更推荐瑶妹献祭流李信，虽然做不到主播999级李信那种但成型后三四百级还是没问题，比较推荐黄金以下玩，黄金段位开始有随机禁用阵营，有时候几个人都玩瑶妹容易被对手卡牌
游戏在我看来做的目前还是很不错的，但是目前网上基本都不看好这个游戏，大部分人也是抱着拿到限时点券就退游的态度，只能说众口难调吧
",2026-09-18 22:25,0,1,姚一一,玩过,50.7,50448104
王者万象棋,3,"娱乐玩家，前期瑶熟悉游戏内容，后面靠孙尚香和瑶的李信和大河上王者
和铲子差不多，到快到王者（大师）局内才能凑齐六个真人
优点是棋手分区明显，很多时候根据选人和禁用阵容就已经知道玩什么了
不知道玩啥，想要摇摆就选小明，嬴政。李，嫦娥多，就玩孙尚香，阿离。再进阶一点就是马可，孙膑，杨玉环了。
d牌方面该红温一样红温，甚至比金铲铲很极端。
因为3买1卖，根本不存在先拿其他卡过度的说法。
比如公孙离养守约，2级50概率2费卡，d不到就只能用干将将就无法启动，公孙离晚启动就会陷入越弱越叠不起来，越叠不起来越弱的恶循环。比铲子坐牢更甚。",2026-09-21 20:01,0,1,支付账单,玩过,,50476622
王者万象棋,4,"刚开始觉得很无聊不好玩、界面看着也难受，后面段位上去，解锁卡牌和角色后，断断续续打的多了，感觉顺眼多了，不用浪费时间去急头白脸的点开一些红点、领取一些时尚小垃圾，整体观感很好，在手机上玩的也很舒服。其中炉石酒馆的核心玩法权重较大，运营思路也类似。
单局时长短，界面十分简净舒畅，比金铲铲点开就是满屏广告、红点、臃肿华丽特效强太多，虽然玩法多样性不如炉石酒馆丰富，但压缩了单局时长，简化了复杂的数值和操作，用等级直观的区分强度，融入了金铲铲的棋盘机制，不怎么费脑子，棋手技能和局内天赋的搭配也可以有很多花样，主打轻松娱乐，入手简单但精通较难。
除了部分棋手强度存在很大差距、脸部建模奇怪，没啥特别大的缺点，刚开服的玩法机制我觉得是偏保守的，希望后面新赛季会不断推出新机制，更新棋子和技能，加强中立阵营强度，提高一些阵营的体系多样性，最重要的是能推出点精致好看的卡面。
爱玩自走棋、对王者ip不感冒的话，用来打发时间还是可以玩玩的，至少我感觉在新鲜感内，市面上的自走棋游戏水平都差不多，无非就是哪个容易让你爽哪个就好玩。",2026-09-12 15:06,2,2,枫红与血花共舞,玩过,,50390656
王者万象棋,5,看看黄金往上的活跃度，其实基本也能看出来还是有一大部分人玩的，不喜欢是正常的，很多人都说他不像自走棋，没意思，我说句实话你把他当自走棋玩，去凑羁绊打连胜连败什么的，都不如把他当肉鸽玩，万象棋实际上更像套了一层皮的肉鸽游戏，并不强制绑定阵营羁绊，你要记住阵营是阵营羁绊是羁绊，你用铲子模拟战的思维丢一大堆河洛三分上去没意义，放上去也没羁绊，要看的是棋子技能，所以也就会有海陆空鲁大奶瓶流等等横跨三四个阵营的存在，如果你初次接触万象棋你会发现他的等待时间很长，留给你思考的时间是更多的，更多的也是花在找牌，更多的是在体验他刻意给你的游戏时间，而不是找几个棋子放上去就得，这里没有三星五费，大家都是三费，卖出去只给一费，等级才是硬道理，各种技能联动可以粗暴理解成尖塔那样式的，等级白歌找齐曹操甄姬露娜，就好似你鸡煲叠了半天电球打出一下电流相生，储君征服者加君王之剑正好打到易伤上去，如果你爱玩肉鸽或许更适合玩万象棋，当然人各有爱，有人不喜欢就是不喜欢,2026-09-19 21:22,4,0,无昵称,玩过,22.5,50458562
王者万象棋,5,"🌃画面音乐：
画面特别高清，音效打击感很足很爽，有什么时候睡觉脑内都会响起[心动小镇_害羞]

🎮可玩性：
非常好玩，类战棋酒馆，和金铲铲不太像，赛后还有抽道具可以交易行转卖[心动小镇_可以]

🔖运营服务：
运营估计是没问题的，有腾讯在起码不会暴毙，而且目前日活来看还不错[心动小镇_点赞]

✍🏻建议：
灵宝 ai 可以上一个跳过当前建议的功能，有时候我想留着这张牌，灵宝 ai 非要我卖掉，不然不能提供下一条建议[心动小镇_生气]",2026-09-21 17:26,1,1,周期,玩过,100.5,50475443
王者万象棋,5,"🎮可玩性：很不错，萌新建议玩嫦小娥艾琳，可以看我下方的一些攻略
嫦小娥的技能可以给场上的一名棋子快速升级 并且每使用过一次就会提高升级的等级，所以在前期可以只上一个英雄狂铁，在一级的时候觉醒狂铁去触发它的英雄牌效果，给阿克基米亚核心升等级，后期分配给我们的主c艾琳额外提升等级。在宽带三星之后，可以留一张弈星去拉本，因为一定会额外给你更加经验是比三能量买它划算的，所以可以咱两回合能量上一星直接拉两个等级或者三个等级可以获得额外的经验。等到四级的时候，我们就找瑶和小明，艾琳，把辅助的效果都给艾琳吃到。4个人上齐就可以放大兔了也就是那一张金色的技能牌秘技。艾琳必备一个炽热支配者免控，还有冰矛减速对面，等到棋子100级艾琳会围着棋盘进行攻击，这样对手的棋子就摸不到你，会被你一直溜。等到后期通过锦囊拿到的传承或者遗忘效果牌，把狂铁传承掉，传承这张效果牌，可以把棋子的等级分配给其他三名棋子，然后上海月阵容就大成了。这是我的强度是很高的，如果有吸血的话，基本上就可以吃鸡。[表情_可爱]也给大家看一下我的3连鸡[表情_星星眼]",2026-09-19 06:23,2,2,鸡翅教主,玩过,,50450430
王者万象棋,5,"做为一个月圆之夜禁阁万八，金铲铲宗师，炉石传说打到传说的玩家（金铲铲和炉石最近这几个赛季不玩没更新不放了），其实我是感觉这个游戏还挺好玩的，好久没有过能为一个游戏连续打几天到凌晨4点，睁眼就是干了，目前也已经打上王者了
简单说一下评价：其实如果是为了拿奖励就直接找代肝就好了，不用玩这个游戏浪费时间
我觉得这个游戏是好玩的，拍卖会根据血量分配与博弈给你翻盘的可能，各个角色都有自己不同的爽点，①说香香变态的是因为没被压力过，人家都玩香香了，你选点前期压力断他连胜，他不就炸了；②说嫦娥海陆空强的同样的道理压力就完事了；③瑶没办法，11回合后，我感觉确实是有点强的，如果是高分，就直接卡他李信，她就炸了；④当然，有同行的情况下肯定是会鼠一个的很正常；⑤昭君，这么好玩的赌狗真的不来一下吗，在别人都还没成型之前你就可能已经拥有了一只帅气的觉醒五费，有时候直接强度逆天（像我开出来6回合开出来觉醒花木兰你又改如何应对）这个觉得主要还是带了高分的快乐；⑥白哥，三分倒转不爽吗，如果前期压力小，好活的话，确实可以考虑三分倒转；⑦小明，这么爽的速本角色，压力小一起速呀；⑧嬴政，很强，爱玩⑨大桥，你懂香香刚准备赢对面开出来一个吕布的绝望吗⑩其他目前玩的比较少
说低费卡没用的，emmm就我来看其实不然，很多是前期战力卡，后期没用但是你过渡不拿被血入，就就目前来看基本上每张卡都会在特定的阵容发挥他的作用，很多都是还没来的及开发出来，游戏上线不久，这是正常的，后期像什么钟馗，海月，太乙这种对策卡，可以留尽量留，当所有阵容都熟练，打到王者之后，游戏才算正式开始，一样的，金铲铲上大师之前，月圆上万八之前，别说自己玩过[表情_酷]
博弈与爽感，讲道理，比洛克好[表情_酷]洛克s1上到最高段位后只剩博弈可太痛苦了[表情_酷]（纯个人观点，不喜勿喷）",2026-09-18 17:01,8,1,血刀鱼,玩过,128.3,50444954
王者万象棋,4,"炉石酒馆战棋转过来的，金铲铲，游戏王，月圆之夜之类的卡牌游戏都有浅玩。
我认为这个游戏的目标受众完美贴合了我们酒馆战棋玩家。。。刷牌舒适，不卡顿，酒馆战棋太卡了。虽然可玩性，玩法深度，世界观等等都不如魔兽ip下的炉石传说，但是我认为除了世界观，其他是可弥补的，不卡顿这一点已经加了大分了。现在就是缺一个拔线了（
说纯运游戏的，我也能理解对于没怎么接触卡游的朋友，要一下子理解这种游戏的机制是需要更多学习成本的。我认为这游戏对我这种玩过机制，卡牌，阵容种类更复杂的酒馆战棋玩家来说，目前王者以下（赛季初）吃运程度可能不到20%，对卡牌和英雄的理解程度占60%，手速占20%。
阵容太少的问题我觉得还好。这已经是不增加学习成本劝退新人下，卡牌自走棋初期能做到的最佳复杂度了，总需要一个平衡吧。以后如果它能活下来，肯定要有两个选择，一个是增加新模式，卡牌效果全换。另一个是出新卡，新机制。但是王者就那几个角色，要出新卡从自家ip还真薅不出几个新的。这点不知道会怎么处理。
哎，真希望暴雪能照搬万象棋搞个酒馆战棋独立游戏出来。虽然同样是吃老本，但是我觉得魔兽相比王者更fantasy，角色更有意思。这么一想这个商人腾讯搞的东西确实是没招了。要不联动一些别的游戏的角色吧，要是真没活的话，比如联动一下炉石把铜须啥的薅过来。
一颗星扣在他是王者ip。",2026-09-20 08:09,2,0,AAAAXXXX,玩过,88.5,50461845
王者万象棋,5,"刚开测就冲了《王者万象棋》，作为一个玩过不少自走棋、又蹲过王者模拟战的老玩家，玩了三天下来只觉得通体舒畅——这哪里是新出的自走棋，分明是把传统自走棋里磨人的“糟心套路”全剃干净，把爽感直接堆到你脸上✨
最舒服的改动，就是它彻底打破了传统自走棋绑住玩家的那些框架，把难度降得几乎没门槛。之前玩传统自走棋，开局就得算着利息卡经济，回合剩几十秒还在掰着手指头算“升不升人口、搜不搜牌”，稍微错一步就直接血崩出局，一把坐半小时牢，简直比上班还累。但万象棋直接把这套全删了：没有卡50利息的说法，每回合给的能量想怎么花就怎么花，想升本就升本，想刷牌就刷牌，不用攥着金币抠抠搜搜过日子。而且它也不走传统升星那套，所有英雄都能一路养到999级，升到10级、40级、100级还会触发技能质变，相当于只要你愿意养，低费卡也能当成主C炸场，完全不会出现“没刷到高星核心直接提早出局”的尴尬，新手随便凑凑阵容也能玩到最后，太对休闲玩家胃口了。
对王者老玩家更是自带友好buff，所有英雄都是峡谷里熟到不能再熟的老面孔，阵营羁绊不用啃攻略就能猜个八九不离十，开局选周瑜凑小乔，直接触发情侣联动给全队白加8级，进游戏五分钟就能摸懂规则，完全不用对着一堆陌生设定头大。开黑体验也特别舒服，直接继承王者的好友列表，组队排位还共享最高分，就算队友提前出局也不会掉你的分，周末和朋友凑在一起开黑，你选棋手我凑羁绊，说说笑笑就打完一把，比在峡谷里被平衡机制搞心态舒服一百倍。
玩起来的爽感真的越玩越上头，我昨天随手凑了“颗秒守约”的阵容，把守约堆到六百多级，一枪就能爆出三万伤害，对面前排刚站定就直接蒸发，吕布养到四百级，全屏击飞根本不空大，安琪拉的激光能扫满整个棋盘，这种看着自己养的英雄一路横推的快乐，是传统运营向自走棋根本给不了的。而且每局时长基本控制在十分钟左右，通勤路上摸一把，午休时候开一局，完全不占用额外时间，爽完就能该干嘛干嘛，丝毫不拖泥带水。
现在刚上线福利也足，签到就能拿到棋手皮肤，不氪金也能玩得舒舒服服，想找个轻松不坐牢的策略游戏摸鱼，《王者万象棋》真的值得冲两把试试😉",2026-09-21 15:04,1,1,今天也很凡心,玩过,122.0,50474334
王者万象棋,3,"第n次编辑，六连跪！，阵容正常玩打上1700分后上不去了，开始让我连跪，开局不知道什么时候开始永远都是肉装，遗志永远刷不出，明明之前都是可以的，福袋我一般都喜欢攒着开，尤其是之前都是正常的情况，正常的刷出来……现在是一点都刷不出来了，就被卡的很死，换帅也是如此……我真没招了
胜率一掉再掉，我最关心的就是这个！我不要面子的吗？
玩河洛永远刷不出木兰和露娜， 就算刷到了也濒死了，那6把让我很恍然，是我不会玩吗？从来都没有出现过这种情况，看着分数一掉再掉，看着别人的天赋那么好……好无力，还有一次玩伞守约，结果人家对面阿离直接刷到了马可和守约的天赋，开局直接起飞啊，就是比不过，能怎么办？
气死我啦
我只觉得自己很傻，360场对局，当成告别了，卸载了，
再也不见






喜欢这个游戏，很喜欢很喜欢，再加上上手简单～毕
我平时就爱在游戏上挂机竟是王者荣耀的深资玩家～，英雄阵容什么简直不要太简单[表情_酷] 对阵容的了解速度很快，玩起来很爽，特效也好看～
会一直玩下去的[表情_大笑]
哎……只可惜那个陪我一起玩的搭子不在了.....我们这一个月狂打游戏的说……[表情_坏笑][表情_坏笑]卡别人牌，打配合 拿第一，总而言之我这一个月我过得很快乐……只是……
有点遗憾了，后面开服再也见不到他了～。[表情_叹气]戒断反应好上头，这是一个忠告，不要找固定的搭子……会有戒断反应啊啊啊啊……虽然可以照常打游戏，但总感觉少了什么
有很多碎碎念念想和那个人说……可那个人离开的太突然了……[表情_嫌弃][表情_嫌弃]
2026 .9.8 体验服结束啦！打卡～正式服归来，我要狠狠的上分，狠狠的补胜率～[表情_比心]
2026.9.13
旧的不去，新的不来，这几天遇见了一些特别好的人，很温柔，非常好，非常给力，会带人。大佬知识丰富，阵容多变，还会教人！我直接美美吃分躺赢，和大佬们一起进步！特别特别开心
就算以往的人加回来，玩的时候还是很累，怕又惹他不高兴了，怕很多的事情，果然关系不再纯粹了
哎，我也真是犹豫不决，到底在追求什么呢？我现在倒是明白了，就是戒断反应[表情_叹气]，对，他的戒断反应早已过去，现在更多的是不解，为何当初如此执着
新的开服——新的开始——新的游戏生活
2026.9.14
故人再一次拉我进游戏，喜欢和他玩是真的，我也不知道为什么喜欢，但心里还是有一道坎，又怕自己的一些行为又惹到他不高兴了，然后又突然间消失，我已经连跪很多把了，不过好在今天的那一局倒是很顺利[表情_叹气]有时候我在想，如果我变成菜鸟了，他是不是就不会拉我了？哼　(。-`ω´-) 我的胜率掉了又掉，
阿离快点来吧，我是很专情的人，只喜欢阿离嬴律，就主要玩这两个人，只有一个嬴律还是吃不消……好感觉好久没有正常的连胜，拿第一过了
好想回到体验服[表情_嫌弃][表情_嫌弃]
2026.9.15
一次主动，换来一生内向，心想着都是他拉我，我都没有拉过他，我就直接进他的游戏房间，结果他们满人了，我还把人的位置给占了……额额额(°ー°〃)一直不开游戏，一问才清楚，原来是在等其他人……尴尬的我回了一句哦，就立马离场了
有点庆幸……之前觉得自己很花心，虽然为他痛心，伤感过两个星期，后面还是遇到了新的搭子，尤其是在开服的时候，遇见了更好更温柔的人，更能说明白的人……那个时候觉得自己是不是有点太花心了之类的巴拉巴拉，反而他像个孤寡老人一样………果然有些事情是我想的太复杂了，其实我们只是朋友啊，我为什么会想这么多，真的是疯了
我们有不同的路了……我真的该放下啦[表情_嫌弃]
我真求自己不要再去想这种事了，真的太尴尬了
一个吐槽的纪念帖，纪念一下一些碎碎念念
我也是一个很坏的人啊，这样子想，很多东西都很混乱，很混乱无比，要早点睡觉了
现在的玩家都太强了，被萌新和欧气的天赋暴揍中
2026.9.24
好喜欢新的搭子，真的好有意思，好喜欢和他说话，好喜欢和他絮絮叨叨，但是也担心我过分的絮絮叨叨和依赖会让他不舒服。之前的那个旧的搭子也就那样了，普普通通的朋友罢了，让我那么伤心也是够绝的……我当时真的好想不开啊，包括上面的碎碎念念，不明白为什么这么在意他？，为什么不珍惜当前的眼前人呢？，现在的我特别特别好，有好多的好朋友，新朋友！一起组队开黑，幸福幸福
🎮可玩性：",2026-08-29 13:02,60,15,霏霏不非,玩过,819.4,50259325
王者万象棋,4,"总体来说，还是可以玩的。毕竟可以不花钱，虽然卡牌和棋手平衡性做的不好，但总体能玩，与其说公平竞技，不如说是竞技加大乱斗。
卡牌分三六九等，棋手也分等阶，也就是通常来说，不是所有的卡牌所有的英雄一样强，官方游戏设定就没有这么设计。
用强势的棋手，强势的流派和卡牌，胜率更大。
当然运气也是实力的一部分，有时候刷不到厉害的牌和天赋，策略好也没用。
有一定的运气成分，更多看策略。
上分比较合理，不是升星，而是加分数，第一名30分第二名20第三名10。后面是掉分。也就是想上分保证在前三就行，也可以找人带或者找队伍一起上分。
有交易所，是王者系列特色，自由定价，不卖数值。
总体来说安装包整体大小很小，5g多。对设备要求不太好，近些年得手机都能用应该。
就这样。",2026-09-20 10:37,2,0,快乐与自由,玩过,73.4,50462692
王者万象棋,4,"可玩性还是不错的，目前来看作为不同类型的对弈类游戏可玩度是比金铲铲强的，如果能依据王者本体的皮肤平行宇宙观来出不同的阵营体系的话，可玩度能更高一些.但应该也是本体世界全部出完才有的。
​目前来看虽然每个英雄或觉醒或过一百级会变成皮肤，但总体来看都是没有独立世界观的皮肤，例如李信的年限
​很期待末日机甲套系和墨染江湖系列的推出",2026-09-21 23:55,0,1,酒卅,玩过,68.1,50478828
王者万象棋,5,"做得蛮不错，学习成本不算高。
很多评论说有elo，我玩下来的体验，以及和几个已经打到星耀王者的朋友，评价都是“没有elo”，我觉得这个说法太绝对，但就目前看来，elo机制并不明显，我只玩白歌，目前胜率80，星耀5。
然后很多时候，阵营需要和棋手绑定（棋手有技能的话，也算挺正常），倒也不绝对，比如最适合白歌的肯定是三分+露娜，但我也打过除了大河以外所有阵营。
棋手之间的强度差距偏大，不过作为S1赛季也可以理解。",2026-09-20 18:12,2,0,叶之K,玩过,11.8,50466500
王者万象棋,5,"游戏不错，算是缝合的有特点了
卡牌游戏我玩过不少，铲铲、云顶、炉石、昆特牌、战旗等，王者自走棋严格来说就是套了自走棋的战斗模式，游戏模式更偏向酒馆战旗，说白了都是养大哥，加上不同棋手不同阵营，让我又有点昆特牌的影子。
优点来说：流畅度很好，音乐也不错。有的人说，不容易变阵，或者玩多了上分阵容就那几个，无聊。其实这是卡牌游戏通病，强势卡组就那么多，乐趣在于不同对手、不同天赋、随机性，运势太差就及时转烂分阵容。
缺点：目前阵营太少，不加快更新频率，上棋手或许棋子，无聊性很大。不过没想到王中王系统，可以段位重新开始，可以去练练不同阵容，这点好评。
这个游戏在卡牌游戏中偏简单，套ai强势卡组，跟着系统走就能吃分。但，想摸索乐趣，要自己去组，去试着运营，入门甚至上王者不难，能灵活玩好感觉也不简单。
保持质量，更新及时，这个游戏说不定真会一直活下去。
上截图说话，开服100把左右单排上王者。",2026-09-21 14:02,4,0,Z.H.X,玩过,,50473879
王者万象棋,5,"游戏性：5星 
玩过不少卡牌游戏，这个游戏机制的搭配、运营还是相当有意思的，足可以上5分。不同棋手有不同的流派和运营思路，并非一家独大，各有千秋！ 
视觉音效：3星，总体来说游戏的动态感受还是有很大的进步空间，像吕布跳大这种感官冲击可以更多一些。后期希望把很多英雄皮肤也可以加进去。音效：希望随着回合数增加而变化，加速紧迫感，并且多给点选择哈。 
道具福利：2星。道路合成10上1，确实有点贵，而且就不能合永久的吗？(如果365天上面是永久的话，就要1000个道具合，也太离谱了)。还有阵容页面，就不能和王者一样，1个英雄给3个页面，而不是所有人初始就3个，太抠了。 
不过总体还是很喜欢的，喜欢越做越好，超越金铲铲(让一个朋友玩，他说万象棋不如金铲铲，气死我了[表情_吐舌头]) ",2026-09-21 17:53,0,1,谪白仙,玩过,96.9,50475649
王者万象棋,3,"🎮玩法
和金铲铲有些类似，核心战斗都是自走棋玩法，钱的统筹是核心策略点。商店最高五级，升级需求会逐步增加，钱的投入选择策略与一般自走棋一致。
卡牌的流派比较多，从人物介绍上可以看到，阵容界面也有清晰展示，组合搭配方式很多。三分登场流作为新手教学的流派，触发机制讲解比较细致，完全新手的话理解上手也不难。
战斗过程中有拍卖系统，一局战斗是六人一组开始的，每当有棋手落败，可以对其持有的卡牌进行拍卖，价高者得。卡牌拍卖只有几个最具影响力的，抢拍卖也需要手疾眼快，也考验对游戏的熟悉程度。
🕹️耐玩度
没有外围数值养成，棋手能力上有差异化，默认解锁四名，可以在游戏开始前更换。更多棋手需要付费购买，以及皮肤、秘宝等。
以赛季机制进行游戏，打排位可以获得赛季积分，也有其他游戏模式，内容设定与王者农药有几分像。还有活动内容可以参与，在线的粘性一般，体验设定偏休闲一些。
🌆美术
3D卡通画风，界面布局结构常规，UI品质较好，主界面有一定动态交互效果。角色造型可爱讨喜，建模和王者风格很像，贴图材质感一般，稍有棱角，骨骼动作丰富。
战斗表现与金铲铲类似，同为自走棋游戏，战斗差异化不是很大。画面突出中间战斗区域，充分发挥了人多力量大，技能特效丰富的画面特点。
💰商业化
腾讯游戏，大家懂得。道具付费为主，商城里卖棋手、皮肤、棋盘、秘宝等，还有拍卖功能，以及多种推荐商品，赛季战令也是很常规的付费项。看起来付费内容并不多，但到了局内可能影响因素逐步会体现出来，形成很难打过的最终结果。",2025-12-28 15:49,4,0,麦克老狼🐺,玩过,1.9,47310032
王者万象棋,3,"氪金：当时玩了一把就忍不住氪金了感觉梦奇战场6元礼包很值（至少内测是这样，战令也是老价格68，但希望可以出一个小战令，开服可以购买的东西不多，皮肤…不太建议吧，没有啥出场动作，希望后续能补完，而且一些角色展示角度，很奇怪，看不见脸算了，又离角色很远，感觉展示角度不太行），自走棋的话希望策划后续出一些装饰类的还可以，目前界面个人感觉素素的很空。
玩法：很基础的自走棋，升级阵营的时候突突冒奖励很爽，其次得猛夸ai，对于不太会玩的玩家，我敢说你哪怕跳过新手教程跟着这个ai打一遍，还是能赢，很方便，没思路就可以看看ai，打高端还是得去研究阵容和玩法，看自己兴趣好啦。
画面：王者荣耀英雄的小人建模，精度还可以，基本都还原了王者的英雄建模，加上游戏风格偏向那种嘻哈唱跳风格？还挺带感，人物展示界面略显生硬，那几个有出场动画的人物很感觉掉了几个动作不流畅啊，希望内测期间能优化！其余的就是初始战场，材质做的真可以（本人副业建模），但是礼包的梦奇也很不错！希望以后多出，或者来一些礼包，一个版本一个？拜托6元秒入。
福利：一般般，但是内测肯定不能和公测比就是了，这个不谈，但是策划态度给好感，希望把万象棋做好！
缺点（主观）：
1.游戏进入界面没有设置可以调整画质，刚进游戏手机配置不好的，建模看着会不太行，希望加一个。
2.福利领取：领取福利界面很不明显，有些时候都不知道得了奖励，比如一些活动，每次都要专门看一下，希望加个红点开关。
3.游戏主界面很空，能转动视角就好了，UI需要再设计一下，个人感觉UI文字太扁平，没有立体感，和界面很不和谐。
最后：玩了30分钟的时候已经很赢好感了，希望顺利优化上线[心动小镇_害羞]",2026-03-26 22:55,8,1,匿名,玩过,28.8,48172947
王者万象棋,5,阵容功能不错，很多玩家推荐的阵容也有ai辅助，适合新人上手,2026-09-10 08:26,3,5,拽你娃子,玩过,,50369122
王者万象棋,4,"只说我认为的缺点，不杠。优点就不说了，因为我这一个月也打了260把了，分不高，600多。只玩马可镜，伞海月，镜三分倒转。多年前玩过云顶，铲和酒馆战棋，痴迷电表倒转
1.开局装备太毒，应该改为开局四选一，随机发的情况下经常到十回合左右大哥没装备可用
2.等级强化全场只能刷新一次有点毒，铜的银的选个没法用的让了也就行了，全金局就有点不好了，很多金色的泛用性很差，经常没的选，只能选个没啥用的，问题是金色强化强度差异有些大，有些阵容来个天湖直接起飞，没拿到能用的金色强化和拿到天湖强化的人没法比，建议学学海斗，多加几次刷新的机会。
3.还有就是体系牌出现的早晚对阵容强度影响极大，马可养镜，每次上三本找芈月和镜还有姬小满总有一个藏好了不出来，第九回合还拿不到镜的局我也打过，一看牌库没人拿一张，镜拿到手之后两回合内都是血流不止，更别说没拿到了，血量根本撑不住。卡牌游戏狗运确实是一个重要的点，但是不应该把运气占比整的这么高，建议降低棋手伤害，或者增加商店同时刷新棋子个数，增加体系牌可能出现的概率，相对降低运气的影响。
4.还有就是阿离，先总结一下：大哥单卡强度差异太大，海月断档领先，削弱装备以后还是断档领先，其他人不值得传。经过我的不屑努力，也是赶着体验服暂时停服这一天蹭了个阿离省1。之前还玩百里和炸弹猫，但是没有增加古币等级强化的情况下强度太低了，于是只专心玩伞转，抛开遗志的概率问题不说，就说传哪个大哥，体验下来就是只有海月值得传，其他人跟海月是断档差距，最开始我就一直传海月，后边玩腻了想试试别的，发现除了海月以外基本没有能传的，除了海月之外其他人单卡强度都不够，吕布，露娜，东皇，司空震＋裴擒虎还有艾琳我都试过，其他人比如姜子牙武则天之类更不用说了单卡强度简直没有。只有海月不怎么翻车，非要说的话司空震＋裴擒虎也不容易翻车，但是需要的卡太多了，还吃装备，没有金色圣剑的999司空震我都翻过车，没觉醒的裴擒虎＋司空震是1.25倍等级，两人觉醒一个是1.5倍，两个人都觉醒是2倍等级司空震，实战下来1.25倍在有装备的情况下吃鸡很勉强，2倍才比较稳，但是二倍得4张司空震，4张裴擒虎，挺难实现的，而海月只需要一张，在挂个太乙扁鹊一共三张卡就够了，装备更是不怎么挑，有＋血量那个最好，没有也能用。再其他的艾琳东皇露娜吕布这些强度更是差了不止一点。还有次心血来潮传了个300多级的猴子，跳过去被当狗踹死给我看乐了。补充：有60吸血的书的话可以传露娜。",2026-09-07 22:47,29,11,qiulei123,期待,,50349444
王者万象棋,5,这游戏好就好在没有组合上的定式，主要还是随机应变的配阵容，总能打出新鲜的花样来,2026-07-30 21:28,104,9,小姐姐的花店,期待,,49832877
王者万象棋,2,"好评太多，我就补个差评吧，缺点如下
1.和铲铲，炉石酒馆，最大的不同就是棋子有等级，这既是优点（差异化）又是最大得缺点（等级养起来后很难变阵）
2.棋手技能过于强势，以及和阵容的深度绑定，典型如白歌孙小兵的倒转，姜子牙的单养大哥，闹闹的各种无脑挂机阵容，等等
玩久了，开局看到其他人选什么棋手大概就能猜到阵容，因为上限就在那里了，可以说是明牌了，上测我打了大概300把，之后就再没玩了，因为每把基本都是相似的对局
至于说脸黑拿不到阵容核心，这个我不在乎，毕竟有欧就有非
如果公测和上测没啥改动，那基本是凉凉的节奏",2026-07-28 00:09,148,10,浮生,期待,,49790041
王者万象棋,5,有一点很喜欢，不用背复杂的利息公式，每回合固定给能量，买牌统一3费，不用当会计,2026-08-03 15:45,161,10,你好,期待,,49881513
王者万象棋,5,我觉得这个游戏设计的最好的一点是所有的棋子买卖费用都是一样的，也没有利息机制，把经济运营变得更简单。另外单卡不是只靠不断合成才能叠等级，更多是看词条怎么联动和选择适配的天赋，玩好了比合成卡牌提等级更高效。感觉是对传统自走棋玩法既有简化又有创新,2026-09-08 18:29,4,3,.。,期待,,50356112
王者万象棋,5,词条联动玩明白了就知道这游戏的爽点在哪了，最近在玩日落海，玩明白整备逻辑就知道这个等级放大有多爽，安琪拉可以作为输出主要升级，露娜雅典娜可以作为升级放大器，技能能二次触发整备效果。后面再加个海诺就更狠了，核心每次升级都能额外再次升级，让全员等级飞升，后期团战几秒就能结束。,2026-08-31 12:40,33,4,互互互呵呵呵,期待,,50279956
王者万象棋,5,"(也是打到王者了，非常用心的给大家带来一点评价哈) 总体来说 好玩！ 有缺点，但是瑕不掩瑜。以下个人观点，不喜勿喷。
1.快节奏对局，战斗爽！它一局时间大概20分钟，节奏咬的很紧，它与别的自走棋游戏不同的是，不用等别的玩家战斗完后再一起开战，而是战斗完的人就可以直接调阵容、搜牌，省了非常多的时间。
2.很适合新手，玩游戏不是那么复杂。没有利息机制，也没有连胜连败。这个不能说不好吧，感觉少了一些博弈，但是更能放空大脑。费用花完了都行，不用攒利息。战斗爽！这些因人而异吧，可能是因为王者想要更多人玩。自走棋圈子因为上手门槛太高还是少了很多人。
3.独特的升级机制。跟养成系游戏一样，养主C，后爆杀全场真的很爽。不过有缺点，几乎无法变阵，选定一套阵容，大部分只能走到最后。
4.棋手够多，可以玩很多套阵容。不过棋手强度差别的确有些大，𣎴过目前出的棋手全部都是免费的。开局送的棋手强度也够，算是还能接受。
5.玩运营的风险大，容易直接一轮游，但是如果对局细节还有运气好的话，运营起来真的非常强。。游戏升等级带来的收益也特别特别大。可是他发牌概率真的是个迷……并且D到五阶卡等级来不及提升，血量又低，容易直接出局。
还是有很多想说的，其他的自己玩玩看看吧！希望大家游戏快乐！",2026-08-07 01:25,126,8,清风呀~,期待,37.9,49927807
王者万象棋,5,万象棋最大的亮点在于可以利用英雄的词条联动触发机制，凑羁绊还得等人口来齐，这个词条联动可以更早启动，我每局都会尽量多派词条可联动的牌上场，把各种buff叠起来，前期就能打出压制力，完全不用硬等后期成型。这种设计让对局节奏变得更紧凑了，每局都有即时反馈,2026-08-31 13:42,31,8,长安某,期待,,50280459
王者万象棋,5,王者万象棋玩法简单，易操作，新手段过了差不多已经熟悉部分英雄了，如果还不熟悉也不用担心，灵宝会一直在对局中提供英雄和装备思路，但灵宝也有局限，只能教会怎么搭配个出装推荐，段位高了以后，剩下的路还要靠自己去打拼。总体来说王者万象棋是一款不错的游戏，至少是公平公正的，,2026-08-13 22:53,98,5,158930,期待,32.9,50019519
王者万象棋,5,"真的是满分，从初测到终测，到现在的体验服，每次都有参与，体验感就是
1.美术做的很好，特别是UI和界面，看着很舒服，就是角色建模感觉想做出独特的Q版画风但是很奇怪，后面也有在调整了。
2.玩法特别好玩，有很多阵容可以玩，也依赖运气，整体来说可玩性非常高，我加起来得玩了300小时了，最多的时候一天玩10个小时。
3.官方运营响应很及时，之前说小规模测试，后面反应的人很多就改成体验服了，虽然现在还没开服吧，老是拖，，还会写制作人的信，感觉至少运营是活人，这点还不错。
4.商城做的也挺好的，有拍卖行这种，感觉挺有趣的，然后游戏中不需要攒金币利息这个让我压力少很多，个人比较喜欢这种玩法，还有角色满级特效也挺好看滴，希望多设计一点。

二编：还有评论说我是托真恶心的，是托我4000+好吧，发出来好评就恶心到你了，真是个乐乐，真容易破防，我体验服5天就上王者了，我就是觉得好玩咋滴了，不爱看好评就别看，附上图二图三体验服上王者图，我自己也是美术生，也接触过ui设计什么的，我评论稍微专业一点咋了",2026-07-27 10:33,71,8,Cynicism.,期待,145.4,49780177
王者万象棋,5,我觉得这游戏运营深度和广度真的有做出不一样的东西，因为棋手自带技能，玩不同的棋手就要考虑好这把要玩啥阵容，像我刚解锁瑶妹时，按照之前的路数搜牌套阵容，但是效果都不是很理想，后来看了攻略说她适配大河射手流，小鹿往前一顶公孙离在后面疯狂输出，窗口期刚好够阿离打出两轮爆发。棋手和阵容适配度高的情况下体验感真的会好很多，而且一个棋手也能搭配很多不同的阵容，可以找出很多新打法,2026-08-01 12:44,59,3,y,期待,,49853962
王者万象棋,5,作为一个拿到过王者万象棋内测资格，且玩过将近半个月的人，我很客观的评价一下这个游戏，一，作为王者荣耀这个IP提名的游戏，他还原度确实做的还挺不错的，如果你是王者玩家的话，几乎是可以零成本直接玩的。但是需要一点点金铲铲这种棋盘类的基础。这里面很多流派都很不错，运气是一部分，但是你需要自己构思如何去搭配流派和阵容，一旦搭配的好的话会有奇效。二，其实里面充钱的内容并不多，战令，月卡都是王者的本质特色，里面的英雄确实需要充钱才能拿得到，但是里面送的嫦小娥，其实强度也可以了，里面还可以免费体验氪金角色。总体体验下来的话其实还好，里面的玉环是挺考验操作的难度的，他会考虑你的脑力和计算能力吧，需要让你会去记牌，然后再出牌，挺有博弈性的。同时这里面的天赋也要好好选，不然会打的很难受。三，这个游戏目前来说最多支持三排，平常跟同学一起玩的话，这个时间会比较长，一局可能大概会有二三十多分钟用来打发时间是可以的，如果一直玩的话，会感觉有一点无聊。而且其中等待别人开战的时间确实有点久，我玩的时候就是搭配好阵容就开始刷视频了，而且这里面有些阵容很轮椅的，我记得有个阵容叫什么赢律硬邦邦，挺好玩的。反正总结来说，这个游戏是值得去试一试的，对于平常打磨时间还是可以的。但作为主流游戏来说还是没有自己的特色，不一定能留住大部分玩家，毕竟市场大概已经饱和了。希望王者后面会出更多的新内容。[表情_吃瓜],2026-07-27 07:28,49,6,Rosé,期待,,49778991
王者万象棋,5,首先作为一个王者荣耀与金铲铲之战的选手，我非常喜欢自走棋和王者这个IP。目前我还没有玩过这个游戏，但是我了解到他是一款节奏较快，阵容多样且加入了拍卖等元素的游戏。这个游戏我从25年就开始预约了，期待值直接拉满，希望公测尽快到来。,2026-03-27 18:41,83,13,都来打本少爷ღ,期待,,48179321
王者万象棋,5,我最眼前一亮的是“双核心驱动与词条化构筑”。它抛弃了传统自走棋死板的羁绊组合，让棋手不再是花瓶，而是拥有主动技能的战局决策者；同时棋子回归卡牌本质，通过登场、交锋等词条自由Combo。这让运营逻辑从“凑羁绊”变成了“组构筑”，策略深度与自由度都极大地提升了。,2026-03-25 20:37,19,2,诡,期待,,48162687
王者万象棋,3,"自走棋专业户 从dota自走棋开始 基本每一个自走棋都玩儿了
先说一下结论 它并不是传统意义上的自走棋游戏 而且类似酒馆战旗的卡牌自走棋 有部分照搬和部分创新 还改变了自走棋的祖宗之法 一局8人变成了6人
游戏里面主要玩法是卡牌 买牌卖牌
卡牌分为棋子牌和法术牌 目前为止和炉石一样
但是当你把牌上场的时候 它是有格子有站位的 这一点又和云顶之弈基本一样 也有装备可以直接给奕子 取消了云顶的选秀变成了拍卖
每回合会获得钱 钱攒着也不会给利息 但是不花不会消失 这一点和云顶之弈 酒馆战棋都不一样 所以他增加了拍卖环节
目前来看 可以说完全照搬酒馆战棋
人物卡牌都是固定买花三块 卖能卖一块
酒馆里面有种族 万象棋里面也有
酒馆每局随机禁一个种族 万象棋也是
酒馆有 战吼 回合开始时
万象棋也有 名字叫登场 整备
酒馆是养人物身材 攻击和血
万象系直接养的是等级 根据等级加所有属性
买三张牌会三连变成金色回手
等等等等
总体来说 就是一款简陋版的酒馆战棋 可提升空间太多 很多细节缺少打磨
段位钻石更新
我对这个游戏还是挺期待的 希望可以完善的更好变得好玩 一定要 取其精华去其糟粕 不要学没有用的 做好平衡丰富玩法
段位星耀更新
之前开发的卡组太少了 现在每天都有新鲜的阵容 玩它不能按照传统的酒馆战棋思维游玩 目前来看评分中上 就是做好平衡和概率吧 耀天帝暴打999级司空震也太… 多次遇见连续三轮d不到想要的卡了…",2025-12-27 16:17,109,9,kenny,期待,,47297966
王者万象棋,5,"一、最喜欢的棋手：班叔
 
我最喜欢的棋手是班叔，他的机制玩起来最有策略爽感。专属技能时光宝藏能记录卡牌，下回合一键触发，配合时间魔法与回环，很容易打出连环combo，运营上限极高。不管是搭配爆发阵容还是持续运营体系，都能灵活适配，后期升级永恒回环后，记录卡牌数量翻倍，一波翻盘的快感拉满。相比其他棋手，班叔不依赖固定阵容，更考验思路与节奏把控，每局都能玩出新花样，对喜欢动脑运营的玩家来说，趣味性与成就感远超其他选择。
 
二、最爽阵容：逐鹿炸盾曜
 
玩得最爽的是逐鹿炸盾曜阵容，成型后碾压感十足。核心以曜为绝对主C，搭配芈月、墨子、扁鹊、太乙等，靠护盾叠加与爆炸伤害打输出。曜装备优先不死鸟与防御装，护盾越叠越厚，炸盾伤害阶梯式暴涨，前排能抗、后排能打，团战一开全屏爆发。这套阵容滚雪球能力极强，中期稳住血量，后期成型后几乎无解，不管是刺客突进还是法师爆发，都能轻松反制，清场快、胜率高，每一局都能体验到碾压对局的极致快感。
 
三、眼前一亮的设计：英雄等级无上限
 
最让我眼前一亮的是英雄等级无上限设计，彻底打破传统自走棋三星定胜负的套路。不用死磕升星，专注培养单核核心，靠词条、装备与棋手技能把核心养到超高等级，以质取胜。运气成分大幅降低，策略深度拉满，每局都能尝试不同养成路线，哪怕低费英雄也能靠等级逆袭。配合棋手技能与阵营联动，可打造出极限单核，玩法自由度远超同类游戏，让自走棋从赌运气变成真正的脑力博弈。
 
四、对新手玩家的建议
 
新手入门优先选百人模式，规则简单、节奏友好，更容易熟悉机制。开局选孙尚香、闹闹这类操作友好的棋手，前期优先升人口占位置，别乱花能量刷牌。专注养1-2个核心英雄，不用强行凑全羁绊，坦克在前、输出在后，简单站位即可稳血。拍卖环节理性出价，不盲目追高；多余卡牌及时卖掉，避免资源浪费。先吃透一套阵容再尝试多变玩法，稳住经济、练好核心养成，上分效率会大幅提升，轻松从新手过渡到熟练玩家。
 ",2026-03-25 21:07,18,3,心空妙有～无妻境界,期待,20.6,48162898
王者万象棋,4,"玩法是自走棋，炉石酒馆，月圆之夜三者融合。
里面有ai指导，新手不会玩跟着点也能快速上手。
实际就是养大哥，谁的大哥等级高装备好就能赢，不管你是一星大哥还是五星大哥。
棋手有技能，不同技能强度差别挺大。
旗子都是王者英雄，但是技能没王者多，也没王者花里胡哨，一个旗子大多就一个技能一样，金卡了也没新增技能大招。",2025-12-29 12:32,60,2,小鹿鹿玩游戏,期待,,47316409
王者万象棋,4,"画风：偏现代潮流的那种，有点像现在泡泡玛特手办，大部分场景都会使用那种镭射银元素，跟其他游戏比也有自己的特色。
ip:从王者ip衍生出来的大部分人对棋子非常熟悉，能快速知道英雄技能等，可以说是便于玩家上手。除了棋手（也就是王者英雄）的技能有创新
玩法：不是传统的自走棋，更像卡牌+棋子的玩法，创新点在于棋手拥有技能，不同技能对对局有不同的影响，比如说我玩一个超级依赖主C的阵容，但对面孙尚香棋手的技能可以直接打棋子，直接把主C轰死了，所以既然出了棋手技能，也应该增加ban棋手的功能，这点万象棋目前没有，希望公测后能实装。
然后是游戏平衡性，万象棋这边还是在听取玩家意见一直在调整，因为这个游戏没有连胜和利息的机制，所以每次调整更新都是在修改角色数值或者技能
后面说是还会出一个百人模式，个人还是比较期待会不会出一些创新的点，毕竟常规的模式都和传统的自走棋玩法有差异。
社交：tx社交系统一直都是挺好的，万象棋里还加了个和棋手聊天刷好感度的玩法
氪金：目前主要的氪金点是棋手的皮肤、棋盘皮肤（这个真的很好看），对玩法本身基本没啥影响
目前也有待优化的缺点，比如经济性被削弱了、官方推荐阵容有点少之类的，但感觉后面应该还会调整吧，不管了，反正我觉得不要带很大的偏看吧，其实真还行",2025-09-04 17:36,254,12,止水。,期待,,46275334
王者万象棋,5,"我最喜欢的棋手是诸葛亮，技能机制灵活又有策略感，搭配阵容时容错率很高。建模精致、技能特效也很帅气，作为王者老玩家看到熟悉的英雄以棋手形式登场，体验感直接拉满！
最让我眼前一亮的是英雄羁绊与王者世界观的结合，熟悉的英雄组合能触发特色羁绊，既有情怀又有策略深度。战场特效和界面设计也很精致，玩起来视觉体验很棒。",2026-03-28 00:53,79,9,yy🐑,期待,,48182523
王者万象棋,5,"👍 好评：颠覆传统自走棋，爽感十足

1. 玩法创新：“不是在背公式，而是在组卡组”
多数玩家认为游戏跳出了传统自走棋的“羁绊至上”逻辑。

· 无限升级：将棋子升到100级甚至999级，技能产生质变（如安琪拉激光变三道光束），被玩家称为“一刀999的快感”。
· 装备轻量化：装备可以随意拆卸，不再需要记忆复杂的合成公式，大大降低了运营压力。",2026-03-25 22:22,20,2,happy-hc,期待,,48163503
王者万象棋,5,"《王者万象棋》体验满分！玩法层面重
构自走棋框架，专注阵容构筑与英雄养成，降低
了运营门槛，让玩家更聚焦战术博弈，随机禁用
阵营机制有效避免了版本答案的固化，可玩性大
幅提升；画面表现堪称顶级，棋盘场景细节拉
满，英雄技能特效华丽不卡顿，觉醒技能视觉冲
击感拉满：角色建模精准还原王者人设，皮肤质
感在线，老玩家情怀拉满全年龄段适配，是2026
年最值得期待的策略手游，五星推荐!",2026-03-31 17:05,47,5,www,期待,,48213556
王者万象棋,5,最让我眼前一亮的设计是“羁绊+棋手技能”的双重联动机制！不同阵营的羁绊会给全队提供属性加成，而棋手技能又能和特定羁绊形成化学反应，比如诸葛亮的“锦囊妙计”能让蜀阵营棋子触发额外暴击。这种深度策略组合让每一局都有新玩法，完全不会腻！,2026-03-26 13:20,18,3,vvz,期待,,48168044
王者万象棋,5,"作为一名自走棋老玩家，入坑《王者万象棋》前我其实挺挑剔的，毕竟市面上同类产品已经很多了。但玩了几局下来，有一个设计真的让我眼前一亮，甚至颠覆了我对自走棋的固有认知——那就是“英雄无上限等级养成”与“棋手技能”的结合。
传统自走棋（比如金铲铲或酒馆战旗）通常讲究“三星升费”，低费卡到了后期基本就是耗材。但万象棋打破了这个铁律。
万物皆可C的爽感：在这个游戏里，等级就是硬道理。一个100级的低阶英雄，真的可以追着高阶英雄打。这种机制让我想起了MOBA里的“六神装”Carry，只要运营得当，哪怕没有高费橙卡，靠着一队养到999级的小兵也能逆风翻盘。这种“养成感”比单纯的“抽卡感”更让我上头。
棋手技能的博弈：开局选棋手不仅仅是选个头像，而是选“战术核心”。比如我特别喜欢瑶妹的召唤小鹿充当前排，或者香香的火力压制。这让游戏从单纯的“看发牌员脸色”，变成了更有深度的“棋手+阵容”双重博弈。
《王者万象棋》不是简单的“王者版自走棋”，它更像是一款融合了卡牌构筑与即时养成的策略游戏。它降低了“赌狗”的运气成分，提升了长线运营的成就感。
希望官方能继续保持这种“低门槛、高上限”的调性，多出点像“疯狂赚钻乐”这样的趣味模式！期待公测！",2026-03-25 14:12,25,5,牛奶海鲜面,期待,,48160282
王者万象棋,5,"这就是我想的那种，音乐带感，特效帅气，而且局内音效非常热闹，其实鹅厂的游戏我不太想给这么高的评价，但是最近的游戏和他一比真的就是相形见拙了
看着界面是传统自走棋，其实玩下来，你会觉得，他对于我们这类玩自走棋菜的玩家非常友好，他不是完全需要运营的那种，而是妥协了传统自走棋需要攒钱吃利息，合理控胜率，也简化了升星，玩下来，他更像是把月圆之夜那种和传统自走棋组合，取其精华，去其糟粕那种，可以体验月圆那种叠叠乐，也可以体验传统自走棋的阵容，35？不存在的，后期大家都是35，每个卡牌都是5，特效给的很足，不只是特效，合理利用3d棋盘的视角偏移营造高端氛围
皮肤方面，算我求你了，你游是现在唯一一个自走棋小小英雄不抽奖的游戏，保持住，千万别学隔壁某铲，一个破棋盘1600，一个破英雄600，我希望的就是你游打破垄断行为，因为这些东西根本不值这个价，某铲开的好头，导致现在只要是个“自走棋”，所有英雄全抽奖，不抽奖的特效就是用脚做的
总结下来就是，整体够时尚，没错，玩起来真的很帅，看得出来，这游戏鹅厂真的是投入了，不敢说完全爆款，但是我敢保证除了绝对会在自走棋里有一席之地，前提是运营千万别崩，如果运营崩了，和那些看人下菜碟的游戏就没什么区别了
",2025-12-26 01:12,75,4,taptap指定团宠,期待,57.0,47277981
王者万象棋,5,我玩得最爽的阵容，必须是“刺客爆发流”！核心棋子选李白、阿轲、澜，搭配刺客羁绊拉满暴击和攻速，再补2个坦克前排扛伤，成型后真的是“秒天秒地”。开局直接切后排，对面的C位根本没机会出手就被秒，尤其是后期满羁绊+神装后，一回合下来对面直接融化，那种碾压式的爽感真的停不下来，而且阵容成型快，容错率也高，新手也能轻松上手，强烈推荐大家试试！,2026-03-25 15:26,31,3,虾仁不眨眼,期待,,48160692
王者万象棋,5,必须要吹爆诸葛亮！他绝对是我心中的版本T0级棋手。[表情_期待][表情_期待][表情_期待]技能“观星”太有策略感了，既能窥探牌堆提前调整手牌，又能精准控场找关键牌，不管是打前期节奏还是后期运营都全能。每次算准血量打出一套连招，那种运筹帷幄、反手翻盘的感觉真的太爽了！完全贴合了他“智绝”的人设，玩起来代入感拉满，新手也能快速上手体验到下棋的乐趣。,2026-03-25 19:45,21,3,西替歪,期待,,48162341
王者万象棋,5,"王者自走棋（王者模拟战）综合评价
 
作为王者荣耀IP衍生自走棋，它将MOBA英雄技能与自走棋玩法深度融合，羁绊设计紧扣英雄人设（如稷下学院、长安盛世），上手门槛低但阵容组合丰富，策略深度足。节奏紧凑适配移动端，能快速匹配对局；但版本平衡波动较大，后期运营同质化略明显，整体是兼具情怀与策略的优质休闲竞技之作。",2026-03-25 20:21,14,2,迹星,期待,,48162572
王者万象棋,5,最让我眼前一亮的是“等级转移+装备无损换”机制！玩惯了金铲铲，最怕给错装备、拿错牌直接烂分；卫戍协议里选错干员也难转型。但这作直接把试错成本清零，前期赌错的资源能无损喂给后期核心，想转阵容随时转，不用像以前那样一步踏错就等下一把。这种“养怪无负担”的设计，既保留了自走棋的策略深度，又把爽感拉满了，老玩家狂喜！😍😍,2026-03-29 12:25,44,5,宁,期待,,48195673
王者万象棋,5,"还是很不错的，游戏速度快，适合闲时玩一局，作为炉石和自走棋老玩家，也能感受到差异化以及想提供的策略深度，可能我更喜欢更多的思考而不是操作的原因，对于大量的操作是有点反感的
酒馆的电表倒转就是把bug当成了玩法，因为这个玩法又实实在在吸引到了一批受众，导致这个没法改了，不拔线，不脸滚键盘就没法玩，没有思考，全靠经验，一回合打完全是伏笔
希望游戏能找准自己的方向和受众，祝好了",2026-03-28 18:38,40,4,丿虾米灬,期待,,48188991
王者万象棋,5,"我最喜欢的棋手是李白！他的技能“诗酒剑歌”既能灵活位移又能打出爆发伤害，不管是前期抢节奏还是后期收割残局都特别顺手，而且技能特效充满了诗意与侠气，每次释放都感觉自己化身诗仙在棋盘上纵横，代入感拉满！
我玩得最爽的阵容是“长安射手流”！搭配狄仁杰、李元芳、公孙离等射手棋子，再配上长安阵营的经济加成，前期就能快速攒钱升人口，后期成型后射手们的攻速和暴击拉满，一波团战就能把对面血线瞬间清空，看着棋盘上箭雨纷飞的场面，真的太解压了！",2026-03-25 19:06,14,1,墨笙人,期待,,48162083
王者万象棋,5,"最喜欢的棋手：瑶
 
原因很实在：简单、保命强、新手友好。
技能是召唤小鹿帮忙打架，还能给队友加buff，不用复杂操作，跟着阵容混就行。不管玩什么流派都能搭，不容易暴毙，玩着很省心。
 
玩得最爽的阵容：大河射手（公孙离核心）
 
成型快、输出爆炸，看着就解压。
核心：公孙离+猪八戒+鬼谷子+虞姬，补瑶、张良都行。
前排猪八戒扛住，公孙离在后面疯狂输出，装备给对了，几下就把对面后排清完，满血吃鸡很常见，运营也不复杂。
 
眼前一亮的设计：等级可以转移，装备能无损换
 
这点真的很友好。
升错等级、给错装备，都能反悔重调，不用因为一步失误直接崩盘，容错率很高，手残党也能玩得舒服。
 
新手真心建议
 
1. 别一上来就追高费卡，先凑羁绊，用低费卡稳住血量
​
2. 金币别乱花，优先升人口，再慢慢刷核心
​
3. 先玩百人模式，规则简单，更容易上手
​
4. 棋手首选瑶、孙尚香，技能直观，不容易翻车
​
5. 前期别贪连胜，保血比什么都重要
 
整体玩下来：王者IP熟悉、上手快、爽点足，就是偶尔会被等级碾压，整体很适合休闲玩。",2026-03-26 11:20,21,2,柠檬酥,期待,,48166943
王者万象棋,5,"我喜欢的棋手是孙小宾，孙小宾‌是以‌时间操控‌为核心机制的棋手，其技能设计围绕‌卡牌回溯、循环与记录‌展开。其技能机制所依赖或偏好的游戏行为与策略。
他的技能“时光倒流”
资源复用效率高:能实现关键卡牌的二次调度，大幅提升资源利用率
战术容错率提升‌：即使未能发挥最大作用，也可通过“时光倒流”重新获得，减少失误代价
节奏控制能力强‌：通过回溯机制，可在前期稳定局势、延续攻势，为中后期建立优势奠定基础
适合偏好‌节奏控制、资源复用与战术预判‌的玩家，尤其在中后期具有极强的战略主导力
我最喜欢的高爆发法师流，搭配诸葛亮、嬴政、貂蝉等高频率技能英雄，配合回溯实现多轮爆发。搭配技能“时光倒流”快速堆叠高价值卡牌‌，通过“时之回环”实现‌双倍触发‌，形成滚雪球优势
",2026-03-25 23:05,19,2,嘉成,期待,,48163863
王者万象棋,3,"游戏建模画质方面优化空间很大，棋子等阶战斗能力也没区分好，高阶卡片百级也有被1阶卡爆杀的可能，尤其是海诺这个英雄蓝条比想象中的要长且伤害很低，甚至演出动画也不精彩，不像同价位李华的演出效果甚至不如鲁班。
羁绊阵容太少，阵容名称也看不出对英雄特色的展示，如果没玩过王者的话倒是没什么问题。
且棋手英雄对于战局影响能力过大，新入坑的玩家相对于老玩家不至于阵容思路上面的差距，还有棋手英雄的选择限制，这对于新玩家的入坑是不太好的。更希望游戏是奕子之间的对决而非棋手英雄参与战场造成太大的战力差距以至于无法反制",2025-12-28 08:09,37,2,弥猫,期待,628.9,47306541
王者万象棋,5,"在王者万象棋里，我最喜欢奕星，不只因为气质清冷温润，更因为他以棋定局、以谋制胜的技能机制，每一局都充满运筹翻盘的快感。他的核心技能棋道万象，能直接复制敌方英雄，把对手的战力化为己用，不硬拼战力，靠策略就能站稳脚跟。秘技谋而后定带来的驭势，可一次性复制敌方品阶最高的英雄，后期成型瞬间补强阵容，逆风也能逆转。6级解锁天赋神之一手更是精髓，开战直接征用对手等级最高的核心，对手养得越肥，我方越强，以彼之道还施彼身，爽感拉满。从复制、借力到反制，奕星的技能完美契合“棋手”定位，冷静、克制、步步为营。
 
",2026-03-25 22:47,17,1,龙凤双神,期待,,48163710
王者万象棋,5,"在《王者万象棋》的22位棋手中，阿离无疑是当前版本的绝对王者。作为新晋棋手，她上线后展现出了惊人的统治力，出场率直接超越了上个版本的真神小妲己，更拥有全棋手最高的夺冠率[表情_+1][表情_+1][表情_+1]
阿离之所以能成为版本T0，核心在于她独特的技能机制。她的被动技能""神来之笔""堪称神来之笔——每四次英雄合成就能获得一张即兴创作，可复制场上一名英雄，这不仅能快速补强阵容，更能在关键时刻保血稳节奏。而她的高阶秘技""惊才绝艳""更是逆天，解锁后可指定一名英雄直接获得4张该英雄牌，助力核心快速觉醒，实现战力的跨越式提升[表情_狗头]
更让我着迷的是阿离与阵容的完美契合度。目前主流的""伞耀炸盾""玩法最为稳定，各项数据远超其他搭配。如果你玩腻了这套，还可以尝试""小疯子玄策""或者""李白李信""的组合，甚至5回合前拿到狄仁杰也能打出不错的效果。阿离就像一个万能的战术核心，能适应各种不同的阵容体系[表情_酷]
当然，阿离也并非没有弱点。由于出场率极高，很容易成为其他玩家针对的目标，而且如果想养大哥流的话，前期可能会有暴毙的风险。但正是这种高风险高回报的特性，让使用阿离的每一局都充满了挑战和惊喜[表情_开心]",2026-03-25 23:44,23,5,123,期待,,48164131
王者万象棋,3,"冬测已经打上王者五千分，总体来说可玩性还是有的，惯用手法缝合技术，不过这次缝的有点意思。
玩法上基本上就是每张角色除了技能之外还有牌面特性，要构筑出理想的阵容并且将c位尽可能升级，提高战斗力。
优点是顺的时候很爽，棋子击杀反馈强，在好的电脑上表现力很好。
而且为了减少一招鲜吃遍天的公式玩法，每一把随机禁用阵营以及随机加成英雄的机制还是不错，不过不知道为什么不敢随机禁用棋手，是不是怕影响到特定棋手冲分？
缺点嘛，还是有挺多的
1. 经常不来牌，有的时候一整把标记了一个没有被禁用的棋子都不来一张（可能是我运气不好）。
2. 平衡性有问题，没错，即使是后期测试还是有逆天到紧急削弱的棋子（前段时间的曜和嫦娥玄策），很多棋子加强了还是查无此人。
3. 太看运气了，作为自走棋游戏，加入了棋手技能很合理，但是有些棋手类似乔汐，第一回合就能来一张司空震养着，直接就变成老二争夺战了，未免有些逆天。
目前冬测打到王者三千以上就变得非常累非常高压了，有的时候一切正常突然就有一家六百几司空震出来，特别吓人……前期沉迷了小半月了，打到现在也没动力了，不过测试服有重置段位系统还没用过，缓一段时间再说吧。",2026-01-19 04:08,154,12,超级大菠萝,期待,,47498081
王者万象棋,5,"从首曝后的了无音讯到今天突然复活还是挺惊喜的，原本以为就是个用着王者模型的换皮自走棋，看了预告可以说是出乎意料了。
叠甲：以下这些仅代表我对预告片的理解，不一定准确
和传统走羁绊流玩法的自走棋相比，万象棋不太一样的点在自走棋融入了卡牌玩法，棋子以牌的形式出现并带有卡面效果，强度可以通过对应英雄的卡牌合成来提升；且猜测每个棋手都有自己的对应的技能牌，也可以帮助提升棋子强度（预告里的白哥就有这个copy卡牌的技能）。
从这里就能看出万象棋的玩法机制有较复杂的地方，也许需要一定的游戏理解门槛，好处就是能减少经典的公式运营，对局的随机性、策略性也大大增加了。
很期待25号直播放出更多内容，30s能了解的东西太少，非保密测试也搞快点，不要再隔一段时间再炸诗一下了，不希望还没玩上你游就凉了[呲牙]",2025-10-17 14:09,159,7,啊拉诺诺手,期待,,46650696
王者万象棋,2,"首先王者段位证明玩过。
在自走棋里面，运气成分占比相当大的一款。原因有四个:
1.棋手适配的顶级阵容基本上1-2套，相当于开局定阵容，没什么转阵容的空间。半路转基本上烂分，毕竟让一个大加成。
2.游戏时间相对短，血量少，节奏快，阵容成型后每一回合战力都叠的飞快。所以来牌越顺，阵容上限越高，有时候比其他人早搜齐一回合，他就永远打不过你了。
3.天赋（铲子的海克斯）强度差距极大，甚至明明白白告诉你金天赋还分真金和银金。
4.d牌机制。这游戏卡关键牌三四轮d不到基本上可以点了。偏偏经常遇见这种情况，牌库明明白白写着8/9，就是不给你，这种情况玩过的都知道吧？偏偏经常遇见。
结论就是运气占比相当大。当然除非你一直玩庄周香香这种灵活的棋手，随便吃分但是吃鸡率低，难以体验不了999级的爽感。",2026-04-02 08:30,94,12,手机用户70366524,期待,,48225890
王者万象棋,5,"微信的号，首先非常喜欢，从开始登入到现在已经沉迷三天了，登入前有看别人的对局所以能玩的懂。说实话23年那测类模拟战的我也玩了，结果是玩了一天就没再玩了。这个改动还是挺成功的。
优点：UI高级简洁，音乐音效很合适，操作方便，如不用卡牌放到手牌区，可直接打等。策略性不错，也有有赌心理的棋手
缺点：棋子棋手太少，可玩性太浅。棋手整体美术不行，看得出来棋手阿离昭君是专门优化过的，但是昭君伴生皮加载动画局内还是老建模，看得出来人力不行。棋子卡牌有些新画的海报和其他原来王者的海报格格不入。卡牌有立体，动态，特效，镀闪，但大部分棋子都还在制作中，看得出来人力真不行。
玩法方面，最最重要的，阵容预设席位太少，这个不用什么技术吧？可反制的效果牌太少，决赛牌也少，如对面只养一个大哥的反制牌，对面全员大哥的反制牌，现在还停留在等级比大小阶段。克制也只用棋子克制，克制手段太少，没有博弈性。最后，AI只能新手用用，钱是一定要花完的，可是我要留着下回合升级的。关键的卡牌有些AI也不会提醒。
总结：目前是可以上线的，把一些美术氪金点优化就行了，棋子棋手数量问题公测慢慢更新即可。
————————————
补充冬测图",2025-11-04 14:11,149,10,关玉竹,期待,,46837369
王者万象棋,4,"首先，这棋手画风我是真的不喜欢，整体太幼了，和可爱不搭边，棋子 卡牌画风还不错。。感觉棋手做成灵宝风格也比现在强。
 玩法方面：
      开局选想玩的棋手，然后开始对局，到了钻石及以上段位，会随机到三个棋手有特殊加成（比如多几滴血 多几块钱 额外给张牌一类的），当然如果这仨都不想玩还是可以选想玩的。
      可以说是酒馆战旗 月圆之夜的玩法套了金铲铲的棋盘。构筑乐趣也有，只是少了些随机性，很大可能是一套阵容从头玩到尾，，很难有指数性的提升，就算阵容齐了，也得慢慢养等级（个别棋手除外）。
         不过胜在稳定，一套棋手阵容熟练的情况下，基本能d到自己想要的组合（赌狗除外）
 付费方面：
         棋手类似于王者那种，大部分活动送，或者花点游戏币也能买，氪金也就皮肤 棋盘 攻击特效一类的，或许以后会有个拍卖项目，测试的时候就是话些游戏币拍卖到发实体物品（手办 卡片一类的）。
整体感受
         刚开始玩有些手忙脚乱的，熟练了其实就那些东西，剩下的无非是装备选择，阵容选择自己站位。 
        我已经陆陆续续玩了几次内测，翻来覆去就那些，官方也是小修小补，玩法可以说已经非常完善，再不公测，我是真没兴趣再测下去[表情_捂脸哭][表情_捂脸哭]",2026-03-02 10:54,135,5,尘,期待,,47977779
王者万象棋,5,"比较喜欢自走棋的玩法 运筹帷幄
里面各棋子之间产生的联动效果让我眼前一亮 而且999＋看着很有爽感 
想上分推荐看博主教学 学一两套阵容 玩的多灵活运用起来 很容易上分
也更推荐新手自己摸索 自己体会棋子羁绊与联动 打好配合 搓出小永动机也很有成就感 期待",2026-03-26 11:07,29,2,日月为礼,期待,,48166820
王者万象棋,5,从棋手到棋子的技能特效都很不戳，连续击杀的炸裂表情包也酷毙了，非常喜欢这美工,2026-08-03 13:52,10,1,旧时,,,49880178
王者万象棋,4,"真没想到，王者下棋在玩法和机制上还有创新。《王者万象棋》跟金铲铲、云顶之间的区别挺大的。

一、英雄二合一，基本不卡手
目前排组角色不是特别多，但有个重要机制：你上线的这些英雄是二合一，不是三合一。所以基本不存在卡手。而且它的二合一不是相同等级才能合，你可以一直用一级英雄往上累加，不会卡手。像玩云顶之弈，经常手里存着多个英雄，会卡手；这游戏通过这个设定，就不会卡手了。

二、英雄升级和觉醒
第二，游戏里的英雄会升级，这升级挺重要。各个不同流派都在促进他们升级。升级之后角色能觉醒，更高等级之后可能还有属性提升，挺好。

三、装备系统简化
装备选择和推荐这块，因为游戏智能化，像云顶是两个装备合一个，这游戏直接就是进攻型装备、防御型装备，你放在角色身上，它就给你选项，而且智能推荐他用什么装备。虽然装备合成之后不能退出来，但有些装备可以泛用。装备成本变得很低，操作成本也低，因为不需要两个装备合一个。普通装备和防御装备放在人物身上，人物就给你推荐，这也是挺好的改进。

四、核心改变：名词替换、觉醒和卖卡惩罚
另外一个很核心的改变：游戏里的升级、买英雄这些东西，都换成了其他名词。第二核心点：英雄一直往上合，合成很高后会进入觉醒状态，当然还能继续升级。这个英雄如果卖掉，游戏里有个很强的惩罚机制：不管合成多少次、花多少钱买，卖的话只值一块钱。这游戏把风险和收益做得很有趣。我觉得《王者万象棋》我虽然不玩王者荣耀，但觉得挺好玩的，设计上真真是有东西，看起来经过大量打磨。手游里做玩法改进和创新，很多手游不具备，特别是研发成本非常高、又很看重回报率的游戏。王者荣耀这方面做得挺好。

光这三个创新点，就已经把它跟云顶、金铲铲区分开了。首先，它不存在合成英雄卡手的情况；第二，英雄两个等级往上升，但卖掉只值一块钱，风险和收益非常好，它把前期的风险和收益降低了。你如果一直往上合，合一个前期装备、前期英雄，像云顶里卖掉英雄还能赚很多钱；但这样的话，经济平衡就做得特别好。造成的结果就是，卡金币，或者靠存金币这种方式，在这流派里基本直接去掉了。在王者万象棋里，云顶那种吃经济效益、吃利息，包括有些技能能帮你一下子拿特别多钱，这些直接去掉。王者万象棋把这点去掉了，相当于重构了一个体系，跟云顶之弈、金铲铲没有任何关系，自己设计了一款下棋游戏。我觉得这一点非常有原创性、有胆量，也变成不得不推荐大家玩的情况了。王者万象棋就是这么一款很突出的游戏。

五、角色技能和卡组体验
还有一点，游戏中的角色有技能。玩家上线的角色有各种各样的技能，能触发一些技能，相当于额外一个角色。这个角色随着后期会逐渐解锁。我觉得这点做得很好，策略性变得很强。游戏里会有电脑推荐，角色跟哪些卡组更适配，当然你也可以有自己的理解。

我玩的时候比较随便，最开始选的是新手教学推荐卡组，一个升级、升等级的排组，加上吕布，掠夺等级，然后变得特别特别厉害。吕布等级会特别高，好像只有他自己，一个人单挑所有人一样。后面玩一下，感觉猪八戒这个排组挺厉害，我就一直玩猪八戒牌组，觉得挺强。但要注意节奏，因为猪八戒牌组属于前期很卡手的。前期你要么牺牲经济，合一个比如牛头，虽然跟你的牌组没关系，但能抵挡很多伤害；要么中期受伤，或者中期花大量钱但不往上升，其实挺卡节奏。这个角色就是这样。

总结
我觉得《王者万象棋》真的很有特点。手游里你想玩一个创新点，挺难的。假设王者万象棋不是腾讯出的，或者不是任何游戏出的，它是个单机游戏，我也会推荐这款游戏。它设计真的很有意思，设计点、改良点真的很有创新点。",2026-09-17 03:39,0,0,糖球君,,0.1,50429960
王者万象棋,3,玩到100级了，确实不错，上手简单，深度也有，玩久了就有点腻了，真的是运气大于博弈。目前棋手有点多，阵营有点少，太杀时间了，所以选择退了。,2026-10-07 00:13,0,0,Evan,玩过,,50655443
王者万象棋,3,每个棋手能玩的阵容就那么几套，跟金铲铲不一样的所以他的elo机制玩起来太明显了，有时候就是没人拿卡十几块甚至二十几块不出都是有的,2026-10-06 20:38,2,0,sdkkdskwk,玩过,,50653039
王者万象棋,2,运气游戏，在这里运气决定一切，无论你有多少操作和意识，没有运气就只能等死。,2026-10-05 23:44,2,1,墨侯,玩过,,50643726
王者万象棋,4,整体来说还可以，每个角色设计的还都可以 可玩性还是可以的  但对比铲子来说还是差一点点的[表情_微笑],2026-10-04 13:38,0,0,星⭐,玩过,7.6,50624647
王者万象棋,3,依托王者IP，英雄熟悉，上手门槛低，对局节奏轻快，棋手专属技能、效果牌带来不错的策略乐趣，单局时长适中，闲暇时游玩很合适。但玩法深度有限，部分对局随机性较强，阵容选择不算丰富，长期游玩容易乏味，更适合轻度休闲玩家。,2026-10-05 11:27,0,0,Moon~,玩过,1.8,50635434
王者万象棋,3,其实这个也还好我感觉就是感觉各方面正营的英雄有点多不知道舍哪个我有点选择困难,2026-10-04 18:54,0,0,林鹤,玩过,3.4,50628358
王者万象棋,5,jcc 的玩法更像是麻将，需要根据来牌组牌型。这个更像是 21 点。极度有限但是所有人一致的资源，需要快速做出判断然后比大小。很有意思的游戏。,2026-10-04 02:07,0,0,轻言似烟,玩过,,50620558
王者万象棋,2,游戏整体性可以，不平衡可以接受，但是倒转三分这个玩法真的有问题，手机操作极度不方便，只能电脑用。,2026-10-04 00:49,2,0,茶凉,玩过,,50620038
王者万象棋,3,"来牌非常糊的一把，但还是被第一送走了（除了第一其它都打得过），看到第一从头到尾只养了一张一阶卡，旗手甚至没升六，不禁感慨万千。虽然这游戏本质看脸吧但也难掩这游戏旗手之间的不平衡，不说什么阵容克制，有的旗手确实是容易吃分且上限也高，就很恶心。但游戏本身还是好玩的，组排体验也不错，值得一玩。



",2026-09-29 15:44,1,0,Iam正人君子,玩过,56.0,50564816
王者万象棋,5,拍卖环节是真的刺激，跟人抢核心卡抢到最后一秒，可以说是最紧张的时候,2026-10-03 17:42,2,0,99999,玩过,,50614719
王者万象棋,4,打了一周进王者，缺点很多，玩法其实蛮多的，每个棋手其实都有自己一套王者阵容，当然你也可以版本恰懒分。但我只说一点，说D牌一直D不到的可以看看选人时候是不是无脑跟其他人选一样，或者选个被禁的阵营。娱乐为主，说运气游戏的，想想自己是不是也D到过自己想要的牌在关键时候，别一下D不到人就红温，多大人了。,2026-09-27 01:31,2,0,Eric,玩过,103.5,50537712
王者万象棋,5,刚开始是奔着玩到白银送q币玩的万象棋，玩到白银发现这游戏性还是很高的，开始喜欢上这个游戏了，大火的王者ip加上轻松休闲的游戏模式，一上手就会喜欢上的，休闲解压合格——赢了是胡牌爽，输了是运气差，输赢都跟你关系不大，适合双排一起玩，共享分数,2026-09-22 02:27,3,2,幻,玩过,,50479530
王者万象棋,5,没事摸两把挺有意思的，上手难度低关键是节奏太快了，撑死撑死20分钟拿下,2026-09-26 20:52,1,0,User404196924,玩过,,50533896
王者万象棋,3,比起平常的金铲铲，确实有更高的上限，可以一直给角色升等级，就算是1星角色也可以养到后期，提升战力值，但前期可玩性和选择性太少了,2026-09-26 16:48,1,0,云烟成雨,玩过,9.1,50529833
王者万象棋,4,好玩，就是太看脸了，运气好了一把爽吃，运气差了到死核心也出不来[表情_丑竟己],2026-09-28 12:42,0,0,桃夭不是妖,玩过,96.0,50553410
王者万象棋,5,装备系统说法也很多啊，又是能变猪，又是能减速眩晕的感觉有很多控制都藏在装备效果里,2026-09-27 15:35,0,0,白伊,玩过,,50544357
王者万象棋,3,"玩了好多天，感觉真不如以前的自走棋好！
这个王者的运气成分有点大！
低端局到不明显，因为低端局很多玩家试新阵容，肯定得水几把，前中期阵容强度不高，所以但凡会玩点，就可以在发育起来前锁血",2026-10-01 02:01,2,0,✨丶千羽,玩过,,50580433
王者万象棋,5,棋手和棋盘的皮肤做得挺用心的，尤其是云海梦境那个棋盘，升级特效配上鲸鱼叫声，氛围感拉满,2026-10-01 20:34,2,0,差不多先生,玩过,,50589846
王者万象棋,5,发现瑶妹跟香香很多相似之处，尤其得拿连胜，不然一个后期没伤害一个小鹿扛不住,2026-09-27 22:30,0,0,p,玩过,,50549074
王者万象棋,2,输出爆论，庄周这个角色就是专门用来不断优化ai猜牌的能力来达到卡玩家手牌的目的的，真要玩的话平常心，遇到被卡牌的迹象就可以停手退会游了。,2026-09-29 22:14,0,0,寻觅所觅,玩过,0.7,50568416
王者万象棋,5,毫无疑问是鹅厂出的良心游戏。一分不氪也能畅玩，只剩几位棋手玩不了。不卖数值，只卖皮肤，所有玩家只有策略的博弈，非常好。那些玩不明白的菜鸡和水军就是你王者之路的垫脚石，通通SAP。,2026-09-27 10:39,0,0,大鱼一号,玩过,,50540382
王者万象棋,1,"鹅厂特色，依旧卡牌，依旧低分匹配高分，依旧连胜降低有用卡牌刷出率，踏马的连着十几把万年老二，永远棋手满级主C卡牌最后刷出来对手卡牌满阶永远马上败了刷出来有用卡牌

",2026-10-01 16:04,4,0,牧夏,玩过,,50586495
王者万象棋,1,已经卸载了 王者2000分 苦心运营被无脑挂机阵容暴打 把把被嬴政20血抬走 不给反甲怎么玩,2026-10-01 17:14,0,0,长春花开,玩过,,50587407
王者万象棋,3,《王者万象棋》是一款爽感突出的IP自走棋，简单好上手，却受运气限制，适合休闲放松，策略深度尚有提升空间。,2026-09-29 13:14,1,0,听风,玩过,4.2,50563564
王者万象棋,5,如果是刚接触这个游戏那就大大方方相信灵宝的力量，学习基础没问题的,2026-09-27 16:32,2,0,宝宝,玩过,,50545055
王者万象棋,5,说缺钻石的提醒一下还可以卖卡片哦，反正卡牌升级也只是加特效而已,2026-10-01 19:31,1,0,你站的方位,玩过,,50589071
王者万象棋,1,"游戏玩法可以打一局要30分钟
另外就是阵容和运气 
一天打两局，一个小时过去了",2026-09-29 12:56,1,0,不忘初心,玩过,,50563425
王者万象棋,5,段位越高越发现牌库里面的牌越多越容易受影响，硬追阵容费力不讨好，学会用棋子和羁绊来过渡经济就顺滑的多了,2026-09-28 15:49,2,0,游离,玩过,,50555044
王者万象棋,4,不用补兵不用丢技能，纯动脑就行，不过要是有预设好的阵容丢给灵宝，那就更省事了，嘻嘻~[表情_狗头][表情_狗头][表情_狗头],2026-09-30 15:10,0,0,你看看,玩过,,50573817
王者万象棋,5,要懂得灵活变阵，选个瑶妹半天摸不到李信，转头去玩大河龙蛇也是一样的，而且核心更多更容易过渡,2026-09-28 19:29,0,0,啾啾啾,玩过,,50557140
王者万象棋,4,游戏很成熟，入门门槛可以依靠ai迈过，精通难度较大，但是不能变阵导致趣味性有点低，希望以后运营跟上。,2026-09-28 10:06,2,0,PQ,玩过,,50552162
王者万象棋,5,谁说玩法固定的，本来想玩李信的结果一整把快结束了才爆一个李信，倒是前期开出来一个狄仁杰，又是送上官婉儿又是送程咬金的，果断转流派那必是美美拿下啊,2026-09-28 14:53,1,0,阿呆,玩过,,50554555
王者万象棋,5,猛然发现反甲苏烈真算是邪修了，前期保血量挺好用的后期再转生司空震,2026-09-27 12:14,1,0,hdndi,玩过,,50541711
王者万象棋,5,棋手私聊那个Q版表情包挺可爱的，建议官方多出点，我没事就喜欢点两下看看,2026-10-01 20:21,2,0,张张先生,玩过,,50589666
王者万象棋,3,玩法可以，已经光速上王者了，但已经开服几个星期了，我电脑端还能时不时死机，就万象棋这样,2026-09-29 17:50,2,0,嗯,玩过,,50565956
王者万象棋,1,"对新玩家比较好，对老玩家不太好
我玩的三分之地吕布刚玩时第二次拍卖会就有了那几局升级也快刷的同类牌也多，之后的几局游戏快结束了刷新好几次都没有同类的牌",2026-09-29 19:09,3,0,Tap,玩过,6.1,50566605
王者万象棋,4,"作为创新版自走棋，真要做的话，玩法上限其实很高，但现在的版本还太原始，玩着总有点别扭。
具体体验类比下铲铲，虽然玩着不无聊，挺有意思的，但玩铲铲我能玩一整天从早到晚，玩这个最多两个小时就下了（确实比不上铲铲），玩法上如果能优化些会更好，但王者策划我不敢说，再观望观望。
.如果是王者或者铲铲玩家，值得试一下。",2026-09-30 18:43,1,0,鯨呆🐳,玩过,,50575931
王者万象棋,5,算是玩法轻松那一档的竞技游戏吧，一把时间也不长而且无论是玩操作的还是想躺平混分的都有法子,2026-09-28 13:56,0,0,浴吙喠甡呮ゐ咿亽,玩过,19.3,50554062
王者万象棋,3,一直在pc上玩，移动端没时长。自己号打上王者又给朋友打上王者，挺好玩的，就是每天晚上的王牌对决让我输了好多钻石😭扣两星,2026-09-24 10:31,2,0,Blis,玩过,,50499274
王者万象棋,5,在游戏中即便处于前期劣势不代表没机会，后期能不能翻回来还得看运营和判断，不是纯拼运气。,2026-09-23 14:31,0,1,战战,玩过,,50491870
王者万象棋,5,建议加个成就奖励系统，完成成就能给点奖励啥的，现在完成了纯是放个人资料里当名片用,2026-09-23 17:27,2,0,User112215319,玩过,,50493369
王者万象棋,5,比较喜欢那种一直刷牌的感觉，凑三分阵营的时候玩的很爽一边刷一边酷酷升级,2026-09-22 15:50,2,0,可爱的美女,玩过,,50483347
王者万象棋,4,画风不太喜欢，单纯为了做农活下的。但玩起来发现意料之外的好玩，整体还是比较上头的。没有特别硬伤的地方，但平衡性这块还是有待调整的地方。继续加油吧。,2026-09-23 17:11,0,0,：,玩过,,50493235
王者万象棋,5,这游戏硬抄阵容只能算入门，得了解每个阵营的运营节奏跟英雄选择，变阵就灵活多了,2026-09-26 17:26,0,0,别趴了，该起来了。,玩过,,50530495
王者万象棋,5,刚开始玩感觉好无聊  玩给十多把后是真好玩我靠  就是钻石能不能多来点啊 不够用啊啊啊啊啊啊啊啊啊啊,2026-09-25 08:27,1,0,南寻,玩过,372.4,50508660
王者万象棋,5,没有那么多羁绊要去记要去考虑，主要是靠棋子之间的效果联动，挺简单的,2026-09-24 23:49,1,1,小鱼,玩过,,50506607
王者万象棋,5,白歌这个无限复制真的太爽了，有的时候可能刚好就差这张，前期萌新玩这个好上手,2026-09-22 00:15,0,1,ㅤ,玩过,,50478976
王者万象棋,2,棋子索敌感觉很奇怪，小鹿在战场另一边，角色后面一格就是射手。虚空索敌到了小鹿身上,2026-09-25 08:10,0,0,？？？,玩过,197.8,50508568
王者万象棋,4,作为一个自走棋，质量还是可以的，不要因为它是农的衍生作而下意识贬低。门槛挺低的，个人感觉和玩没玩过农关系不大，技能和装备的效果很好理解，哪怕无脑给大哥拉等级也有一战之力，由于拼的是等级所以对于新手来说只要拉等级就行了，其他的感觉没那么重要,2026-09-26 20:48,0,0,茶楼,玩过,23.2,50533813
王者万象棋,5,终于不用公式追三星，这个养大哥的机制太适合我这种不喜欢公式化的人了,2026-09-24 23:58,0,1,傅阮奇,玩过,,50506684
王者万象棋,5,"RT萝卜青菜，各有所爱。
内测的时候就玩了，开始玩的时候没觉得惊艳，随着深入游玩，越来越上头，每局的牌运不一样，策略也不一样，不一样的棋手玩相同或者不同的阵容都能有不一样的体验，我认为挺好玩
",2026-09-24 08:56,2,1,Orange,玩过,74.1,50498640
王者万象棋,5,玩法有创新，运营比运气重要，输了也能迅速下一把，通勤路上来一局刚刚好,2026-09-26 18:48,2,0,冬天里的一把米诺,玩过,,50531874
王者万象棋,4,"第一次玩类似的游戏。说实话挺上头的，而且UI设计非常流畅，充满了未来感，有种赛博朋克的感觉。看得出来投入了很多钱。
只可惜我非常抗拒这种游戏模式，所以估计是不怎么会玩了。",2026-09-23 15:07,2,0,之水,玩过,3.1,50492208
王者万象棋,2,"缺点:难变阵，阵容绑棋手，容错低容易暴毙。
优点:时长短，易上手
更新估计也不会像铲铲那样羁绊棋子什么的全部重做，翻来覆去那几个阵容，很容易就腻了，不看好。",2026-09-22 09:41,0,0,〰,玩过,37.9,50480609
王者万象棋,5,感觉旁边的营地助手可以优化一下，怎么看不见棋手的伤害，希望能把棋手的行为过牌伤害，效果牌之类的也进行记录,2026-09-23 17:56,0,0,百无,玩过,,50493599
王者万象棋,5,看久了感觉Q版的还挺耐看可爱的，尤其棋盘上棋手放技能特效出来的时候，视觉冲击力意外的强,2026-09-23 16:23,2,0,宝宝,玩过,,50492849
王者万象棋,5,挺好玩的一个游戏，无论是操作经济系统装备升级上比传统的都有一定的简化,2026-09-25 22:06,0,0,听剑,玩过,,50517380
王者万象棋,5,嫦娥和瑶妹出新皮肤了，日月向的太好看了，我要第一时间把嫦娥的拿下！,2026-09-25 22:15,0,0,小兔糯,玩过,,50517475
王者万象棋,5,每人得分与本队排名最高的队员一致也太爽了，也不用担心分差大了排不到一起，真正的一起上分,2026-09-22 19:22,1,2,11111111111,玩过,,50485066
王者万象棋,5,棋手技能、词条和英雄阵容搭配要考虑的东西还挺多的，同时研究出一套厉害的阵容也是正反馈满满,2026-09-23 18:22,0,1,嗯嗯嗯,玩过,,50493794
王者万象棋,5,进游戏阵容都在上面推荐好了，完全可以跟着灵宝的推荐走，不知不觉就理解阵容是怎么构筑得了,2026-09-25 23:07,2,0,理想恋人の嫣,玩过,,50518035
王者万象棋,5,有的成就可以在段位低的时候抓紧时间拿，比如像【刷起来】需要使用棋手白歌触发单回合100次登场。等段位高了牌库刷新受限，就很难凑齐了,2026-09-24 22:37,2,0,犹豫的鱿鱼,玩过,,50505890
王者万象棋,5,棋手之间的专属语音彩蛋挺搞笑的，瑶妹输了白歌会调侃她回去上班，这种小细节老农民听了立马就笑出声来，希望能多来一些英雄之间的互动小彩蛋多来点梗吧,2026-09-22 20:44,0,2,.,玩过,,50485744
王者万象棋,5,上分挺轻松的尤其还有同分共享的机制，组队就能跟队友一起上分不看名次了。,2026-09-25 14:27,0,0,qq,玩过,,50512262
王者万象棋,5,百科写的挺细节的，各种牌效装备效果甚至回合作用都有说明，上手难度降了一大截,2026-09-22 14:59,0,1,任汝芬发,玩过,,50482923
王者万象棋,5,手机端优化比想象中好，玩了一下午也没怎么发烫，帧率挺稳的，画面上不如pc是肯定的,2026-09-24 23:38,1,1,曲奇🍪,玩过,,50506498
王者万象棋,4,万象棋爽是真爽，碾压也是真碾压。一旦大哥等级被对面拉开，基本很难翻盘。玩法很新颖，但是深度还有很大提升空间～,2026-09-22 12:13,1,0,六月六的小少年,玩过,,50481731
王者万象棋,2,可玩性还好，只能说是系统给你什么东西你玩什么阵容，看着有很多阵容，实际上系统只给你几个去选择，前期过渡很难受，玩到真人局阵容成型后极难变更阵容，要是对面阵容正好克制你就只能给了，对局进度极慢，打一把王者都比这个时间短，一局就算是人机碾压局也要打二十几分钟，要是真人局就几乎翻了一倍时长，不是王者有限时点券和皮肤送我也不会去玩这个东西,2026-09-23 12:45,0,0,甲,玩过,9.4,50491018
王者万象棋,5,其实真还可以，缝的挺好的。玩酒馆战棋的上手非常快，难度和上限比酒馆战棋低,2026-09-26 19:29,0,0,理塘丁真,玩过,35.5,50532523
王者万象棋,5,虽然香香前期强，但是后期棋子都起来强度就陆续下滑了，甚至遇到瑶妹那样的大前排也会被克制,2026-09-24 21:45,0,1,良辰,玩过,,50505290
王者万象棋,5,我算是明白了不能盲目追高阶卡，先凑基础羁绊稳住血量，用低阶卡过渡才是王道，别问我怎么知道的，泪的教训....,2026-09-25 18:51,1,0,蜡笔小新,玩过,,50515239
王者万象棋,5,装备可以随便拆卸这个设计太良心了，不像别的游戏给错装备就得卖了棋子才能把装备换下来,2026-09-25 23:03,0,0,1.7,玩过,,50518006
王者万象棋,2,怎么说呢 时间真的很短 最大的缺点应该是游戏发育不完全吧  有时候就算阵容成型了 也压不过对面的阵容 （难以灵活变通）缺少一定的对策牌 画面还可以 就是有时候那个刚点进排位加载动画 真的很浪费时间 人生毫无意义的两三秒 (⇀‸↼‶)我承认玩不来 退坑了 ,2026-09-22 03:30,7,2,白,玩过,17.5,50479679
王者万象棋,1,界面简洁优点，运营意识到了之前王者角色的背景故事的割裂，新游努力想让玩家摆脱这种印象名字做出差异化，好评。玩一局时间太长了，第一局节奏又太快经常第一局没放好就输了。玩玩尝尝鲜还行，没啥意思,2026-09-23 21:32,1,0,iou,玩过,,50495558
王者万象棋,5,亚连这个改动好啊，取消阵营限制，就能加到其他的阵容去了，玩法就更加的灵活,2026-09-25 18:06,1,0,泽阳,玩过,,50514765
王者万象棋,5,不敢想要是以后把农药里面的英雄都安排到小万里来，以后打牌得多刺激，更别说现在还创新杜甫这样的棋子加到里面,2026-09-25 22:14,0,0,唐德欣,玩过,11.4,50517466
王者万象棋,5,白歌这个棋手真的玩不腻，每把都有博弈的紧张感，赌狗赌到最后应有尽有，就是手速跟不上,2026-09-26 19:20,2,0,王一博老婆,玩过,,50532370
王者万象棋,5,"还是挺好玩的，这类玩法我一直挺喜欢的，但其他游戏只是出活动限时没有永久的，金铲铲的画风也不是我喜欢的
游戏是看你个人的，你不喜欢说明受众不是你因这点来评价游戏我是不建议的，反正我个人还是挺喜欢的越玩越上瘾好吧😁",2026-09-11 14:55,1,2,小魈子,玩过,,50380636
王者万象棋,1,注册后打四局解锁排位，青铜把把赢的情况下上到白银也要四局以上，一局20分钟，拿到6Q币要三个小时左右，为了领Q币而玩的玩家，可要细品几个小时才行哦,2026-09-10 10:01,7,1,我就爱说点小实话,玩过,,50369689
王者万象棋,5,作为炉石的老玩家，我承认三分倒转的设计确实新奇，有卡牌构筑那味儿了,2026-09-10 11:18,1,0,重庆好多货 好货多,玩过,,50370368
王者万象棋,4,"玩起来真的上头，开始看不懂玩了两天基本的都了解了就特别上头，以前从来不评论游戏的但是看见这个差评这么多，也是忍不住了，真的是一款好游戏，不要被王者ip影响自己去玩一玩感受一下。
但是有一个差评的地方就是为啥不能6个人组队啊，这个跟金铲铲一样多好啊7个人都能玩，想要一块内战结果不行",2026-09-15 00:33,1,1,凌秋,玩过,,50413504
王者万象棋,4,对咯 我以为云顶铲铲环境就够卷了 没想到还有高手 再玩两天适应版本 回来改评论,2026-09-18 02:00,0,0,QQ用户9695604,玩过,,50440294
王者万象棋,5,"真心来说，万象棋绝对是好玩的，而且和大部分自走棋不一样，他的核心是等级而不是羁绊和星级，我相信有很多之前玩金铲铲的人转过来尝试的时候都会感觉很难受，因为这两个游戏完全就是不同的思路，这个可能更像某些打牌游戏。
最后，客观的说一下，我唯一想吐槽的点只是在局外几乎就把阵容定型了，局内很难有几个阵容可以让转，但感觉也是必要的，有好几个阵容如果有让转的条件，也就是卖牌能三费的话，直接起飞了。",2026-09-11 08:09,4,8,林函,玩过,,50378131
王者万象棋,3,对我这个第一次玩自走棋游戏的新手玩家来说，其实还可以，里面的画面色调ui样式都挺好的，甚至还有巅峰对决的音乐…但是一局游戏太长了…感觉自己在打货币战争，虽然没有货币战争长，但是打架的时候不能给我一个2倍速按键吗,2026-09-11 10:14,0,0,LLLL,玩过,,50378687
王者万象棋,4,"很好玩，玩了一天了，现在刚开始棋子少平衡性差可以理解，比铲铲好玩多了，机制玩法已经秒了

赌狗盛宴，赶紧升级看天赋，差的可以退了[表情_酷]",2026-09-20 23:32,1,0,沉默术士,玩过,,50469925
王者万象棋,5,"这个游戏抄的不错   炉石和云顶都抄了  这俩都是我爱玩的   只不过优点抄进去了  缺点也抄进去了   
阵营太少  个别英雄太阴间  棋手也是    这个版本河洛太变态了。。。  三分也是。。。   逐鹿养起来还行
日落海也得养 这俩还行   无阵营要不姜子牙  要不猪  海陆空还是有司空震。。。   无阵营就靠海月这一张变态卡。。   棋手强的就是李白和孙尚香   一个前期一直赢  很难输  一个后期赢  后期锁血   再就是瑶妹和嫦娥了  一个牺牲李信  一个海陆空   别的就是嬴政了   其余的都跟上面的差太多了  平衡很差  期待下个版本的优化 
游戏刚出  看下个版本和后续   炉石中期和后期也不是太行  云顶也是  都是整着整着后期就运营不好了",2026-09-15 23:23,2,0,User125791710,玩过,,50420584
王者万象棋,1,拉完了，一个小小英雄把我场上子儿全干完了，后面如果出限定，不敢想这个强度有多高,2026-09-10 13:17,1,0,stylemrliu,玩过,,50371322
王者万象棋,4,其实还挺好玩的，怎么说？主要是既没有像炉石/金铲，一样的凑齐阵容就能赢。不用抢，这就导致你就是要提前开始养，或者用夺取或者后期不停的刷成长，养好了就行，角色技能也有特色，多换角色玩的[表情_吃瓜],2026-09-16 08:15,5,1,1009386,玩过,,50422218
王者万象棋,2,"画质可以，玩法也还行，但是选手的美术太抽象了
密码的，公式玩法是主流，玩其他的只能给玩公式的当杯子。",2026-09-12 10:38,0,0,假面愚者10086,玩过,22.1,50387808
王者万象棋,1,牺牲这个词条的英雄应该限制一下升多少级啊，一直升的没有上限的话怎么能打得过啊，血条变得贼厚,2026-09-13 23:23,2,0,布尼🪨,玩过,,50405719
王者万象棋,5,还是希望万象棋能长久下去，这个游戏我是真的喜欢，打王者因为长时间不玩所以跟不上版本迭代，而且年纪上来了及时反应速度也达不到，万象棋这个游戏可以有很长的时间去准备，然后有足够的时间思考来构思，也可以根据阵容站位装备来调整，虽然也有elo这个机制，我体验到了，今天晚上打了十几把都不来牌，很不顺，但是瑕不掩瑜，我感觉画风以及玩法深度上都是可以的，可以看出制作组的用心，我希望万象棋这个IP能够继续下去，至于流水，开局我充了几十块钱，算是尽一份力，希望更多朋友能够喜欢这款游戏，这是唯一能让我感受到游戏快感的游戏，通过这个游戏我也认识了很多朋友，所以万象棋加油吧,2026-09-17 03:27,5,6,昱安,玩过,108.3,50429939
王者万象棋,5,"腾讯出品，必属精品！！！
玩了一个多小时，手机依旧冰凉。
画质任然惊艳。
腾讯，你是俺的神！！！

这自走棋玩法太好玩了，选英雄培养，
一到六星升级，培养无敌，太有成就感了。
一局二十分钟，时间刚刚好，这简直是我的梦中情游。
2026年最棒的游戏就是这王者万象棋。
我心情激动，难耐夸赞之词！！！
神作，2026年奥斯卡奖非这游戏莫属。
今天一天我都玩了三个多小时了，非常的上头。
我玩的阵容是安琪拉，我的天呀，你敢信？
安琪拉的大招一下子能秒对面一群，简直爽死我啦。

俺从来没玩过这么优秀的手机游戏！！
感谢上帝让我来到这世间，玩到如此旷世神作！
有没有想一起玩的朋友，可以来和我组队。
能玩到这游戏，我此生无憾啦！！！！！",2026-09-10 18:14,1,7,游霸天,玩过,19.2,50373757
王者万象棋,4,"在电脑上玩了几天，类似卫戍协议，酒馆战旗，还不错，给一个建议：
一定要大更新，每个赛季都要，要不然这游戏顶多活几个月",2026-09-21 08:50,0,0,9,玩过,,50471832
王者万象棋,2,为什么觉醒的弈子会自动下下去[表情_生气]，总是在最后的时候找到牌觉醒，然后没上阵[表情_喷],2026-09-17 00:05,0,0,夜涔,玩过,,50429092
王者万象棋,5,酒馆能不能不要设角色数量上限，把关键牌被卡这个令人不爽的点删掉行不行，就让我们爽到底,2026-09-13 03:13,0,1,誓言幻作烟云字,玩过,39.8,50397197
王者万象棋,5,玩了这么久，感觉局内卡池的概率感觉很合理，不需要硬刷也能凑齐基础阵容，还算公平,2026-09-09 10:40,2,1,He,玩过,,50361131
王者万象棋,4,玩了两天十把左右，还没有太深入了解，不过我喜欢这画风还有干净的界面，再体验几天,2026-09-12 20:32,0,1,Lovage,玩过,66.3,50393971
王者万象棋,3,优缺点都比较突出，美术画面、新手引导这些都做的不错；游戏局内整体过于冗长，时间前松后紧，到后面基本手里的牌和能量来不及用完，另外玩法固定为流派对抗，跨流派基本没有组队的可能，这就很局限了，希望官方优化优化吧,2026-09-11 23:32,1,0,都让你免费下载了，还想免费玩？,玩过,27.0,50385043
王者万象棋,5,"过了一把新手教学，画质和质量确实完爆金铲铲，不愧是腾讯亲儿子 IP。
不过其独特的自走棋加炉石的融合，平衡很难做，比传统自走棋的平衡更难做。现在5星观望，哈哈，后续平衡太差再扣。",2026-09-10 11:02,1,1,半九十,玩过,,50370218
王者万象棋,5,每次竞拍环节都特别刺激，特别是跟人抢核心牌的时候，有一次争的对面直接梭哈了但还是没抢过我,2026-09-15 17:25,0,0,大博,玩过,,50417886
王者万象棋,5,备战时间不是固定的，准备好了双方都点开战就能开始下一回合，很灵活，加快游戏节奏挺不错的,2026-09-10 08:51,1,1,计算机世界,玩过,,50369272
王者万象棋,5,这游戏没得说，好玩是个好游戏，而且玩这个游戏不能死板，玩多了发现想玩的套路不来牌赶紧变阵，运气立马好起来了,2026-09-17 21:40,2,0,手机用户49163490,玩过,,50438103
王者万象棋,5,必须夸一下这个连招和甩牌手感，手中有牌越打越多的感觉很爽，而且英雄升阶也简单明了，看自己养的主C一路升级非常的解压,2026-09-11 12:02,1,1,MOGAsetcse,玩过,,50379432
王者万象棋,3,说实话，其实可以看作摆脱了所谓金铲铲的模板，画面不错，可玩性也有，就在于通过各种登场技能连携升级，有时候一回合加几十级的确很爽，但是，缺点也很明显，首先，一费卡到五费卡的标识不清晰，很多人都说根本不清楚自己这是几费，没有金铲铲的显眼，然后无论卖什么都是一块钱出售，买什么都是三块钱，足足能亏两块钱，这实在有些多了吧？还有经济系统也不够明确，有时候加钱，有时候不加，建议改改,2026-09-15 20:35,0,0,后话,玩过,5.8,50419221
王者万象棋,5,刚开始有点手忙脚乱，感觉牌有点太多了，但熬过前几把就好了，熟悉套路之后玩起来很顺,2026-09-11 21:19,0,0,小美好,玩过,,50383741
王者万象棋,3,还行，初玩不错，但是玩久了就发现这游戏除了主c其他都是经验包。不管多少套路阵营最后就是怼主C等级。我感觉不改变这个套路的话，不会长远。,2026-09-16 16:56,1,0,tcqdx,玩过,,50425798
王者万象棋,1,很舒服，很舒服。把把遇到3分倒转，只要自己不玩。遇到3分倒转之后直接投降就行了。没有一点反制空间可以很舒服。,2026-09-16 12:36,1,0,抗小疫,玩过,,50423921
王者万象棋,4,出乎意料的还行，能玩休闲，想博弈也可以卡别人牌，也可以防卡牌前面出兼容整容。,2026-09-15 03:01,0,1,虹夕落泉,玩过,,50414032
王者万象棋,4,画质很现实 我还以为会和王者荣耀一样的画风 创新还是有的 人物表情画风是真的不一样 Ul是真的让人眼前一亮 很简约 干净 玩法上也不是单纯的自走棋 目前没有什么问题 就看之后的运营了 但愿能一直简约下去 （等我拿完奖励直接退游了）但是感觉玩的人很少 可能是因为段位太底了吧 ,2026-09-11 16:17,1,1,陆阳维,玩过,,50381258
王者万象棋,5,这战令能用点卡买，月卡用送的Q币也就花了10块钱，买战令再添8块，一共消费18块就有月卡有战令，这波我直接给好评了，便宜比什么都重要,2026-09-11 01:25,0,1,问就是不会玩,玩过,11.7,50377261
王者万象棋,5,"自走棋，整体来说是好玩的，玩了一天吃了一天姬，也莫名被人骂，新人觉得不友好也正常，毕竟自走棋深度爱好者虐个菜还是轻轻松的，等分段拉开了体验就好了。
官方该出个ai人机休闲模式照顾下，毕竟相当一部分人喜欢修仙恰烂分，我一女友就喜欢玩lol打人机大乱斗，这十几年了，还偶尔放松一下，希望官方明白我在讲什么。",2026-09-10 23:43,0,1,帕帕_Or2,玩过,,50376575
王者万象棋,4,"总体来说还不错
改变了三合一的玩法
变成了升级，不断变强，不会浪费卡牌，
还有一些等级技能以及英雄觉醒
每一张卡牌都能不断变强
由于今天刚玩，体验的阵容不是很多，
暂且给个好评，看后续玩法以及阵容的深度
",2026-09-10 15:34,0,1,逍遥小风李宁,玩过,25.1,50372489
王者万象棋,4,低端局偏公式化，高端局压力挺大的，很多阵容都是互相克制的，不要死板d不到硬d，哪个核心c来的早就玩谁才是对的,2026-09-20 01:29,2,0,星魂羽,玩过,,50460877
王者万象棋,4,安琪拉真是太能射了，吕布真是太能跳了，貂蝉也是2技能和机关枪一样，直接秒人,2026-09-12 16:15,0,1,kirito,玩过,,50391403
王者万象棋,5,明先生那个皮肤我是真喜欢，一股水墨风尤其是备战的时候跑起来还有黑金的拖尾,2026-09-11 13:10,1,1,若水,玩过,,50379886
王者万象棋,1,玩法单一，爽感不足，可玩的阵容也不多，大部分都是来做任务的，你打开排位总有几个会在第五回合后投降，本来金铲铲都戒了，玩过这玩意之后，突然又想玩金铲铲了[表情_捂脸哭][表情_捂脸哭][表情_捂脸哭],2026-09-12 17:20,2,0,夏海的海♧,玩过,,50392121
王者万象棋,1,李白+曹操+甄姬电表直接倒转，无限牌，看不懂咋测试这么久了。王者万象棋？李白万象棋！,2026-09-10 16:12,3,0,蛊麟,玩过,1.8,50372822
王者万象棋,4,"不孬不孬，但到了后期没人组真的有点无聊
UI界面很干净，挺大气的，画风也还可以，英雄装备和王者也差不多，不需要再记忆，就是可玩性有点低，现在1000分，已经感觉有点无聊了，就酱吧，固排不玩的原因我也猜到一点",2026-09-21 19:40,0,0,语食,玩过,76.3,50476409
王者万象棋,5,老农民表示，英雄技能基本没变，挺好上手的，盾山还是抗伤，看一眼就会用了,2026-09-15 15:05,0,0,暮雪 纷飞,玩过,,50416858
王者万象棋,5,"🎮可玩性：
王者万象棋是一个可玩性很高的游戏，上手简单内容好玩，结合了王者荣耀里面的英雄。能让玩家更好的体验到游戏的乐趣。[表情_微笑]",2026-09-12 17:31,0,1,宝宝,玩过,,50392228
王者万象棋,5,"整体还行，有创新，和传统自走棋有新玩法；

存在小BUG，

有新的可以探索的玩法；

画面流畅度还不错；

推荐玩玩！",2026-09-13 20:34,1,0,转角大坏蛋,玩过,110.2,50404334
王者万象棋,5,希望棋手之间互动的语音能增加或者更丰富一点，像瑶妹和白歌这样互动就行,2026-09-10 12:18,0,3,妮妮的球,玩过,,50370854
王者万象棋,5,冷知识，局内可以跟灵宝对话：本局对手强吗？灵宝会分析阵容并且告诉你的胜率，就像是有个老玩家随时跟你聊天支招一样，这功能还挺实用的,2026-09-11 23:55,0,1,一码通,玩过,,50385231
王者万象棋,5,可玩性挺高的，英雄胜利后的表情包很有意思。前期可能不是很了解的时候稍微有点无聊，后面了解了各种阵容之后，堆等级很爽,2026-09-19 00:29,0,1,尘,玩过,20.0,50449328
王者万象棋,5,"🎮可玩性：
整体确实比铲好玩 没有那么大的压力 不用一直想着利息要不要卡啊 牌被卡了怎么办 虽然说还是会被卡 但是比较起来没有那么重要",2026-09-21 13:27,0,0,不懂，我玩穹的,玩过,37.1,50473631
王者万象棋,4,上课在笔记本上玩，然后下课了没打完，还能继续在手机上继续打，多端互通简直绝了，比某些什么锅铲好至少不会两头吃钱,2026-09-11 18:03,2,1,Tap姬,玩过,12.3,50382128
王者万象棋,5,最后几回合就是看谁的阵容比较牛了，尤其是段位提升了之后大家的实力都很近，也很少出现血入的局面了，那时候才是最紧张的,2026-09-10 12:23,1,1,某天成为魔神,玩过,,50370888
王者万象棋,5,强烈建议新手去玩大河流域，图腾机制清晰又好懂，丝滑不说而且不容易暴毙,2026-09-12 13:58,0,1,忘记过去痛苦,玩过,,50389872
王者万象棋,5,看了下氪金点就主要在皮肤和棋盘上，没有影响战斗数值的东西，开服的签到还有联动的福利都能白嫖，喜欢的皮肤也能通过活动获得，希望保持住！,2026-09-13 11:39,0,0,陈申智,玩过,,50399580
王者万象棋,5,可太喜欢献祭流李信了打到最后剩个李信就看他一打五一打六就完事,2026-09-17 13:00,2,1,南木,玩过,,50433078
王者万象棋,5,英雄觉醒后带来的质变很明显，尤其是核心输出，完全跟前半场都不是一个游戏了,2026-09-10 12:34,0,2,强壮的新人类,玩过,,50370979
王者万象棋,5,觉醒太关键了，觉醒前和觉醒后根本是两个不同英雄，建议后期把阵容里的所有英雄优先觉醒,2026-09-13 10:29,0,0,懒先生,玩过,,50398843
王者万象棋,5,有的每回合可以扫一眼对手的站位和装备，预判下一轮可能碰谁提前调整，多看一眼少看一眼对局可能完全不一样,2026-09-12 14:54,0,0,火线出击,玩过,7.5,50390506
王者万象棋,5,被淘汰了也别急着退，可以切到第一名视角看他怎么运营怎么摆位，偷学几手比自己闷头打十把都管用,2026-09-12 15:21,0,2,妍妍,玩过,,50390826
王者万象棋,5,感觉这游戏非常好玩啊，上限低下限也高，就是能不能给孙尚香激光和狙的伤害削一下，削一半都不为过，然后就是瑶的鹿的血量小砍一点吧,2026-09-15 01:57,1,2,喵酱就是我葱,玩过,114.1,50413872
王者万象棋,2,孩子们我没绷住，这氪金系统一眼望过去我就畏惧了。王者的英雄加皮肤系统就算了，还有金铲铲的棋子和棋盘皮肤。虽然目前就一款抽奖动态皮和棋盘。但后面的操作我估计也能猜到了……,2026-09-10 09:09,4,0,贞德,玩过,,50369363
王者万象棋,5,原来还有阵容会上ban位？我服了呀我本来玩顺的一套，怎么排位还不允许呀,2026-09-11 15:17,1,1,小小小囡囡,玩过,,50380805
王者万象棋,4,"对我来说挺上头，每天都想凑999，不过没有成功过……
根本上不去，扣一颗星……
死死卡在钻四，本来想找队友，但是听说找队友上去没有孤狼成就，行，我跟你耗[表情_开心]",2026-09-13 22:02,0,0,白蚀七,玩过,51.1,50405047
王者万象棋,5,十几分钟一把正好，午休打一局不耽误下午上班，晚上躺在床上也能来两把，手机端除了画面呈现，确实是比较方便的,2026-09-11 21:33,0,1,安澜,玩过,,50383887
王者万象棋,5,不是托，我是玩了jcc四百小时的，刚开始觉得一坨，玩了一下午老上瘾上头了，999的李信也太爽了,2026-09-14 22:48,0,0,最长的电影,玩过,,50412725
王者万象棋,5,"追评，我娥姐是最棒的
！！！
挺不错的，AI引导几把慢慢就能懂点了，但一直对这种需要谋划的游戏有点发怵，因为不怎么会运营。
照搬大佬嫦小娥阵容，成型后是挺爽，但十把里就两把能成😂，刷卡还是挺需要运气的哈哈。
平常随缘来两把这样子，放松放松😌",2026-09-13 22:03,2,2,大白,玩过,26.9,50405073
王者万象棋,5,建议大家把钻石现在都好好攒上，等到钻石狂潮能玩后直接全部allin啊嘿嘿,2026-09-13 11:11,2,0,孤孤单单,玩过,,50399268
王者万象棋,4,还不错，就是场地有点小看不清人物可能是因为手机显示问题吧，还是喜欢金铲铲那种平铺看着习惯，小人好看,2026-09-11 18:34,0,1,清涟丶红豆,玩过,11.7,50382362
王者万象棋,5,我觉得美术风格算是跳出现在王者固有的框架的一次创新，而且创新的还挺不错的,2026-09-14 13:49,0,0,翱翔,玩过,,50409072
王者万象棋,5,挺好玩的，我不玩联盟所以金铲铲的英雄装备我都不太记得玩的有点难受，但王者上手就比较快，感觉这游戏运营挺好玩的，不是单一的堆某一个阵容凑羁绊要看具体的联动，上手之后很好玩呀，，（os:希望可以削一下花木兰和钟馗。。😭😭）,2026-09-09 15:25,3,1,吃鱼只吃三文鱼,玩过,28.5,50363347
王者万象棋,5,"太上头了，上一个这么上头的游戏还是漫威终极逆转，也是两家游戏都让我打牌打爽了，哈哈哈。
新手很详细，基本教程过完就能上手，棋手也不少，可以组各种不同的构筑，强烈建议入坑好吧。


公测评价，他不一样，万象棋真的不一样，不要带着固有偏见去看这个游戏，好玩爱玩依旧上头",2026-08-08 16:15,0,1,星獄,玩过,262.6,49947785
王者万象棋,4,只能说策划绝对是玩过卫戍协议的，各种东西都有影子，但是弄的确实还挺好玩，就是目前英雄强度不太平衡，李白嫦娥有点太强了，后期养神打不了一点,2026-09-13 09:13,0,1,Arrogant,玩过,2.4,50398175
王者万象棋,4,"模式上确实挺新颖的 金铲铲玩腻了 换换口味也不错 但是阵容有点少 来来回回就那么玩也挺无聊的
……修改
有个问题 这游戏是阵容重要还是等级重要 想玩玩别的除了那仨新手快乐阵 太难运营了吧 如果等级等级最重要那都玩新手快乐阵得了 随便百来级 但是高端阵容难凑 好不容易凑齐了还是被爆杀 
",2026-09-12 17:23,1,1,桑榆,玩过,,50392150
王者万象棋,4,"还行，本来只想拿点券，结果挺上头。一开始玩感觉无聊，抄了一套别人阵容后，就有意思了，可以养等级也可以讲究相生相克。
不过目前吧，我感觉棋子太少了，可以把动画再丰富一些，弄得更爽一点，阵容玩了个遍就只能换棋手玩，还是尽快更新吧。
还有一点就是，UI有点史了，完全就看不懂啥是啥",2026-09-20 21:56,4,0,weslie,玩过,50.9,50468888
王者万象棋,5,不知道别人为啥不喜欢玩 但是像我这种不怎么喜欢动脑子的很喜欢玩的 主要是有灵宝提示我玩起来很顺手嘞 我之前玩过金铲铲 因为我室友玩那个让我去试试 但是我实在玩不会（没有说金铲铲不好的意思） 如果你玩一个游戏两三把就能判断这个游戏好不好玩我觉得还不够客观吧 只能说可能很多人是打王者荣耀为了拿皮肤或者点券才玩的 你本身就是带着任务玩的肯定不能玩的开心吧😅 这种人的评论我觉得没有什么参考价值 最喜欢玩的还是白歌 玩家推荐里那个别人给的阵容虽然前期可能一直输但是后面剩三滴血也能翻盘的 之前没开玩家推荐阵容的时候一直玩的香香😆,2026-09-13 01:32,12,3,Sariel.,玩过,,50396817
王者万象棋,3,还行吧，玩起来还是蛮爽的，不过比铲铲那种变化少一些，如果你不玩强势阵容的话，基本打不过。,2026-09-20 18:29,1,0,なんと狂人なのか,玩过,26.1,50466676
王者万象棋,1,炉石、月圆之夜那类型的D牌和上阵模式，3块买1块卖，上阵后不能下阵只能卖，又结合了刀棋、云顶那类传统自走棋的走位放技能，所有类型都取其糟粕去其精华[表情_点赞],2026-09-19 23:39,0,0,User637921,玩过,,50460004
王者万象棋,2,没仔细研究玩法，机制体验下来还不错，但是画风AI味太重，塑料感很强，而且新游一上线就是战令，祈愿抽奖，是不是穷疯了[表情_汗][表情_汗][表情_汗],2026-09-21 03:01,0,0,爱吃大西瓜,玩过,,50471073
王者万象棋,5,从体验服玩法正式服，灵宝就没有关过，虽然棋子羁绊啥的都了解差不多了，但是牌一多起来高亮提示还是很有用的,2026-09-16 15:51,0,1,假大傲力給,玩过,,50425315
王者万象棋,2,"腾讯游戏的经典设定，游戏名称不能重复，随机生成也提示不能重复，谁能想到这是2026年的游戏设定。
游戏模式就是酒馆战旗和金铲铲的缝合，这很腾讯",2026-09-16 21:35,2,1,q,玩过,,50427852
王者万象棋,4,感觉像铲铲和炉石的集合体，玩了两把没啥意思，铲铲玩腻了玩两把也不错。,2026-09-12 19:10,0,1,123,玩过,42.4,50393129
王者万象棋,5,别说，这游戏还真挺对我胃口的，不停的d牌合成，然后配合每张牌之间的技能打combo，要么就是等级飞升，要么就是疯狂刷牌觉醒，玩起来手根本停不下来的,2026-09-10 22:27,1,1,金额不方便奋斗,玩过,28.7,50375877
王者万象棋,5,这游戏不错而且还有专门的训练营可以自己试套路配阵容，不用去排位一个个的去试,2026-09-14 22:09,2,0,景色,玩过,,50412410
王者万象棋,3,还是比较有好感的但是，操作比较模板，没遇到同行就很顺，英雄牌也很少，像金铲铲那样不同皮肤不同技能效果啥的还比较有新意这直接把皮肤做成皮肤来买，,2026-09-10 18:59,1,1,Actors,玩过,69.0,50374062
王者万象棋,1,这游戏为了卖英雄的，后期绝对是卖超标英雄，经济固定，对来牌要求极其高。,2026-09-16 17:23,0,0,呢喃,玩过,,50426005
王者万象棋,5,我承认三份倒转很厉害，后期每个英雄等级都很高，但是碰到我复活流还得坐下！,2026-09-10 14:32,1,2,无人不知的家主,玩过,,50371942
王者万象棋,3, 一般游戏玩法单一。没有金铲铲那样的丰富，希望后面会多出一些内容。打法太普遍，一般就是养猪流，跌等级。,2026-09-12 20:10,0,1,User467021211,玩过,1.4,50393727
王者万象棋,3,"🎮可玩性：
小小英雄有技能可以影响你的棋子，像弈星的大招可以复制对面等级最高的到你的棋盘上。
只能说，根本不需要运营，运营一坨，手残党福音因为有个1分多钟，差不多2分钟的样子，你去捣鼓就行了，
游戏平衡我只能说一大坨，我一个四费我吊打五费，我一个四费我能杀穿所有
🌃画面音乐：
嗯，很抽象玩多了有点晕",2026-09-10 12:45,0,0,城府,玩过,,50371042
王者万象棋,5,好玩不光是打牌，拍卖也很有意思，用能量竞价抢key牌，也可以抬价干扰对手，满满的都是博弈,2026-09-17 22:37,2,0,我问问,玩过,,50438700
王者万象棋,5,昭君的技能只要熟悉之后操作起来真的很简单，特别是每回合冻到了该冻的棋子。后期阵容真的很好成型。而且特别克那种单核阵容的对局,2026-09-17 18:21,0,0,柒笙,玩过,,50436215
王者万象棋,2,说真的人物建模可以，但是对局太拖沓了，太长了这也，能不能减少一下对手的人数？每个都要挨个打一遍，给他扣扣血，这也太费时间了,2026-09-13 14:39,2,0,哈哈哈,玩过,2.3,50401332
王者万象棋,5,玩了好几局王者万象棋，真心不错。告别老自走棋三合一升星，英雄能持续升级，高等级觉醒大招特效特别炸裂。棋手不再是摆设，自带技能改变战局，词条联动的搭配玩法很有新意。都是熟悉的王者英雄，情怀拉满。一局节奏舒服，策略选择丰富，双端数据互通，不管王者老玩家还是自走棋新手都容易上手，值得推荐。,2026-09-12 00:55,5,12,修沟的小狗,玩过,,50385674
王者万象棋,4,游戏还行，有图为证。但是！！！我觉得最好去营地下载注册，这边就给个李白小表情和啥别的忘了，那边给的是一个皮肤和传送特效还有小表情，我现在想拿好像都拿不了了（）,2026-09-14 16:03,0,1,泠汐chilly,玩过,166.7,50409918
王者万象棋,5,不光棋手做的细，棋盘也挺有意思的，刚买个小鹿棋盘右下角的滚轮机是真的能手操摇花色，一样的花色还有爆金币特 效,2026-09-16 16:15,0,0,琴息蝶,玩过,,50425450
王者万象棋,5, 玩了两天，很喜欢这种模式，还有指引，像我这种不太会玩卡牌游戏的完全可以放手一搏,2026-09-14 13:19,1,0,莫然..,玩过,,50408884
王者万象棋,5,灵宝的新手引导还是很细致友好的，适合之前完全没接触过下棋的新手,2026-09-12 18:03,0,2,User342250623,玩过,,50392520
王者万象棋,5,装备不用2合一而且还能随意更换棋子用，哪怕中期没等来大哥也能先用上提升强度，总比放旁边当摆件强,2026-09-10 23:13,1,2,小拳拳,玩过,,50376308
王者万象棋,5,玩了几天下来感觉阵容效果牌随段位解锁还是很有必要，避免一股脑喂给玩家，段位上去了能玩到的基本上也熟悉了很多,2026-09-14 18:47,2,0,大空义,玩过,,50410970
王者万象棋,5,阿离一上线干将的使用率感觉直线上升，之前还没什么人用的，现在都不好d了哈哈,2026-09-19 14:57,1,0,石甲熊,玩过,15.8,50454496
王者万象棋,3,说实话，这游戏角色血量太少了，才60滴血。完全不够打，几回合就没了，而且才6个人，吃鸡没什么压力，玩轮椅上分就行了,2026-09-11 16:15,0,0,手机用户62866399,玩过,,50381250
王者万象棋,5,研究了一下棋手技能有点意思，瑶妹的小鹿可爱又能抗，像交锋公孙离这种阵容用来过渡前期太适合了,2026-09-11 09:16,0,1,桃涧月,玩过,,50378400
王者万象棋,5,PC的营地助手真的好用，直接就可以套用一些玩家的打牌思路，对新手真的很有帮助,2026-09-12 14:57,2,1,达服,玩过,,50390554
王者万象棋,4,最开始对万象棋的期待值其实并不高，但是上手之后就莫名上头。玩法类似于金铲铲，建模和服装设计上大分，王者大部分老角色和牢角色都以另一种方式再次出现在大众面前，就是希望别走王者的老路，三天两头骗氪骗流量什么的，诚心做游戏吧。,2026-09-14 15:37,0,0,霖羽,玩过,,50409714
王者万象棋,5,画面顶级，战斗养成平滑，后期巨爽，很多阵容非常简单上手，阵容套路巨多，规定的阵容中又充满了很多不确定性，可以看一下网上的差评，基本都是别的自走机棋喷子过来秀优越感的，要不然就是根本没有深入玩过,2026-09-17 12:19,2,1,看见我了吗,玩过,,50432601
王者万象棋,5,"公测第一时间玩了，ui很干净清晰不花哨，也没有红点提示，当副游玩还是很简单的，轻松。
前期这个ai辅助运营和新手引导都很简洁，不强制，比预期要好，也是希望王者IP能越做越好，毕竟是有情怀的，但是没玩王世界，开放世界竞品太多了。
这是第一次玩自走棋这种，（王者荣耀里的万象棋没有玩多少）感觉还是很有意思的，这个攻略做的也很简单",2026-09-10 09:33,4,6,KILY,玩过,4.6,50369518
王者万象棋,4,"感觉操作起来容易误触，不过刷等级蹭蹭往上涨的感觉蛮爽的。
就是单位有点少成型太简单了。",2026-09-18 09:33,2,0,手机用户27981783,玩过,,50441559
王者万象棋,5,选对打工英雄在前期过渡很关键，这样能让你平稳发育，不然如果容易掉血太多，后期难追。,2026-09-10 12:15,0,1,无畏的伯爵,玩过,,50370820
王者万象棋,4,很简单，而且可玩性很高，可能性也很大，但是唯一一个缺点就是为什么杨戬还没出,2026-09-13 14:40,2,0,114514zx,玩过,,50401339
王者万象棋,5,这游戏等级真的比品阶重要，等级上去了不光加属性，10、40、100技能效果也带质变的，好玩，值得推荐,2026-09-14 11:46,1,0,逍遥,玩过,,50408348
王者万象棋,5,白歌加三分的阵容刷起来真的很好玩，白歌的即兴创作和灵感爆发技能和三分简直绝配,2026-09-15 15:54,0,0,白糖,玩过,,50417212
王者万象棋,1,要不有的英雄特别超标，要不然刷不出来自己想要的英雄，能调整一下刷出自己要玩阵容的英雄概率吗，还有，无论是几级的英雄，卖出去都是1块钱,2026-09-13 04:38,1,0,Vyron,玩过,,50397380
王者万象棋,4,也还行，没有想的那么糟，本来是只想做下农活，和朋友一起玩玩着玩着就是每天回来铲几把,2026-09-16 00:58,2,0,波门,玩过,28.9,50421218
王者万象棋,5,无阵营最近也挺流行的，想玩的话我推荐一下海月体系，闪现机制灵活拉扯，夺取效果还能偷取对面属性，不管是打控制还是打输出都适配，不依赖固定羁绊，灵活适配各种对局,2026-09-11 16:38,1,1,Nbz6868,玩过,,50381427
王者万象棋,5,因为喜欢王者的英雄来尝试的，不过吸引我留下来的还是游戏本身的玩法比较有新意，不会觉得只是换皮作品,2026-09-12 11:23,0,1,天天,玩过,,50388279
王者万象棋,5,还可以上手难度比较低适合萌新入坑，各种引导什么的也都不错简单易懂，有不错可玩性,2026-09-12 23:19,1,1,瓦雷莎大王,玩过,,50395776
王者万象棋,5,终于要出了，最开始我都不理解英雄联盟为什么能出万象棋，为什么那么受欢迎，直到王者荣耀玩久了被机制安排久了之后我才明白，**队友太多了，真的不需要啊，但是我又很喜欢这个游戏，所以放不下，除了自走棋之后，我就可以一个人玩了，哈哈哈哈哈,2026-09-09 00:31,0,0,范宇鸿,玩过,,50359101
王者万象棋,2,怎么说呢玩法不太行啊，运气占很大部分。第二天玩的很腻，肯定是没有铲子什么的来的有意思的，我说那个点还没崩铁的那个内置自走棋有意思[表情_捂脸哭],2026-09-11 18:45,1,0,崩了又崩崩,玩过,5.9,50382439
王者万象棋,1,能玩，核心玩法是酒馆战棋的玩法不讲羁绊讲，海克斯要升本拿不是到回合数拿，要质量就拿不了海克斯要海克斯质量就不行，选秀改拍卖，行吧,2026-09-10 13:30,2,0,香草气泡水,玩过,,50371414
王者万象棋,2,看到牺牲流就难受。。。不禁河洛基本上全是牺牲。。。能不能出点投票禁流派啊。。,2026-09-19 19:47,0,1,手机用户103038716,玩过,45.4,50457594
王者万象棋,5,达边游戏，战斗画面跟看小兵打架一样。一点观赏性都没有，玩了几局，那个什么拍卖环节真的是让我赶紧退出，然后把这个游戏卸载。还把游戏主页UI简化了真的是比我桌面还干净，游戏体验比王世杰还旯基玩儿去吧，玩儿去吧，玩儿去吧，玩儿去吧，玩儿去吧，玩儿去吧，玩儿去吧，玩儿去吧[表情_点赞][表情_点赞][表情_点赞][表情_点赞][表情_点赞][表情_点赞][表情_点赞][表情_点赞][表情_点赞][表情_点赞][表情_点赞][表情_点赞][表情_点赞][表情_点赞][表情_点赞][表情_点赞],2026-09-10 22:13,1,1,无边无际,玩过,,50375751
王者万象棋,2,自走棋最重要的不是ip，而是运营。。。这个基本开局什么阵容就决定了最后的阵容，压根不存在中途转阵容。。（我是鸿蒙系统的，taptap识别不到我玩过这游戏。。。）,2026-09-11 10:33,1,0,111,玩过,,50378818
王者万象棋,3,。怎么说呢？我玩过金铲铲跟炉石传说。我感觉他那个阵容好像都是固定的，然后那个海克斯怎么太多了？然后有一些关键牌死活摸不到，你像金铲铲还可以。看最后追一下全部的三星五费，但是这个不行，这个你必须要讲阵容。然后你也不知道怎么搭配。炉石传说的阵容你可以搭配，然后推出不一样的效果。,2026-09-15 20:04,0,0,浪,玩过,,50418990
王者万象棋,2,缝合了所有市面上战棋游戏，不愧是抄袭大厂，好不好玩先不说，既视感是确实多,2026-09-10 09:08,1,0,ﾓｷｴ,玩过,,50369361
王者万象棋,5,还是得夸夸官方优化做的不错，全程基本没遇到卡顿闪退，手机也不怎么烫,2026-09-10 11:05,0,1,User788580512,玩过,,50370262
王者万象棋,5,感觉鹿牺流李信对于新手来说是最好到999级的吧，不用怎么刷牌让小鹿去献祭就好了,2026-09-16 17:09,2,0,初心,玩过,,50425893
王者万象棋,5,香香前期确实伤害高挺强的，但是这个棋手上限低下限高，在钻石段位后选香香棋手的都很少见了,2026-09-13 13:42,0,0,奔赴大海,玩过,,50400737
王者万象棋,4,其实这个游戏不难，已经很简单了，就是想转阵容和英雄有点难，转换还可以，找英雄太难了，我已经起来了又不需要了，技能很酷，这个表情也是笑开心了，评论区大家不要再骂人了，不会玩可以慢慢来，新手就玩李信和安琪拉很简单，为什么不是五星，因为感觉等级和找英雄有点乏力，但是玩起来还是可以的。,2026-09-16 12:20,1,0,怜,玩过,,50423802
王者万象棋,4,游戏建模不错，可玩性也强可以通过阵容搭配跟装备低等级打败高等级,2026-09-14 20:00,2,0,眠丶,玩过,,50411437
王者万象棋,4,以前没玩过这种类型的游戏，对于个人来说还是稍微有点难，不过美术挺不错的,2026-09-15 13:23,1,0,十月,玩过,,50416188
王者万象棋,5,玩着挺上头的，目前铂金，节奏比金铲铲快，掉血也挺快的，多数情况还是挺吃运气的,2026-09-16 09:15,0,0,你们走，别管我,玩过,49.0,50422472
王者万象棋,5,上头，太上头了，我是金铲铲，炉石都玩的。但从来没这样坐在那一把接一把的开。刚开始玩因为上手比较难，打完人机局会比较劝退，但坚持下来越来越上头,2026-09-15 19:44,0,0,予鱼,玩过,,50418838
王者万象棋,5,个人觉得这款游戏拿来休闲放松很不错，有推荐的阵容给你用，全程都有灵宝根据你刷新出来的卡牌给你出主意，告诉你可以怎么做，不需要怎么动脑子，我玩铲铲玩不下去也就是因为这个，太费脑子了，平时工作挺累的，打个游戏还要想阵容凑羁绊什么的，这个就很简单了[表情_开心][表情_开心]不过不管什么级别的牌卖出去都只有一金币属实有点[表情_吐][表情_吐],2026-09-10 21:44,0,3,檬檬,玩过,,50375510
王者万象棋,5,这游戏太好玩了 画质和科技感技术力拉满了 有些云玩家就不要乱黑 我觉得比金铲铲玩得舒服 装备不用拆卸可以直接给就很爽。反正刚玩一个通宵 玩的猪八戒 虽然很菜 慢慢学 我很感兴趣,2026-09-11 15:26,0,1,dffd,玩过,,50380868
王者万象棋,5,"给差评的我不知道玩了多久，虽然我也没玩多久但是我总觉得写评论得负点责任吧，大片的差评都是玩了两三把就开始喷，不知道是不是水军。
对我来说，我更关心的是体验感好不好，这方面我觉得这游戏的画面跟ui确实是我的菜，在玩法上面，我觉得用了金铲铲跟月圆之夜的思路，这没什么可说的，但是很多人喷的没利息，没连胜这些，对我这种上班族以及玩游戏不想太费脑子的人来说很友好，只需要考虑阵容搭配，能不能摸到牌就行了，难道打麻将就很复杂吗？不还是全民游戏？DOTA跟英雄联盟比谁复杂，谁玩的人多？又或者王者荣耀为啥火了这么久，不就是门槛低节奏快吗？我觉得这个思路没问题啊，我就想没压力的来两把，摸摸鱼，我觉得这游戏可以满足我，看到差评就退缩的玩家，真心建议多玩几把再看",2026-09-11 23:34,4,5,。,玩过,31.2,50385064
王者万象棋,5,喜欢手速操作的就去玩三分倒转吧，刷牌升级的观感确实爽而且强度也在线,2026-09-15 19:53,1,0,梦想就很Nice。,玩过,,50418911
王者万象棋,5,作为不同于自家的金铲铲类型的自走棋，这更像是一款战棋游戏，好玩且好上手，挺有意思的，和朋友一块玩也有“有分同享”功能帮忙，特别有参与感，画面精美，我个人认为玩金铲铲好几个赛季也玩不太明白，而且不习惯那个感觉和画面，这个王者自家ip，实在是太友好了，哈哈哈，希望继续好好运营下去！,2026-09-12 03:47,0,1,Star.,玩过,177.8,50386246
王者万象棋,4,《王者万象棋》王者原班团队做的策略下棋游戏。英雄都是峡谷里认识的角色，技能特效好看，上手门槛低，一局时间不长，摸鱼休闲刚刚好。简化了传统自走棋复杂的经济计算，主打轻松爽快。缺点是策略深度比较浅，玩久了容易单调，适合休闲玩家，硬核下棋玩家慎入。,2026-09-11 20:11,2,1,v,玩过,1.2,50383120
王者万象棋,5,花木兰河洛牺牲流我能玩一百遍！靠牺牲机制换取巨额伤害和免伤，搭配古币牌加速发育，成型速度也很快，花木兰成型后又肉又能打，残局1打3甚至solo全场也没问题,2026-09-10 11:56,0,1,User681007405,玩过,,50370682
王者万象棋,5,没有内测，不是内测玩家纯新手玩了23小时。这游戏是真不错，很快很爽。画面，音乐都可以，好好过完新手模式，之后按照自己的想法搭配阵容，玩起来真的很爽，自己已经到钻石了。,2026-09-12 21:08,0,1,青娅天天开心,玩过,,50394362
王者万象棋,1,我是第二名，第一名在倒数三轮直接开挂。所有英雄满星。等级从几十涨到一百多，下一轮涨到180+，再下一轮涨到300+，从被我安琪拉秒掉，到安琪拉3000多伤害都打不掉一丝血，怎么玩？,2026-09-13 23:40,3,1,ann_mouse,玩过,5.8,50405824
王者万象棋,5,能不能把获得栏位扩充卡的渠道或者奖励多给一点，想把大佬们研究的阵容全部都保存下来,2026-09-12 22:26,0,2,无人不知的法师,玩过,,50395235
王者万象棋,3,王者万象棋，给我带来的感觉和炉石传说酒馆的玩法类似，以为万象棋会带来一种新体验，哎~,2026-09-10 10:19,0,0,大酱,玩过,,50369884
王者万象棋,5,玩起来是真的爽，刷牌打牌不带停的，就看等级蹭蹭往上涨每个棋子都能有所提升,2026-09-14 12:14,0,0,微光微光,玩过,,50408488
王者万象棋,4,整体来说还是很不错的，就是卡组还是太少了，导致运营方面上略微欠缺，不如月圆之夜，期待更新,2026-09-18 06:02,2,0,木木,玩过,,50440802
王者万象棋,5,"真的好玩，玩了河洛花木兰，国士无双韩信
现在一直在研究马超流
西凉锦马超，控下无限连
",2026-09-12 13:16,0,1,暖她一整天,玩过,,50389438
王者万象棋,5,万象棋和市面上的路子完全不一样，不凑三星不追羁绊不卡利息，习惯传统下棋的兄弟可能上手还需要适应一下，习惯后就能体验到万象棋独特的卡牌构筑魅力,2026-09-11 21:39,1,1,卡牌大师,玩过,,50383938
王者万象棋,5,王者敦煌版的杨玉环还是非常有记忆点，所以万象棋里面也有这个真的太好了，杨玉环的大招直接把整个棋盘变成流动的敦煌壁画，确实很有感觉啊,2026-09-11 15:54,0,1,土豆,玩过,,50381091
王者万象棋,5,比传统的自走棋好上手得多，不用记那么多羁绊品类和效果，省去了很多学习成本,2026-09-12 18:27,1,1,遙かなる夢,玩过,,50392732
王者万象棋,5,前期运气差点没拿到核心牌确实有点难受，不过只要是阵容合适的卡牌都能用，拿到核心牌就能翻盘,2026-09-10 15:57,1,1,养只猫,玩过,,50372694
王者万象棋,4,说实话，我觉得还行，之前一直想要一个后月圆之夜差不多的游戏，万象棋虽然没月圆数值叠的爽但是美术还行，至少可以像铲子一样看小人打架了,2026-09-11 08:24,0,0,lol乐,玩过,,50378181
王者万象棋,5,棋盘地图场景细节做得用心，还有一些小彩蛋可以点，再加上战斗动作流畅，整体看着挺舒服的,2026-09-13 12:37,1,0,居然有个高手,玩过,,50400115
王者万象棋,5,自走棋作为现在比较流行的休闲模式，已经很成熟，这一点毋庸置疑。王者万象棋背靠自己的荣耀大IP，的确给出了不错的开局，但是阵容之间的深度和平衡还是有很多问题，例如少数英雄会特别强大，所以无脑培养大后期就能翻盘全场，这个设定其实是违背自走棋的初衷的，希望在后面把平衡性更好的调整。,2026-09-13 09:31,0,1,Haiwon,玩过,,50398346
王者万象棋,5,就算是新手也没必要焦虑游戏难懂，只是看着复杂，其实只要搞懂词条之间怎么互相触发就行，新手引导部分这里很宝宝教学了。除了新手村就可以自己研究阵容克制、站位细节、运营节奏这些。所以说万象棋其实是下限低上限高，不管是休闲摸鱼还是冲分都合适,2026-09-10 11:12,0,1,红领巾,玩过,,50370321
王者万象棋,5,在pc玩的 只能说玩法还行 建模一坨 油腻的潮玩盲盒感3d人物 欣赏不来 丑的钥匙,2026-09-10 23:54,0,1,迢迢,玩过,,50376667
王者万象棋,1,王者新游自走棋评价：路边一条 做了个半成品出来 无脑堆属性 运营博弈都为0 属于半个大脑都能玩的游戏,2026-09-10 17:25,1,0,A～北城萧笙,玩过,,50373354
王者万象棋,5,上了王者之后就不太敢自己排了，幸好后来认识了个大佬，能带我稳定吃分。就算偶尔输了，靠平均分也能慢慢往上爬,2026-09-17 18:14,0,0,xxx,玩过,,50436142
王者万象棋,1,阵容流派固定，不吃利息，无连胜败奖励，多棋子养一个强力棋子，缺少博弈性;画风唐，有一种小孩化妆美颜加整容的感觉[表情_汗][表情_汗][表情_汗],2026-09-11 07:57,1,0,Jumping,玩过,,50378089
王者万象棋,5,吕布100级觉醒后的大招特 效也太帅了，三分流打牌我手速虽然跟不上，但是确实很爽,2026-09-12 19:07,1,1,是个圆啊,玩过,,50393106
王者万象棋,5,好好好，我以为我开头一直连胜就能高枕无忧了，万万没想到后面对手用搭配等等技术思把我从第一硬变成第二，这个游戏只能说可以啊不错，这也行？可玩性挺高的，希望这个游戏能好好的运营，体验下来可以，没玩过的也玩起来了。,2026-09-14 15:13,0,0,子若,玩过,,50409569
王者万象棋,4,其实感觉还挺好玩的，金铲铲好玩是好玩，太丑了，这个就刚刚好，养卡很爽,2026-09-10 10:19,1,0,鱼鱼在此,玩过,7.1,50369873
王者万象棋,5,英雄卡牌的画风好看，升到高星之后外观还有变化，同时满足了收集癖和养成癖,2026-09-10 15:30,0,1,⁠⁠⁠⁡爱的故事上集,玩过,,50372449
王者万象棋,5,新手教程更细了，分了5个关卡去学习游戏的不同设定，不管是棋手、卡牌操作的每一步都有详细的文字说明,2026-09-14 16:03,0,0,一念,玩过,,50409919
王者万象棋,5,仔细研究了一下有的成就还和英雄CP有关，比如【少女心思】就和西施跟曜有关。这个名字也起的很甜啊~,2026-09-11 23:50,0,1,我叫小qj,玩过,,50385184
王者万象棋,3,"玩法还行，算是有点亮点。
一款披着金铲铲皮，其实内在是炉石酒馆的游戏",2026-09-15 22:20,1,0,兔子家的大叔唐,玩过,,50420098
王者万象棋,5,好玩，自走棋中属于比较易上手的，玩法大体类似酒馆战棋的模式，但有金铲铲类自走棋的战战斗画面和自己的创新,2026-09-12 15:13,0,0,养老院首席,玩过,8.0,50390753
王者万象棋,5,基本上100场就能上王者了，要是有连胜上的更快，开服这几天就玩这了确实好玩,2026-09-17 18:36,2,0,咕咕咕咕,玩过,,50436370
王者万象棋,5,玩了几把感觉不用死记硬背阵容，跟着手牌灵活调配就行，灵活度、可玩性都挺高的,2026-09-10 17:58,0,1,zdl,玩过,,50373629
王者万象棋,4,有点像酒馆战棋和云顶的缝合版，因为每个英雄都有自己自带的技能所以可能不像云顶一样可以变阵（至少我目前以为是这样）但是牌库刷起来的爽感还是有的，习惯了玩铲铲的可能会不适应,2026-09-17 13:35,0,0,孙逍遥,玩过,91.3,50433442
王者万象棋,5,零氪党玩起来表示很舒服，棋手不用抽，完成任务活动啥的都能攒出来，皮肤棋盘全靠活动送，这游戏我能一直养老玩下去。,2026-09-21 19:50,3,1,尊克,玩过,,50476494
王者万象棋,5,现代都市画风+Q版建模，喜欢，棋手表情包也很生动，对局里互扔道具的时候特别搞笑,2026-09-20 16:58,0,0,ddjxj,玩过,,50465931
王者万象棋,5,好玩，真好玩吧，如果是合三星版自走棋，就太同质化了。上线一看，原来是酒馆战棋，这下不得不玩了。[表情_开心],2026-09-12 23:29,2,1,休伯利安清洁工,玩过,50.7,50395863
王者万象棋,5,结合了炉石自走棋的战吼跟回合结算机制，和金铲铲装备的棋盘战斗机制！很不错。,2026-09-10 13:43,2,0,发个捶捶,玩过,0.9,50371506
王者万象棋,2,"我可能是自走棋玩的少，棋手砍瓜切菜干棋子的自走棋我还是第一次见，这大概就是【技能自走棋】吧？
美术也让人一言难尽，说不出的土和怪异 ....",2026-09-10 15:38,3,0,时空穿越者管理联盟-刘喵喵,玩过,,50372521
王者万象棋,5,回合内手牌无上限的设定真的很爽，想刷牌就刷牌，不过回合开始就得丢掉10张以上的得注意一下,2026-09-12 11:02,2,0,阿布,玩过,,50388053
王者万象棋,5,名刀司命的含金量还在提升，遇到一家狙击香香上来给我大哥一枪多亏名刀救我🐶命,2026-09-15 11:17,2,0,Tꪮꪗડ .黄,玩过,,50415411
王者万象棋,5,白歌这个棋手真的玩不腻，每把都有博弈的紧张感，赌狗赌到最后应有尽有！,2026-09-14 17:00,2,0,hani_acoustic,玩过,,50410314
王者万象棋,5,有时候锦囊给到的牌真的可以瞬间扭转整局局势，所以选的时候一定要分辨清楚，拿到的到底是不是自己阵容能用的牌，这点还挺关键的,2026-09-10 09:02,2,0,啦啦,玩过,,50369325
王者万象棋,4,玩了两把整体感觉还行就是阵容有点单一，画面看着有点暗，优点在于玩法多变性！看后期调整吧！,2026-09-10 15:44,1,1,User47199829,玩过,,50372579
王者万象棋,5,有没有人觉得李元芳在前期过渡特别好用？不仅伤害足，配合长安羁绊还能赚钱,2026-09-12 16:52,0,0,葫芦娃,玩过,,50391818
王者万象棋,5,新人可能看到词条联动啥的比较头大，但搞懂联动逻辑之后会发现配队空间非常大，玩起来也很爽,2026-09-10 08:35,0,1,有气质的休闲玩家,玩过,,50369172
王者万象棋,5,最近试了一下刘邦炸盾套路真的 yyds，图腾搭配得当之后，续航和坦度直接拉满，大河交锋射的输出也很炸裂，熟悉图腾联动规律后，上分稳定性也超高,2026-09-10 18:14,0,1,节哀节哀,玩过,,50373766
王者万象棋,5,毕竟跟传统的玩法不一样，这游戏是能从棋手技能触发效果额外获取牌的，所谓的买三卖1也很正常，不然能量太多反而没得玩,2026-09-17 22:18,0,0,山月随人归,玩过,,50438487
王者万象棋,2,有一定可玩性，但美术是真的难绷，主要玩法抄的炉石酒馆，比如英雄技能，各种词条，三张合金，每回合经济固定，战斗模式抄的铲，奕子有技能能上装备。,2026-09-10 13:12,1,0,染月,玩过,88.9,50371283
王者万象棋,5,感觉这游戏对萌新挺友好的，灵宝引导的挺详细，而且不懂的地方可以看百科都有详细的说明,2026-09-21 20:56,0,1,心柿宠重,玩过,,50477159
王者万象棋,5,瑶这个轮椅英雄该削了，只要能选到海月和李信，基本可以直接挂机，特别是海月，我开局司空震清场，然后两个九百顶级加两个五百的，四个打海月一个，最后还是靠着我英雄的全方位加属性才丝血险胜,2026-09-17 04:04,1,1,User45838049,玩过,,50430005
王者万象棋,4,AI推荐挺有用的，对纯小白来说入门够用，因为可以快速认识英雄以及定位，装备选择与搭配思路，对萌新来说是一个快速上手的好方式,2026-09-11 22:32,0,1,哈哈,玩过,,50384473
王者万象棋,5,玩过好几款自走棋，万象棋是我唯独一个不用看攻略玩的，主要是因为玩过王者吧，装备人物都熟，老玩家上手就没门槛,2026-09-09 14:53,0,1,Mr.陈先森,玩过,,50363046
王者万象棋,5,没有后期都是95那种固定的模式，还挺看运营和运气的，来啥玩啥就行，硬追阵容反倒容易吃亏,2026-09-17 11:59,0,0,第五人格真好玩,玩过,,50432381
王者万象棋,5,大河流派无论是敖隐还是虞姬攻速是真的重要，后期攻速叠起来也确实解压,2026-09-16 18:54,0,0,幽鳍,玩过,,50426632
王者万象棋,5,刚进游戏啥也不懂的时候反而是最好玩的，每张牌都是新鲜的，凑出意想不到的组合都像发现了新大陆一样，新手探索期还是挺好玩的,2026-09-15 10:33,0,1,IKUN,玩过,,50415142
王者万象棋,5,打牌挺上头啊，段位越玩越高还在不断解锁新的天赋阵容，马上黄金了，到时候再试试逐鹿有啥套路,2026-09-11 22:19,2,0,洋咩咩,玩过,,50384355
王者万象棋,5,认真讲，挺好玩的，但内容不够，我喜欢这种类型游戏，比如月圆之夜对战模式，金铲铲，云顶，甚至王者模拟战，以及一些不知名类金铲铲类型游戏我都玩过，王者万象棋确实是比较新颖，但卡片之间联动太死板，缺少灵活感限制了游戏乐趣，段位更是败笔，我认为这种类型游戏就应该以趣味为主而不是竞技,2026-09-18 11:26,0,0,.,玩过,37.4,50442363
王者万象棋,5,新手前期我推荐白鸽和阿瑶，白哥的三分倒转流和阿瑶的献祭李信流都是新手最适合最简单上手的阵容。,2026-09-21 11:15,0,0,祈痴痴,玩过,,50472682
王者万象棋,5,拍卖的时候一定要看好牌，不然最后一刻有人跳过来抢，还会让人有点措手不及,2026-09-11 15:34,0,1,下雨天,玩过,,50380928
王者万象棋,5,王者老玩家报到，一眼过去都是熟悉的英雄，而且阵容划分都是和背景多少有点关系，挺好记的,2026-09-10 08:15,1,0,难免,玩过,,50369070
王者万象棋,3,本人五次内测玩家，成品我只能说中规规距，跟内测区别不大。可玩性也就那样，自走棋加月圆之夜那种的卡牌，平时偶尔来一把可以，深度体验很容易腻,2026-09-10 23:47,0,0,流星,玩过,252.6,50376607
王者万象棋,5,美术真的很戳我，看着熟悉的王者英雄变成一个个Q版的棋手还蛮可爱的,2026-09-15 11:45,0,0,沉稳的美少女,玩过,,50415615
王者万象棋,5,体验服一路玩过来真的是感觉越来越好了，上来就把祈愿的皮肤棋盘全拉满，这特效是真不错,2026-09-19 17:21,0,0,迎风,玩过,,50456097
王者万象棋,3,画面特效什么的真的很帅，击杀动效也很帅，对比金铲铲那些游戏要更高大上一些，还是双端互通。,2026-09-09 13:42,1,1,够了。,玩过,11.6,50362452
王者万象棋,5,只能说这游戏是越玩越上头的，而且一个棋手起码要掌握两套能打的阵容也方便变阵灵活选择,2026-09-17 10:29,2,0,吾名sowj,玩过,,50431217
王者万象棋,5,到了大后期虽然找到k牌了也别着急换，硬换没等级反而掉强度，学会变阵和棋子的取舍挺重要的,2026-09-16 14:53,1,0,@67块冰.,玩过,,50424904
王者万象棋,5,虽然是缝合但是比预想要好玩[表情_捂脸哭]云顶跟酒馆战棋都玩上手还是很容易的,2026-09-14 12:01,1,0,烤地瓜大王,玩过,96.6,50408415
王者万象棋,5,好玩[表情_流口水]虽然有时候不给牌，但是也有时候前期就给后期关键牌直接起飞，把操作拉满，剩下看运气了，运气不好尽力就行了，运气好就爽吃,2026-09-18 18:25,0,1,曦曦,玩过,25.2,50445633
王者万象棋,5,其实不够休闲，忙忙碌碌20分钟，要一直动脑，但是挺好玩，二十分钟一局游戏也能接受，缺点是资源少了点。,2026-09-21 23:21,0,1,手机用户66110463,玩过,,50478573
王者万象棋,5,建议官方再多出点互动，棋手私聊的互动我很喜欢，还会发点萌萌的q版图,2026-09-20 18:21,0,0,多米诺,玩过,,50466585
王者万象棋,3,如果能选完棋手，再根据棋手推荐阵容就更好了，禁用的不太明显，有时候选完进去，看见被禁用了,2026-09-15 18:32,0,0,桃子,玩过,,50418340
王者万象棋,5,如果前期对阵容没那么理解，可以把声音和灵宝打开，灵宝会告诉你每一步操作的思路和你的阵容打法，很有用,2026-09-12 15:06,1,1,手机用户,玩过,,50390657
王者万象棋,2,铲铲老玩家了，第一天上线就下载了，整体玩法感觉有点乱，教程介绍也乱，特效多到花哨，失去自走棋本身特色了，不过我看了下评论区，好多人说一局时间长，这个吐槽太牵强了，自走棋时长都蛮久的，半小时➕非常正常的啊,2026-09-10 23:36,1,0,一番星,玩过,,50376515
王者万象棋,5,"让你们看看冷门英雄班叔

必官方介绍的概率都高很多

也很好玩，虽然上限不高

但是中期很强也很难会掉出第三",2026-09-17 23:44,0,0,童年毁,玩过,,50439418
王者万象棋,4,"🎮可玩性：
各种阵容和角色可玩性还是有的，但是希望是赛季更新一波棋子的机制，不然很容易无聊

🌃画面音乐：
画面相对于别的自走棋来说，可以说很不错了 ，画风也符合背景现代风，我感觉也挺好看，看着舒服",2026-09-11 05:02,0,2,我是傻子,玩过,,50377768
王者万象棋,4,"感觉像酒馆战棋多一点
经济体系，英雄技能等等。
后面数值和机制也是会膨胀的吧",2026-09-11 17:28,0,0,诺米,玩过,,50381844
王者万象棋,4,说白了就是3D 版的炉石酒馆，现在有新鲜感还是挺好玩的，但是随机性没有炉石酒馆大，可以自带角色进去，不知道后面会不会每局随机几个阵容,2026-09-10 13:31,2,0,666,玩过,42.9,50371419
王者万象棋,5,棋手和阵容的适配度还挺重要的，有时候选对棋手，就算跟对手撞阵容，照样能压对面一头,2026-09-12 21:46,0,2,流浪的狸花猫,玩过,,50394806
王者万象棋,5,万象棋这游戏的运营思路真的和别的自走棋不一样，不用刷3星5费，玩着感觉真不错,2026-09-14 22:46,0,0,旧巷,玩过,,50412705
王者万象棋,5,真是推荐加灵宝谁用谁知道，又是教站位又是教买英雄的，上手是真的快,2026-09-14 11:51,0,0,宠溺,玩过,,50408371
王者万象棋,5,新手教程做得非常细致，把升级、阵营和拍卖一步步讲透了，没玩过这种类型的认真跟着走再实战两把就能玩明白,2026-09-10 15:25,0,1,无存,玩过,,50372409
王者万象棋,4,"玩了一天说下感想，首先我是英雄联盟玩家之前短暂玩过金铲铲和云顶，新游就来尝试下
先说优点：
AI功能让新手也能尽快上手是个不错的点，氪金点也都是皮肤棋盘什么的不影响平衡，有一定的随机性挺上头。
再说缺点：
棋手是不是该盲选棋手再进入游戏，因为棋手之间有一定克制关系，包括阵容什么的基本看到你棋手也大概知道你玩什么阵容，再就是时间比较长一局要打30左右分钟，套路比较固定有的有些套路操作麻烦不太适合手机端",2026-09-11 04:02,0,1,SingleDoge,玩过,,50377676
王者万象棋,3,好像创新自走棋，实际繁杂了很多内容，新手可能会因为各种新花样感到有趣，但是第三局之后依然掩盖不了策略上面的不灵活和无聊。基本上就是看似有策略其实运气更重要。更重要的是，小东西多了，就缺少了下棋最纯粹的乐趣，金铲铲是输赢都想马上按下一局，而这个，就真的可以随时不玩，可以说是个戒断灵药啊。,2026-09-11 01:41,0,1,特制菠萝蛋糕,玩过,,50377324
王者万象棋,5,英雄等级可以一直提升，但我每次最多只升到三百多级，好奇他们怎么升到999的,2026-09-21 22:11,0,0,KOIU,玩过,,50477962
王者万象棋,3,和金铲铲相比有一定差异性（虽然也是模仿的酒馆战棋），个人觉得比金铲铲好玩，但还是有点吃运气（没金铲铲那么严重）,2026-09-17 11:02,0,0,夜待天明,玩过,78.3,50431635
王者万象棋,5,大神推荐的阵容牛福，照着抄作业上分稳得很，就是免费格子再多给送一些吧,2026-09-13 11:30,0,0,不能看,玩过,,50399469
王者万象棋,5,"今天刚刚上了王者
最近玩过最好玩的游戏了，音乐和画面我很喜欢
缺点就是没什么社交，完全不需要朋友",2026-09-15 18:01,2,0,江左煤郎,玩过,,50418145
王者万象棋,5,海月100级觉醒后蝴蝶翅膀是真的好看，而且大招特 效也是全屏的，现在单海月流也有很多玩家推荐，不仅好看而且强,2026-09-10 09:05,1,1,人生,玩过,,50369347
王者万象棋,5,感觉挺好玩的。在没上线之前，在王者那个活动里玩，就感觉挺好玩的。然后玩正式的游戏那特效，语音，打击感都很好，还能给你点震惊的效果。,2026-09-20 15:29,0,0,叶,玩过,,50465127
王者万象棋,5,拍卖这块才是真的吃运气，给劣势局中提供了翻盘窗口，我也是好几次劣势局抢到关键效果牌直接起死回生，这也算是比较让人着迷的未知变量吧,2026-09-10 09:11,1,2,落枝,玩过,,50369380
王者万象棋,5,王者万象棋上手简单，英雄特效炫酷，阵容搭配自由度高，每一局都充满新鲜感，玩起来十分解压上头。,2026-09-11 11:36,2,1,小P,玩过,,50379255
王者万象棋,5,"带刚玩游戏的朋友双排打钻石局挺好玩的，我不用时刻盯着队友的经济和对面的技能CD，也不用怕一不小心失误就被队友喷，完全没有打高分段的高压感，还能顺便给朋友讲点基础的游戏技巧

🎮可玩性：
推荐，对于可能没有耐心的人，不推荐，因为有些无聊

🌃画面音乐：
挺不错

🔖运营服务：
还行",2026-09-11 22:34,0,1,Your Highness.,玩过,178.6,50384499
王者万象棋,1,"作为一个热爱王者的玩家，我的爱一定是比别人多的，所以我要打六颗星
测试服的玩过，英雄差距太大，玩的也没有那么爽",2026-09-10 20:53,1,0,白泽,玩过,,50374988
王者万象棋,5,对面养大哥就上米莱狄和蒙恬，满屏召唤物分散火力，大哥再猛也经不住一群娃围着啃，没有**的阵容只有相克的解法,2026-09-14 15:53,0,0,喵喵,玩过,,50409853
王者万象棋,5,嫦娥棋手是又好看又强，从体验服服就一直在玩，好感都6级了，再加上专属技能小兔和大兔英雄升级很快，是海陆空绝配棋手，那什么时候给我们嫦娥出个传说皮肤！,2026-09-11 11:01,0,1,张志华,玩过,,50379002
王者万象棋,5,问问大家，棋手升到几级后开始d牌，每次我都是先升棋手等级一直不d牌，早早就出局了,2026-09-15 23:04,1,0,纠,玩过,,50420438
王者万象棋,5,超级好玩，和金铲铲不一样，这个画面更好看，玩法更简单，爽感还更强，而且新手引导真的好不错，傻瓜也能玩的那种,2026-09-10 09:57,1,1,六月雪,玩过,9.1,50369672
王者万象棋,3,"作为一个王者老手，所有棋子全是峡谷老熟人，后羿、吕布、貂蝉……技能定位一眼就懂，不用花几个小时熟悉陌生英雄效果，王者玩家上手几乎零门槛。
十几分钟一把，感觉时间有点久，无聊的时候可以玩一局。
对局胜负基本看核心英雄养得怎么样，核心没起来，后期很难靠操作扳回来。装备系统存在感偏弱，感觉就是个添头。感觉新手保护机制太强了，原本我的阵容比对方好，但到最后我输了[表情_豹哭][表情_豹哭]",2026-09-19 12:54,0,0,绪言,玩过,,50453255
王者万象棋,5,三分登场倒转强度一直是在线的，又简单伤害还高，比如阿瞒、甄姬、阿珂和露娜的阵容，只要成型后面真的点到手抽筋，建议ch多设计这类阵容玩法,2026-09-12 12:04,0,2,柚子,玩过,,50388688
金铲铲之战,3,"这游戏最气人的是你的关键牌怎么抽都不出来，出门一看别人都快三星了，明明你上等级更早，经济更好，然后最关键的是快三星的那家还只是用那张牌来当挂件的。有时候抽个一费卡都费劲，有时候又顺的不行，基本全是系统发牌。等级上去了再想换阵容基本就等死吧，其实我是比较喜欢玩拼多多的，但是基本只能吃吃烂分，一出了最优解，全是抢那几个阵容的。还是赛季初摸索阵容时最好玩[表情_吃瓜][表情_吃瓜]
",2026-08-30 12:14,58,11,User123601372,玩过,,50269872
金铲铲之战,5,"作为一个入坑不久的萌新来说，这款游戏还是不错的
刚开始玩的时候感觉什么都不懂，很无聊，但是上手之后就还好，全网攻略什么的也很多，很详细，最主要是我弟一直在指导我（）
最开始我还吐槽过新手福利挺拉，但是后续活动也赶上了五周年，感觉活动还是不错的，抽奖机制也没多意外，毕竟是腾讯
主要是一个人玩也不用怕被队友压力，某些游戏的队友真的很神，太难绷了，自己菜的飞起还喜欢压力队友
像玩铲子这种，再不济有点事情或者有点急什么的也可以投了，不用怕耽误事情
玩了无数烂游后，我看金铲铲真的感觉很喜欢，这波属于全靠同行衬托了
最近万象棋上了，但是说实话，看着宣传片一点兴趣没有，还是老老实实玩铲吧
（英雄联盟传奇恭喜发财好难玩）",2026-09-16 10:36,9,5,俩王一个二,玩过,197.2,50422971
金铲铲之战,3,"🎮可玩性：
作为自走棋类型较早一批的游戏，金铲铲依托于联盟这个大IP，以及直接在联盟端游架设窗口，“在游戏里做个游戏”的策略，以最快的速度抢占了这一类型玩家的市场。有人关注，有人玩儿，自然也就有人充钱。金铲铲的更新，基本上也算是稳定的。现在它的游戏性基本上固定了。但在我看来。也相对局限了。

作为一个深度玩家，哪怕是工作日，我也只需要一周左右。碎片化的游戏时间，也足以让我完全玩透一个版本。并不是说每个阵容都吃到鸡，而是单纯的玩明白、玩透。因为这游戏的版本太多了，我对于胜利的渴望也没那么强了，更多的是想找每个版本里那些新的机制、新的玩法。

这游戏的可玩性亮点也就在这里，强大的制作团队，可以让你放心他每一期大更新都会有新的内容。可是你若想一直放在手机上玩，那很快就会无聊的；

总结：
建议一个版本，把所有的阵容看透我明白。就可以卸载等下个版本了。",2026-09-26 02:44,8,2,厕所守门员,玩过,292.2,50519541
金铲铲之战,1,"周年庆送的什么玩意中奖概率低的要死，不想送别送
同行我9级他八级比我来牌是什么原因他还没有裁决转，按理来说我上限更高，概率是假的吗d十下不来牌就算了，7次全三费是什么情况9级3费牌概率高？完全看不懂什么给牌，5阶段刚开三星狐狸一家，三星宝石一家，还有俩家同行卡我牌，这局我非输不可？最后老五出门你满意了，很难想象这是人类做出来的游戏，我都不知道是不是我在玩游戏，感觉系统给你发牌你就赢，不给牌就运营不停变阵都不行，最后花妖裁决硬只能玩四费拼多多裁决，要不是我记得阵容多，这局必老八，能不能再做的狗屎一点，看到评论区还有护你，说人不行别怪路不平的，这游戏都能有孝子，不系统控牌我不信，已经连着6局老二然后这局老五，前几局进入单挑对面永远比我先d到三星四费，或者直接三星五费，最后问我有什么建议，没吃过屎的都不建议玩，喜欢给控制的可以玩玩，最后一点千万别氪金，满屏氪金小广告，",2026-09-03 08:25,32,3,V环VGH高V,玩过,,50303621
金铲铲之战,1,设计师拿脚填的数值？卡尔玛强化通缉令一波就6块钱鬼玩啊，自己不玩游戏的吗人才？,2026-06-19 22:53,63,5,无聊,玩过,,49082053
金铲铲之战,1,"其实没有什么策略，你充钱就随便赢。运营更是路边一条。
辛辛苦苦运营半天大羁绊，不如随便来的拼多多，晋级赛的时候会让你知道什么叫腾讯系游戏。
玩射手拿不到羊刀弓和大棒，必定缺一个。玩宿敌的时候拿不到螳螂和狮子狗，而且必定你是拿不到拳头的。不打个十几把晋级赛，你是不可能上的到下一个段位的。

🤹🏻阵容多样性：
压根就没有啦，反正就是系统想让你赢的时候，你无论玩什么你都有，你就算玩一套，根本不知道什么所谓的阵容，你都能把那些辛辛苦苦运营的大羁绊吊起来抽。
 系统不想让你赢的时候，你的牌库里只有垃圾牌，你的拼多多永远不如人家拼的快，拼的好。最重要的是根本没有装备。最牛逼的是一直到四阶段，全他妈的就只有腰带，斗篷，还有锁子甲。

💡玩法创新度：
太创新了，特别有个创新点，就是系统不想让你赢的时候，你只要玩大羁绊，拉克丝永远不可能会出现你需要的羁绊。
而且这个版本有大量的垃圾羁绊，法师，魔战士，魔女……这些羁绊除了单独的某个棋子很强以外，其他全是大粪

⚖️平衡性：
致敬我们最平衡的天使大人，最平衡的迅捷射手（除开霞以外，全是满天星），最平衡的宿敌（世纪和解拿到就等于吃分），还有我们最平衡的仙灵（阵容成型之后，随机到掀桌的救赎感谁懂啊）
还有我们最最最最最最最最平衡的系统大人！！！！（下次等我到晋级赛的时候，可以直接扣我的分的，没有必要每次都把我控在第五名来恶心我，或者你可以直接在我晚上睡着了之后自己打开我的手机去掉分）",2026-09-12 20:22,22,6,出个金吧,玩过,65.4,50393870
金铲铲之战,2,"可玩性确实丰富，一个赛季一个不同模式玩法。
但是输赢基本是看脸的一个游戏，再会运营你运气不如别人也没用，运气好的时候你感觉自己啥努力也没付出就赢了，运气不好你开局努力运营别人随便拿个海克斯就给你第八名踢出去了。
有时候还有一些人机在那频繁@排在最后的那个人(我说的是真的人机，一眼看名字就知道那种）。运气不好的建议不要玩，不然会很难受。
没花钱不过皮肤体验还行，经常送小小英雄，颜值也还可以，部分棋盘也可以兑换。
游玩时长比记录的更长，因为换鸿蒙以后用不了taptap的版本，时长没被记录进去",2026-06-28 04:12,67,11,離鸢,玩过,523.4,49283606
金铲铲之战,5,真的很好玩，陪伴了我从高中到大学，每次都在绞尽脑汁的玩儿，最厉害的阵容。一局一节课，哈哈，真的很快乐啊，上课的时候偷偷摸摸玩，谁懂啊。但是现在已经不怎么玩了，感觉自己的时间越来越少了。可玩性非常强，推荐大家去玩，可以拉着自己的好朋友一起。,2026-08-08 01:12,11,7,袁子弹,玩过,,49941090
金铲铲之战,5,"哈哈哈，真的很好玩，

每个版本有每个版本的槽点啥的，像现在自然之力的版本遍地都是84，95仿佛成了奇珍异兽，辛辛苦苦上到9级d到强力卡也能被84的各种阵容打爆，即便版本加强了5费卡也是被吊着锤，不过确实跟前几个版本的95不同，反正就是锁不了血，自然仙灵的存在也让游戏不能够路劲依赖去卡好利息 往往需要相信自己运气多d一下看看有啥好的仙灵，特别是灵魂莲华每回合必刷一下看看再做决定
这个版本不太满意的点在于技能特效有点太拉了，其他的都还行，8级抢到三星四费就急头白脸的去专升本哈哈哈

总结下来金铲铲之战作为自走棋游戏是顶级的，跟朋友玩的时候至少99%都是开心的 策略类游戏嘛，王者自走棋看了这特效也别想着碰瓷了……
该说不说拳头做游戏真是厉害，虽然lol走下坡路了，但其衍生游戏金铲铲和云顶还是很火的，无畏契约也很好玩",2026-09-04 07:31,9,7,✔スプリット✘,玩过,,50312121
金铲铲之战,1,"非常好的游戏，在这里你可以收获：
先上七然后被同行先追出三星戴安娜😄
10级55块钱梭哈d不出一张烬😁
九五大成然后被路边跑出的三星大剑魔吊起来抽😂
梭哈三星五费剩一张d不出来，结果最后要被送走了就让它出现在你的商店里😍
金铲铲是世界上最好玩的游戏，它就是史上最史！
本人五杀摇滚赛季入的坑，游玩700局，尝过了赌狗的甜，也猛吃过d不出来的史，这游戏也就那样，最后纯是为了跟朋友玩才让它继续存在的😋",2026-06-15 21:40,68,4,大嘤帝国的团子,玩过,,49042209
金铲铲之战,2,"气运具象模拟器。
说实话不应该叫金铲铲，这款游戏名字改成《国运擂台》人气更高、也更切合游戏内容。
游戏内容：
首先，看运气抽英雄卡：运气好就强英雄，运气差就烂英雄
第二步，看运气战斗：运气好就赢，运气差就输
3，看运气继续抽英雄卡：运气好就升星，运气差就空过
4，看运气获胜：运气好的9张5费卡，运气差的8张5费卡被人卡死。
5.看运气翻盘：运气好的福星收菜，运气差的连输到死。
6.看运气被翻盘：运气差的被人追95翻盘，运气好的满血吃。
差评核心：
1.输赢看运：
除了战力相差悬殊时，
很多时候，你不知道为什么会输，也不知道为什么会赢。
比如：对面人均2星阵容，我方3星4费2星5费强力阵容，结局对面赢了。
2.决胜看运：
很多时候，想吃就得胡到3星5费/棱彩羁绊。很容易第一连赢然后连输到死。更多时候还会遇到对面3星4费就进入连败，或是自己3星4费也保不住血，gg。
3.装备看运：
装备掉落纯看运气没什么好说。但合成装备同样也就那样。（1）强力装备就那几样，1暴击2攻速3回蓝4吸血，很多垃圾装备合出来就等输吧（2）肉装万变不离其宗，1降防2燃烧，其他肉装都凑数值
总的来说就是去记一下版本强势装备，毕竟棋子羁绊够胡也看不上什么装备，也就前中期过渡
后期永远是蓝甲、免控、免疫三件套3星5费值得拥有。但这些都不过锦上添花，垃圾牌永远打不过高贵的不可选中。
4.对手看运：
你以为自己运气好就能赢，对面运气好才是胜负关键手。别人家的福星连败总能收到菜，别人家的以绪任务总是做得快，别人家的棱彩凑齐了。
那还说啥了，这分给你呗。

5.战力上下限差距悬殊
一张牌决定的战力高低：
高度：运气好了凑到9个5费，3星就无敌
低度：运气不好8个5费，连3星4费都打不过，3星5费吹口气，你输啦~
不同牌决定的战力高低：
对面3星5费，你残血3星5费
下限：哎呀不好，你这3星5费技能是加护盾~挨揍神技~（千钰说的就是你个废废）
上限：哎呀不好，对方3星5费无法选中~技能脱手~全屏伤害~然后，一键清屏！

6.红点一大堆
运营活动抠的要死，新年活动几十个宝箱毛都没开出，四舍五入新年日活换空气。抠就抠呗，我也不在意
但是各个活动都给蚊子腿整个红点，纯恶心人。每日礼包50蓝色精粹，红点！活动1币换50蓝色精粹，红点！出活动了，红点！查看其他活动，红点！查看其他活动送50蓝色精粹，红点！
等等……

再聊些别的：
炉石酒馆战棋老玩家，过年被拉入铲铲，入手其实不难，很快上到大师了。（上不去分就去玩约，无脑羁绊，可能吃不了，但是保分很容易）
玩下来，核心就那么两句话：我为啥赢？我凭啥输？运营再好也敌不过狗运。同样，运营再好也敌不过自己运气差。
尤其玩过炉石酒馆，就更有对比差距了。
酒馆：金铜须金瑞文，身材人均8000+，输得不冤，我分给了。
金铲铲：我3星4费他2星，但不好意思，他运气好战斗就是赢了~
场场获胜，经济优势，血量第一，但不好意思，选秀出铲没人抢，对方棱彩无敌了~
盒盒盒，20分钟运营不敌狗运一动，我分给了

总之，
你有气运你就赢，那我玩集贸，一款游戏看清自己是非酋？有点意思~
",2026-03-25 19:59,42,21,觅珍饕餮,玩过,,48162431
金铲铲之战,5,"◤打上了王者，却意识到游戏只是刚刚开始
当你不再执着于胜点，才会收获真正的快乐◢
★★★ ★★★
《金铲铲之战》是《英雄联盟》云顶之弈模式的官方正版授权手游，一款由腾讯游戏发行的自走棋策略竞技游戏。说起自走棋，就不得不提到19年Dota自走棋的爆火，让自走棋玩法真正进入大众的视线。
如果用“一手好牌打的稀碎”来形容DOTA自走棋，那么金铲铲之战就是“人人都不看好你，偏偏你最争气”。金铲铲进入市场的时机可以说非常微妙，各大手游如赤潮、王者、平安京等都推出了自走棋模式，蛋糕已被分食大半；手游市场的双巨头《和平精英》和《王者荣耀》常年霸榜，处于同时期的《原神》更是显示出了其强大实力，一句“原神 启动！”让多少玩家热血沸腾；而金铲铲作为一款独立手游，与云顶之弈数据并不互通，再加上当时的云顶已经更新到S5赛季，金铲铲并不受当时云顶玩家的待见。可以说天时地利一个不占，内忧外患一应俱全。
综上所述，根本不知道怎么赢。那金铲铲是如何成功翻盘，做到收入流水稳居前三，与《王者荣耀》《和平精英》齐名的呢？
2021.8.26，《金铲铲之战》游戏公测正式开启，复刻了云顶的S1赛季。金铲铲的每个赛季通常持续2-4个月，每次更换赛季都是对游戏机制和玩法的一次大换血。以最近的几个赛季举例，S10强音对决将等级上限由九提升至十，S15天下无双引入了全新强化果实系统，并新增决赛圈播报。当前赛季S16英雄联盟传奇新增弈子解锁机制，首次实现了与端游同步更新。
玩游戏就图个新鲜，金铲铲赛季的高频变动正迎合玩家这一心态。赛季更换还有一个优点，赛季一换人人平等，都要重新记牌。这对新玩家而言无疑是非常友好的，游戏上手难度不大，操作要求不高，点开阵容推荐打上几把就能眼熟。
此外，继承的联盟世界观和角色吸引了不少联盟玩家，移动端的便捷受到了部分玩家的称赞。对网络内容创作者的扶持养出了大批“铲学家”，网络直播热梗不断，节目效果直接拉满。“劲夫劲夫全场欢呼”“不听不听就玩福星”“一铲一节课，四把回宿舍”，“是对的，全对”“摇摇屁股”“我太狂咯”………一句话，你可能不打铲，但不可能没听说过铲。
赛季的高频更新，与各品牌跨界互动，多渠道推广传播，铲铲成功绝非偶然。
腾讯，你真的很会运营。
★★★ ★★★
手机坏了几次，软件下了又卸，金铲铲还在断断续续的玩着。开一个新游戏的时间成本很高，旧游戏一年不登只有id没变。以前打王者可以打一天，现在打两把就力竭。谁打游戏不想爽玩，但爽玩有爽玩的条件——肝帝、氪佬、天赋怪或者你有一个这样的朋友。你说我就是个普通人，就想闲暇之余爽一把，那来试试铲铲吧。记一个喜欢的强度阵容，区分出C位，先按系统推荐给装备，对于入坑阶段来说已经完全够用了。
铲铲除了单人模式，还可以组队双排。你可以选择一人冲锋、并肩作战或者各自为战。与其他游戏不同的是，运气在铲铲里的表现非常直观。你会运营，这把吃分概率很大，但如果你有运，那这把多半能赢。
说到游戏，除了游戏内容本身，氪金也很值得关注。多少咱先不谈，打破游戏平衡、玩家歧视链这种是真的恶心。金铲铲好在不逼氪，福利是抠了点，能白嫖到棋盘和小小英雄也还行。出的皮肤有些一言难尽，先是至臻又是双形态，每次以为是顶配结果却只是冰山一角；光污染初见端倪，大晚上切换棋盘威力不亚于硬接闪光弹；有处决动画的小小英雄只有抽奖没有直售…………但话又说回来，零氪友好的游戏不多见了。
这个赛季双人模式段位第一次打上了王者。有时为了保持手感和强度，连续几把都玩同一套阵容，只为恰烂分。段位上升的同时戾气也越来越重：发的牌不顺心就问候发牌员，队友不给力就压力队友，停滞不前时熬夜也得再铲上几把，直到把段位打上去。
可是打完以后随之而来的是空虚，一套吃分阵容打了无数遍，趣味阵容还一把没试过。求稳第一，都到赛季末了甚至没d过三星五费。于是我不再硬套阵容，开始自己凑羁绊过渡；研究英雄的技能、前期优先升前排还是后排的质量，选看起来奇奇怪怪的海克斯………游戏就是要开开心心的玩才好玩啊。
打上了王者，却突然意识到我的游戏才刚刚开始
不再执着于胜点，我终于找回了打游戏的快乐
求一款游戏，可以不被压力，操作简单，门槛不高，携带方便，接受微氪，要是能交到朋友就更好啦！
———金铲铲之战
★★★ ★★★
最后的最后，回顾这个赛季，就双排来说说我的感受：
这个赛季阵容可以说是百花齐放，游戏节奏随赛季进行越来越快，空城连败不再是主流，不吃利息也要优先降低对方血量的打法很凶，最后的版本答案还是三七。
再说说本赛季的阵容演变：
段位低时可以拿约德尔稳上分，四约每回合固定刷新约德尔弈子，八约每回合吃福袋，不用刻意D牌也不用担心经济。但上限低，中期没有二星小法打不出伤害很伤，对装备要求高。专属海克斯兰博和小径属于看到必拿，高段位赌海克斯可以一试。
接下来上场的是东北夫妇，但由于装备要求高，容易D不到牌，上限低等问题，东北夫妇遗憾离场。
后来盗宗发力，一般属于连败的背水一战，留几波容错找出三星四费，以大卑、布隆、狼母为主。需要关注对面动向，及时d牌/卡牌，“你永远不知道冒火的老八想干什么”。但如果这把对面是以九五或以绪为主，没人卡四费的牌，那成功率就会大大降低。
很短一段时间内，龙王得到短暂加强，解锁龙王的要求中，两星穿戴三件装备的蕾欧娜和宝石比较难满足，同时还要记得给龙王留羊刀和青龙刀的装备，不来牌不能硬玩。但如果你在三阶段满足以上所有条件，后期千层龙王自然为你发声。之后不久龙王的技能机制被更改，对局里基本看不到龙王了。
再后来金克丝调整，下水道卡终于有了三费卡该有的强度，金丝狼阵容出世。但对装备要求高，想高上限要找适配的海克斯，容易撞同行，但总体效果还是夯的。
差不多同一时间出来的还有万血塞恩，段位不高可以稳吃分，中间还出过主宰大卑，德玛卡莎等阵容，但强度不够，终归是昙花一现。
接着蚂蚱调整，蚂蚱佐伊阵容登上热门，建议虚空异变有榨核再玩。但我玩的时候后期总感觉乏力，再者，为什么后期不用峡谷先锋代替大嘴，用洛克斯代替蔚？挂一个疑问。
因为是双排，队友最好的搭配还是一个负责前期，一个负责后期。上限高的阵容无非就是诺克萨斯九五，比尔转九五，以绪塔尔。比尔主要是连胜抢节奏，早找女枪，来的牌不好不建议玩。诺克萨斯需要解锁塞拉斯，如果前期找到德莱文打工的话可以一试。以绪上限高但不确定因素很多：队友能不能坚持住，来不来牌，任务好不好，对面会不会断自己任务，三以绪开的越早越好，先看任务，3-1还没牌就别玩了。
最后说说大羁绊：
棱彩德玛，可遇不可求；棱彩比尔，削弱以后强度比赛季初低了很多，但爆金币这一点依然受玩家追捧；棱彩艾欧，拉，要合三星亚索还得攒经济，拖节奏且压力太大；棱彩十约，毫无疑问的夯；十虚空，拉完了；霸王龙，拉完了；龙王，拉完了。
★★★ ★★★
想说的太多了，和朋友边打边吐槽的日子，第一次上大师的开心，队友带来的感动，手忙脚乱D牌和旁边恨不得直接上手的同学，上不去的胜点，功亏一篑的瞬间……太多太多了。
不知道以后赛季会怎么改动，先在此期待一下吧。
如果你选择入坑这款游戏，希望你可以玩的开心。",2026-03-21 09:59,61,43,AZE,玩过,923.6,48126734
金铲铲之战,1,"金铲铲之战 真实玩家评测（约500字）
 
作为一款上线多年的自走棋手游，《金铲铲之战》依然是我心中移动端策略游戏的标杆。它完美适配手机操作，拖拽、合成、站位调整都很顺手，一局20分钟左右，午休、通勤随时能玩，对碎片时间非常友好。
 
游戏的策略深度足够，羁绊搭配、海克斯/城邦选择、经济运营、对位博弈，每一步都影响胜负。没有绝对无敌的阵容，只有灵活变通的思路，新手能快速上手，老手也能持续钻研，越玩越有味道。赛季更新频繁，每次都有新机制、新羁绊，长期玩也不容易腻。双人模式更是亮点，和朋友共享血量、互送装备，社交与乐趣拉满。
 
公平性方面做得很好，不氪金不影响强度，全靠思路与运气，平民玩家也能稳定上分。画面与特效精致，棋子动作流畅，小小英雄和棋盘外观丰富，零氪也能通过活动拿到不少奖励。
 
当然也有小缺点：新版本偶尔会出现阵容失衡，部分对局运气影响偏大，被“发牌员制裁”时容易心态波动；匹配偶尔会遇到段位差距较大的对手，影响体验。
 
整体来看，《金铲铲之战》依旧是目前最成熟、最耐玩的自走棋手游。优化到位、玩法丰富、公平竞技、社交性强，不管是休闲娱乐还是冲分竞技都很合适。希望官方继续优化平衡、稳定匹配机制，带来更多有趣的赛季与模式，保持这份策略与快乐。
 ",2026-03-05 19:13,37,4,阿景亦是风景👉游戏测评ing,玩过,524.8,48005450
金铲铲之战,1,"金铲铲之战不朽传奇bug活动与王总的年度分红恩怨情仇

12 月 12 日，《金铲铲之战》“不朽传奇召唤” 付费活动上线仅 3 小时就紧急下架 —— 有玩家精准抓住规则漏洞，仅花费6000 元就氪穿了原本需要10 万元的全至臻皮肤奖池，前后 471 个账号批量薅走官方羊毛。

但让全网玩家炸锅的不是漏洞本身，而是官方后续的骚操作：明确拒绝全服回档，仅用价值不足 100 元的英雄宝箱敷衍补偿。

这波明显偏袒 “漏洞玩家” 的操作背后，藏着两层没人敢明说的隐情：回档需要工作室群副总裁签字授权，而项目组的百万年终奖早已因这次失误化为泡影。

据项目组内部人士私下透露，活动崩盘后 30 分钟内，技术团队就连夜拉出了回档预案 —— 按照腾讯游戏《运营事故应急处理规范》，涉及付费数据异常的事件需在 24 小时内完成全服回档，才能最大程度降低玩家信任流失。但金铲铲项目隶属光子天玑智趣工作室，该工作室的核心规定是：涉及单场付费活动超 500 万流水的全服回档，必须由分管该工作室的光子副总裁签字，且需附带法务合规意见书、财务损失核算表、玩家安抚方案三份文件，缺一不可，这是腾讯 IEG 事业群明确的跨部门审批流程。

次日，项目负责人带着打印好的三份材料冲到深圳总部 23 楼高管层，却被王总的秘书拦在办公室门外。“王总正在开四季度财报评审会，明确说了，这个节骨眼上，任何涉及‘退款’‘回档’的负面操作都不准碰，会影响股东对年度业绩的判断。” 秘书私下透露，王总作为天玑智趣工作室的直接负责人，今年的 KPI 和工作室净利润率强绑定，而回档带来的直接损失会拉低四季度数据，进而影响他的年度考核评级。

更致命的是，这次失误直接踩碎了项目组的年终奖红线。相关人士透露，光子工作室群的薪酬体系实行 “薪酬池 + 绩效强挂钩” 制度，金铲铲项目组今年的 KPI 里，“付费活动零重大失误” 是核心考核项，占年终奖权重的 40% 。原本按前三季度流水计算，整个团队能分到近百万的奖金池 —— 光子核心项目团队的年终奖普遍能达到年薪的 2-4 倍，骨干成员甚至能拿到 6-12 个月工资的奖金。但这次规则漏洞导致的异常道具发放，直接让活动失误率飙升至 5%，远超 0.1% 的合格线，总部已经口头通知：全年评优资格取消，年终奖全额冻结，连股权激励的归属资格都可能受影响。

“回档就等于公开承认重大工作失误，不仅我们的奖金彻底没了，项目负责人和主策划可能都要被问责调岗；但不回档，顶多挨玩家几天骂，责任还能推给‘规则设计疏漏’，至少不会有人丢饭碗。” 相关人士的话道破了关键 —— 在腾讯的 “双轨考核” 体系里，“主动承认失误” 的处罚远比 “被动承受舆论” 更严重，尤其是在年底晋升和奖金核算的关键期。

事实上，项目组不是没试过折中方案。有玩家发现，活动下架后的 6 小时里，部分薅羊毛账号曾短暂被冻结 —— 这正是技术团队在测试定向回收功能。但最终这个方案还是被王总否决了：471 个账号的道具数据分散在不同服务器节点，逐个核查、回收需要至少 7 天，人工成本超过 20 万，而项目组的年度应急预算早就用完了。更关键的是，定向回收可能引发这部分玩家的集体维权，一旦闹到监管平台，王总作为分管副总裁需要直接担责，这是他绝对不愿接受的。

财务部门的核算更是给回档判了死刑。据内部流出的初步核算单显示，若全服回档，需向所有参与活动的玩家退还点券并按 1.5 倍赔偿损失，总金额将超过 800 万元。这笔支出会直接计入四季度亏损，而光子工作室群今年的净利润目标本就紧张，王总显然不愿为一个项目的失误，影响自己分管板块的整体业绩，更不愿在总裁陈宇面前留下 “管控不力” 的印象。

玩家的反馈也印证了这一点。不少氪金数万的老玩家发现，自己花 2.5 万元才抽到的至臻皮肤，别人 6000 元就全套解锁，而官方补偿的 “英雄级小小英雄宝箱”，实际价值不足 100 元。有玩家尝试联系客服追问回档事宜，得到的回复始终是 “技术层面无法实现定向回收”，却对 “全服回档” 的可能性避而不谈 —— 客服团队早就收到了上层通知，对 “副总裁授权” 相关问题一律回避。
而项目组内部已经炸开了锅，有员工在内部 OA 的匿名吐槽区留言：“今年年终奖没指望了，现在只求玩家骂声能快点过去，别影响后续版本上线，不然连基本工资的绩效部分都可能被扣”。据透露，目前已有两名核心策划在悄悄投递简历，担心这次事故会影响自己在行业内的口碑。

如今，玩家的维权声浪越来越高，不少人已经发起集体投诉，要求开放退款通道或全服补偿。但对金铲铲项目组来说，此刻早已骑虎难下：回档需要王总签字，流程走下来至少要 3 天，而这期间玩家流失风险剧增；不回档则要持续面对舆论压力，氪金玩家的信任度彻底崩塌。“其实大家都知道该回档，但没人敢拍板，也没人愿意为这个决定买单 —— 王总怕影响考核，我们怕丢奖金，最后只能让玩家来承担后果。”",2025-12-13 17:05,291,13,人间蜉蝣,玩过,,47179141
金铲铲之战,5,  金铲铲是男朋友带我入坑的，当时两个人在一起没多久。我是个老农民，平常就爱玩种地和煮饭的游戏，没接触过自走棋。他特别有耐心，教我卡50金币的利息、选合适的海克斯、认识“羊刀”和“饮血”。    两个人可以一边D牌，一边聊天；被别人打败了，就去他的棋盘上发哭脸。没有绝对纯粹的竞技性，我认为这是金铲铲区别于其他游戏的地方。  第一次追出三星五费，我激动了很久，他也在替我欢呼，他作为金铲铲导师，真没白教我呀！之前双排可以传送不限星级的弈子，我和他无论谁追出三星五费都很兴奋，因为可以传送给对方爽一下。  每次赛季更新，弈子的卡面都会换，我就全不认识了，还得慢慢熟悉新角色，但陪在我身边的的人，还是“旧旧”的他～现在我也是铲铲高手啦！我们俩在一起快三年了，希望金铲铲越做越好，希望我们一直在一起。😺,2025-12-22 17:55,237,26,是洋不是羊,玩过,601.9,47246465
金铲铲之战,1,"这么恶心，v11就觉得我花钱在游戏里不但没有支持运营，反而被摆一道，大厂游戏处理方式和人家小游戏一样，原文放下面，不处理永远不撤
不朽传奇召唤活动问题处理公告：
各位弈士：

12月12日“不朽传奇召唤”活动上线后，由于活动规则设计失误，共有471名弈士通过符文宝箱解锁了超出设计预期的活动道具。接到玩家举报并核实后，我们迅速暂停了该活动并进行了活动下架。对于活动临时下架给大家带来的不良体验，我们深表抱歉。

我们将向所有在活动下架前参与该活动的弈士发放【英雄级小小英雄宝箱】*1作为补偿，弈士在本活动购买后仍未使用的符文币将退还为等额点券，活动补偿宝箱以及退还点券的发放时间敬请留意后续公告；对超出符文宝箱设计预期解锁的道具，属于活动策划设计失误所致，将不会回收。

“不朽传奇召唤”活动在整改完成之前不会上线，具体的上线计划、时间及最新活动规则请留意后续相关公告。

再次对项目团队的工作失误给弈士们带来的不良体验致以诚挚歉意，感谢大家一直以来的支持与理解。项目团队将深刻反省，引以为戒，争取将好的体验重新带回给大家。

《金铲铲之战》项目团队 
2025年12月12日",2025-12-13 13:13,55,6,ウミネコ,玩过,93.5,47177412
金铲铲之战,1,"从S1玩到S15，每一个赛季都玩过，从九剑，光劫，五福，五龙，大黑棍铁男，怒火中烧腕豪，凌风拉克丝，鸡牛特战队等等，我一直觉得这个游戏的策略性非常高，即使是德莱文之奕的畸形版本猛追三星四费和一把四家花仙子3-9进鸡哥抢牌我都觉得很好玩，的的确确是适应不同的版本来通过自己的策略、思考来玩，我觉得金铲铲他值得五星。

但是
这个S15你改牌库出三星的概率还能再明显一点吗，你不如直接发个公告吧，三星三费的棋子，只有两种情况，要么你几乎不需要怎么D牌，跟值得等待一样自己来，要么外面一家同行没有（甚至只有你一个人要这张牌）死活D不出来，最明显的就是学长学姐和大嘴诺手，两套三费主C主坦的阵容，其他的运营上8的，4-2梭牌拿猫咪女坦阿卡丽卡尔玛这种非特定阵容几乎没人拿的四费卡也照样出不来。
你可以改机制，改装备，改玩法，你搁这改牌库是什么意思？这种非常破坏游戏体验的你也该吗？
有些改动你抄的抄不明白，双城2那么好玩的机制，异常突变的机制你固定一个点刷就可以了，你改这个果子全是副作用，增加操作时间，而且完全不透明，同时直接限制了多C阵容，大家定死了都是一坦一C，为什么这个赛季到现在还是赌狗盛行，改不明白就别改。
玩法的多样性是我喜欢这个游戏的根本，比如说凌风拉克丝这个玩法虽然很怪，但是的的确确是好玩的啊，为什么凌风法衣这种策略性强的要改，而奥恩神器这种同样一个装备决定一种玩法的却当成游戏特色来玩呢？
还有海克斯，这个版本的主人公九条命拿到就是吃分，而升级咯对冲基金大卖特卖生日礼选取率越来越低，为什么？你设置的这个十级除了恶心玩家到底有什么用？双城之战2那么好的机制环境，那么好的热度，你就这样瞎改又有什么用呢？
S15到此为止，S16如果还是策划教玩家玩游戏，玩家我觉得会越来越少，只希望有和双城之战2这种新版本能让我重新回到棋盘吧",2025-10-07 11:11,62,6,小河,玩过,,46556219
金铲铲之战,1,"云顶的数值就摆在那，抄都抄不明白，水多加面面多加水，怀疑两端的设计师定级赛都没打完？几套阵容火了就赶紧削弱，调整到只剩唯一的赌狗，自己看看这赛季95阵容顶端特斯拉全员二星在你铲铲里的强度，大量的经济血量投入，换来的回报像个笑话
新赛季刚出一周接连让玩家发现bug，我就纳闷了盯着大头晴天娃娃般的小小英雄不放，比优化游戏本身还要积极，藤井给天美做金铲铲真是旱厕对驱虫，气味十分相投
每次一点开界面像是微信小程序的广告就铺天盖地迎上来，有没有搞错？首充和抽奖礼包接踵而至，你游的吃相愈发难看
现在氪金的玩家也算异食癖了，几年前的神龙星守，虽说质量比不上端游，但是价格相对还保守点，现在不演了，玩家买单啊，流水线般就运上来
福利这板块更别提了，最抠门的游戏没有之一，延续了藤井在拳头入股后张张烧纸币的风范，看来天美才是藤井真正的弄臣，其他分部还得多学习
对金铲铲之战评价：0
曾经跟死党们在水课上开黑的快乐时光：♾️
连续炒冷饭返场过往赛季恭喜发财模式：2
随时随地有手机就能启动的便捷，而且运气很好，目前市场上自走棋没有很强硬竞争对手（多多自走棋 Dota自走棋…）：2
综合给到1星",2025-09-13 23:12,170,9,1999.6.17,玩过,1081.3,46350977
金铲铲之战,4,"玩了13个赛季的金铲铲，说起来真是又爱又恨。从最开始凭着一股新鲜劲瞎凑羁绊，到现在能精准算到每波利息和对手的阵容走向，这游戏早就成了生活里的固定调味剂。
 
记得刚玩那会儿，连“选秀拿装备”都搞不明白，经常兴冲冲选个大剑结果阵容根本用不上，还傻乎乎守着三费卡硬D，被朋友笑了好久。后来经历了各种版本更迭，从“九五至尊”的统治力，到“拼多多”阵容的灵活，再到现在更考验运营节奏的版本，每个赛季都有让人上头的新套路，也有被砍得心疼的老阵容——就像当年的“帝国骑士”，现在想起来还觉得可惜。
 
13个赛季下来，最大的感受就是这游戏越来越讲究细节了。以前可能靠运气就能吃鸡，现在得算经济、看海克斯、甚至预判对手的出牌顺序。有时候明明阵容成型了，却因为一波装备没给对，或者贪了5块钱利息没拉人口，眼睁睁看着别人逆袭，那种感觉又气又上头，但转过头来还是想再开一把。
 
身边的朋友换了一波又一波，但金铲铲一直都在。偶尔遇到同样玩了很久的老玩家，聊起某个赛季的冷门套路，还能相视一笑，那种默契挺难得的。虽然现在新套路越来越多，偶尔会觉得跟不上节奏，但毕竟陪了这么久，就像一个老朋友，就算偶尔吐槽几句，也还是舍不得离开。

",2025-08-11 19:20,61,35,无,玩过,228.5,46012940
金铲铲之战,1,"关于近期活动及版本问题的补偿公告

各位弈士：

近期，我们收到大家对“不朽传奇召唤”活动的反馈，感谢所有弈士的批评与指正，我们认识到了我们的失误，给大家的游戏体验带来了糟糕的影响。项目团队对本次活动及此前版本体验等问题进行了深刻反思，我们有责任为大家带来更好的游戏体验，在此向每一位弈士致以最诚挚的歉意。

为表达歉意，我们计划向弈士们发放以下补偿：
全新神话级小小英雄【月华之子 海月神 小小佛耶戈】 x1。
●领取条件：在2025年12月13日21:00:00前注册的弈士均有资格领取。
●发放时间： 预计于2026年1月1日更新后通过游戏内邮件的方式陆续发放给符合条件的弈士，弈士可以登录领取，收到邮件的时间可能有先后顺序，敬请耐心等待。
●领取时间：邮件可领取时间截止至2026年3月31日23:59:59，请弈士们在邮件过期前及时领取。
●【月华之子 海月神 小小佛耶戈】为全新未上架的限定神话级小小英雄，旨在表达我们的诚意，以及对守护广大弈士们游戏体验的承诺。
（图片系开发中版本以后续上线为准）
 
无论是活动还是版本问题，在影响弈士们游戏体验的同时，也辜负了大家对我们的信任。我们承诺会吸取经验、脚踏实地改进，为大家持续提供高品质的游戏体验。在此，也欢迎所有弈士一同监督，并通过官方客服反馈您宝贵的意见与建议。
再次致歉，也感谢大家的耐心与理解！

《金铲铲之战》项目团队
2025年12月13日",2025-12-14 19:27,41,7,Tk,玩过,1371.5,47188322
金铲铲之战,4,其实还蛮不错的，偶尔开两把过过时间挺好，优点是在于可以凭借自己的策略和理解终结比赛，无非就是恭喜发财和后面滴牌运气不好输了，作为一款休闲游戏我觉得还是不错，环境还可以，各自为战，不存在骂人的情况，加上之前还送了一个神话的小小英雄，我觉得这款游戏仅仅是在腾讯里面算是最好的一款了,2026-02-17 00:14,31,12,默恋＆,玩过,,47852413
金铲铲之战,4,可玩好玩，当你到一个阶段就会自动解锁金铲铲这款游戏。耗时间的神器，一把下来平均20来分钟。不知不觉时间就过去了。可以说是回归了一些放置游戏，但是玩法毕竟有限，经常没活乱整。整体观赏性与竞技性没有做到一个平衡，娱乐性做的也有丝欠缺。就是不耐玩，只能说打发时间是好游戏。因为注意力不需要太集中，可以腾出双手。可惜有一个比较大的缺点就是这种屁大点的游戏，非得塞那么多皮肤，整那么多特效之后。安装包以及数据内存越来越大，都已经快媲美一个小型的3a电脑游戏了。就很离谱。对小手机内存以及低配置手机非常不友好。小小英雄很可爱，但是氪金要求太暴力。丑的多样的小小英雄到是免费送。未来可期吧，但是最近节奏也不太好。,2026-01-01 02:06,33,12,天道总司,玩过,183.2,47338706
金铲铲之战,1,"这个赛季玩了400多局，玩到600多分，属于老菜鸟了。我有一个感觉，就是铲子背后有个增加玩家粘性的机制，控制体系卡来牌概率也好，控制装备也好，系统知道玩家想要什么，但它会控制你。胡的时候毫无压力，顺水推舟即可，差的时候绞尽脑汁也无可奈何。结论就是如果你没吃过石，可以下一个金铲铲玩玩。
***********
终于在600局到了王者，算是完成了给已经定的小目标，只有完成那一刻是开心的，然后只感觉解脱。",2026-02-03 15:26,88,9,正义,玩过,,47697460
金铲铲之战,1,"没什么好说的，腾讯游戏玩的就是elo,从翡翠开始永远匹配比我高一个大段位的对局，比如钻石4的话，8个人会有两三个钻石，剩下的全是大师。上了钻一钻二还在赢的话，偶尔还会匹配到宗师。
段位意义其实是不大的，但是一局中段位的分布会体现对局的强度（懂得都懂），高强度对局牌是d不到的，海克斯和装备是烂完的，外面全是发牌员兴奴狗运好的没边。
以前赛季我也玩过铲铲，确实在钻石以下一把只有两三个真人，s15不知道是什么原因（有可能是微信区的问题，也有可能是和好友双排赢了太多的问题)，从铂金开始就五六个真人。",2025-10-02 17:32,29,7,添泽,玩过,38.5,46508669
金铲铲之战,4,"从s7的龙神到s8的怪兽，s7最高分钻一86，s8目前最高分钻二68。这游戏个人觉得大概属于又爱又恨的那种，玩起来瘾很大，有时前期百分之一概率出螃蟹稻草人直接锁住但有时升八五十块D下去四费连两星都追不出来。目前觉得最大的问题在于羁绊阵容以及同费卡内棋子强度差别很大和英雄强化海克斯质量参差不齐，一把游戏往往从后期英雄强化结束看看其他家的就想退了。然后再者就是整活阵容，我经常去bilibili看猫咪的整活视频，玩着一些奇奇怪怪的东西但却莫名其妙的强而且很有观赏性，于是乎自己就试着玩，好家伙，现在掉到钻四0掉不动了，什么机甲鸡哥、爱心鸡哥、星守鸡哥、混沌鸡哥、叠叠乐狗头、巨无霸牛头、核爆猪妹、情报努努..真的，整活也就图一乐，真正上分的还得老老实实的。最后我想吐槽一下游戏内道具的获得方式，尤其是竞技场、传送特效基本都要钱钱，而且都不算便宜，更有抽卡一千多块保底的，游戏能通过肝得到的永久道具少得可怜，但是想了想毕竟是腾讯也就不觉得奇怪了。最后的最后，我想说胖胖龙yyds..（以上仅小菜鸡个人意见，有些地方可能欠缺考虑，谢谢大家啦QvQ）
现在是s9.5赛季了，目前段位最高到了大师二102分，s9的后半赛季虽然值得开心的是可以赌虫子了，木格万血炒鸡大虫子，但这么多把下去我发现后半赛季平衡性很差:德玛西亚的光明装固定分配而非随机，饮血泰坦剑姬必定光明血手，剑姬大招无敌帧转着打，强度相当离谱;成型只需io转的赌寒冰，io寒冰一个大下去基本直接清场，伤害高得离谱;乌鸦没有血量锁，双大天使一龙牙血量加时赛直接过万，配上恶魔耀光强到爆炸......然后就是似乎没有什么好玩的整活阵容（莎剑狗啥的其实玩起来也就那样吧，没有感觉玩起来很有趣，赌虫子还是蛮有趣的，一定要去试试）......
s10赛季刚刚结束，s10赛季上了钻石后没怎么玩了之后一直在玩复刻的福星。s10强音对决我的评价是很平平无奇吧，一开始的时候觉得朋克和叠叠乐亚索很好玩，后来发现其实也很一般般，感觉没有什么奕子效果或是羁绊效果让人眼前一亮的，基本很多都是去赌心之钢的。后面玩了一段时间奥拉夫，感觉还蛮有意思的，配上斗士五杀我一般会给鬼索和两个泰坦或是血手，奥拉夫鬼畜般的攻速看起来蛮有意思的，后来乡村乐可以合成了，玩了一把二十星级的几乎顶配人马，没打过三星四费，实话实说感觉人马强度一言难尽，星级低没啥用顶多前期吃吃连胜星级高又得嘎嘎D牌外面有裁决莎弥拉舞者螃蟹这种还很能追高星级，甚至还会和玩护卫朋克金克斯撞上，基本乡村的人马很难C起来，s10后面很少去碰了，可能很无聊时玩一把，但感觉没啥意思。复刻的福星赛季相较于s10感觉还是很不错的，最高段位到了七级，福星有不少好玩的，摄魂夺魄吸血鬼、秘书万盾流风女、永恒斗士努努（梦回s7神龙努努）、法转三国皇子、点点乐小法、天选真伤法转鬼影哥、转转乐护卫秘术三国盖伦......还有很多奕子效果很有意思，这是我觉得最重要的，比如一费卡剑姬的无敌帧加眩晕、三费猫咪的挂件技能、抱摔哥腕豪满蓝登场、拔矛姐斩杀、盖伦的转转乐......总体上福星赛季还是蛮有意思的，s10相较于福星没那么有意思甚至相较于之前的赛季都显得有些拿不出手，唉:-(
现在是s17赛季了，赛季初基本每一把都玩大虫子，虽然体型不随血量增加而变大了，但还是很有效果，而且吃不掉的情况下也可以永久增加生命值，还可以搭配法官成因叠上叠[表情_开心]
但是，熬夜波比什么时候削弱?外面全部是玩这个的，其他阵容在95薇古丝面前就像个新兵蛋子[表情_豹哭]",2023-01-27 04:40,57,40,cythhh,玩过,,34899579
金铲铲之战,1,"这个赛季玩了400多局，玩到600多分，属于老
菜鸟了。我有一个感觉，就是铲子背后有个增加
玩家粘性的机制，控制体系卡来牌概率也好，控
制装备也好，系统知道玩家想要什么，但它会控
制你。胡的时候毫无压力，顺水推舟即可，差的
时候绞尽脑汁也无可奈何。结论就是如果你没吃
过石，可以下一个金铲铲玩玩。

上个赛季双城之战比较好玩，坐牢，赛季都快结束了还在改机制",2024-06-17 12:05,8,0,不要推送肉鸽给这个用户,玩过,,40983641
金铲铲之战,1,从s1玩到现在这个赛博城市，我觉得我对这个游戏是有发言权的，一开始没有手机端，还是在手机上用什么云电脑玩过一段时间，从刚开始出手机端都欣喜若狂疯狂追捧疯狂推荐，到如今赛博城市直接卸载弃坑，可以说这游戏设计师是真把一盘好棋下稀碎。是，有的人会说，娱乐自走棋游戏，运气也是实力的一部分，但是既然有排位，有段位的存在，那是不是大多数玩家还是希望游戏环境相对公平一点，平衡一点？这么说吧，现在这游戏，打上一定段位过后，决定输赢的，跟你人怎么玩，玩得咋样一点关系没有，全看发牌员心情。或者是是全看运气。运气好的时候，玩大嘴3-1直接白嫖三星，甚至玩男枪3-1都能白嫖三星。运气不好的时候，你5阶段5级两星大嘴老八出局。那不玩赌狗阵容我玩运营。幸幸苦苦运营过渡5-1上9，50块钱启动d牌，3波容错直接出局，鳄鱼可酷伯不给2，螃蟹一张不来，转头一看别人8级2星鳄鱼螃蟹😃。我承认，我也有爽局，但是一个游戏的输赢如果不是靠游戏者自己来决定而是机制来决定，靠概率和游戏局数来堆积，那就失去了这个游戏本来的乐趣。,2025-07-11 16:13,21,0,我鸭血,玩过,111.5,45601561
金铲铲之战,2,"以下全是个人观点，也许是我玩的菜，但我还是想说
我从s8开始玩的，当时看朋友都在玩所以也入坑，那个赛季每个英雄都有专属强化，每个棋子都能大放异彩，最喜欢玩的就是超英EZ和混沌佛爷，那时候还不喜欢走连败的魔盗团(因为想赢，但后来才发现是遗憾)，到S9差不多玩明白了一些，但还是看网上的一些教程，倒也是从这个赛季过后，这游戏感觉开始走下坡路(除了双城2我觉得还行)，基本上后面几个赛季才玩十几把就觉得没意思了，唯一能支撑下去的可能就是连败羁绊了，虽然吉星被喷，但9吉星的发财树出来时也让人眼前一亮，而在这个赛博赛季，我真的不理解为什么要削弱连败羁绊的奖励和95体系，本来就考验玩家的阵容把控，中途一不小心被断可能这把就废了，收菜后奖励也是不尽人意，现在虽然经常会收到提升战力的强力奖励，但我认为更多玩家玩连败不就是为了能在丝血时有很多金币上9然后追出很多2星5费吗？而且这赛季赌狗一家比一家强度高，常常有大成95打不过赌狗(就比如网上很火的一句话:只有活着的人才配上9)，从一个偏娱乐的竞技游戏变成运气游戏，赛季开始没几天就上线恭喜发财，几个月有上架时光机，现在马上又反场巨龙(虽然没玩过)，但种种迹象恰好表明了这赛季的拉垮(从之前其实就能看出来了，但至少还有特色)
还有这个卡池问题，玩赌狗就不说了，本来就是靠运气，但为什么8级5费概率比9级大，而在9级又D不到4费呢，你5费卡变少没意见，但没人卡牌的情况下，为什么经常，明显的D不出三星5费呢，游戏机制？我故意排位测试了一下，3-2至少如果没有升级了或上进心或对冲基金这种海克斯就直接投，搞了二十几把从中午搞到下午接近4个小时排到人机局，对冲基金＋后期专家+执事(好多层忘了)收的奖励(收的棋子换算成金币)，我拉十(还有50滴血)人机才7级，到最后我死的时候人机最高也才8级，但就是追不到3星五费，我只想知道这游戏如果像现在这样，看网上什么强玩什么，运气没同行好就下把，那还有什么意思赌狗也可以玩而且赌成功后也好玩，但不是现在这样只有几个固定搭配😓，虽然我没上过王者，但我朋友都说现在王者含金量低了许多，身边的朋友也慢慢觉得没意思退游，这游戏最大的败笔我觉得就是上面所说的吧😞",2025-06-11 04:29,30,4,青羽,玩过,419.5,45244276
金铲铲之战,4,"从铲铲上线一直玩到现在，零氪，算个骨灰级老玩吧，整体评价尚可，最怀念的依然是当年上线初没有算法天谴的日子，那时大家各凭本事公平竞技……后来中途因为天谴局转玩过其他自走棋，但遗憾的是综合下来没有平替，云顶现在玩的更是一种生活习惯。
个人玩了两个号（下面晾出我其中一个，感觉这个赛季强音的节奏更友好些，主五费三星偏后期、更爽快些；武道大会各种乌龟前排苟，主互相恶心偏前期、更搞人心态），现在基本上每天睡前玩几局，至于别人说的至臻皮肤加成什么的完全无感，非天谴局我照虐不误
说到天谴局，试验过很多次主动投（强退）拿老八来节省时间，个人以为，钻石以前不算玩，没几个活人完胜登顶刷日常即可，天谴强度极低，但钻石之后就开始了，
看到自己登顶爬坡积累的分直接给扣到零忍不住骂娘，只能陪玩拿烂分，而且，根据鹅厂搞lol算法的尿性，个人感觉这个天谴强度大概率会随着陪玩时间的增加逐渐减弱，譬如你前50盘遵循算法登顶2局100％天谴2-3，50-100盘遵循登顶2局80％天谴2-3局，以此类推递减，这里可能存在一个阈值，这也能解释，平民肝帝也是可以升到王者，只不过这一线生机是人为设定的罢了……
如想上分的话就不用关注对手匹配，不用关注频繁跳你场地的偷窥狂（我从不跳场，每次对战瞄一眼对手候选排足矣，该卡卡该换换，这本就是竞技本身），重点专注你每次前四与后四出现的频率，顺风争取登顶，逆风保底吃烂分就行。
现在玩，胜负固然重要，但更喜欢开局拼人品，中局拼换队，决战局拼手速、卡位梭哈的快乐
",2025-10-06 15:02,61,16,赤焰霞,玩过,2214.8,46547117
金铲铲之战,4,"金铲铲是一场“痛并快乐”的博弈——它保留了云顶的策略魅力，也放大了手游的短板。如果你追求“轻松解压”或“和朋友开黑”，它会是你手机里常驻的“下棋神器”；但如果想要绝对公平的竞技体验或完美的操作手感……建议先调整预期。

最后一句大实话： 玩金铲铲就像谈恋爱——明知它有缺点，但当你三星五费起飞、吃鸡后截图发朋友圈时，还是会忍不住说一句：“真香！” （然后下一把继续天谴局……）

（P.S. 给新手建议：前期别盲目追三费卡，优先升人口吃利息；后期记得留钱给“选秀”捡漏；遇到摆烂局直接投，省时间下一把！）",2025-09-27 00:56,36,16,罗密欧与猪过夜,玩过,525.4,46456464
金铲铲之战,4,"《金铲铲之战》真的是现在很上头的一款手游，没事来一把特别解压。上手特别简单，新手跟着教程玩两把就能懂，不用花太多时间研究，碎片时间就能开一局，节奏也刚好。
 
游戏最有意思的就是凑羁绊、选海克斯、合装备，每局思路都不一样，运气好胡一把爽到飞起，翻盘的时候特别有成就感。和朋友一起开黑更快乐，边玩边聊氛围超棒。
 
画面和特效做得也不错，更新勤快，新赛季总有新东西玩。唯一缺点就是有时候运气太坑，牌不来、装备不对真的很气，版本强势阵容也容易扎堆。但整体来说，休闲又好玩，不管是随便玩玩还是认真冲分都挺合适，是日常摸鱼必备的小游戏。",2024-08-12 05:52,4,2,月白风轻,玩过,2143.5,41990415
金铲铲之战,5,有时间的人玩的，一局平均25-40分钟,2026-06-24 22:41,1,1,离lir,玩过,470.9,49140294
金铲铲之战,1,上九50块3张5费，其他人都是赌狗，五费被策划吃了？,2026-06-24 22:55,23,1,西城遇 南城空,玩过,773.2,49140556
金铲铲之战,2,"铲子，PC云顶之弈腾讯发行的手游版，一坨达芬，我玩铲子也有4年了，给各位讲讲我的想法吧

🎮可玩性：
作为一款策略类自走棋游戏，本质玩法就是搭配奕子进行玩家对战，所以玩法还是比较单一的，但由于每个赛季都会上线新主题新羁绊和奕子机制，综合考虑可玩性还是可以衍生出很多玩法的，中档⭐⭐⭐

🪢策略深度：
策略游戏，肯定会有对应的策略组，但在这个游戏里，完全没有任何策略可言，一个字“运”，能不能凑出想要的羁绊，D不D得出三五，取决于发牌员站不站在你这边，你的运气好不好，给的策略，却完全没有合理的策略性，只能说拉完了，垃圾⭐

🤹🏻阵容多样性：
前面说过，每个赛季都有新主题新羁绊，合理的羁绊搭配在对局内会有意想不到的效果，有的阵容即便是一费也可以Carry，还有的阵容强大到就算是100个三星五费来了也不一定打得过（奥德赛会教你做人），在阵容搭配方面铲子玩家从不会让人失望，还是可以给到上档⭐⭐⭐⭐

💡玩法创新度：
我个人认为，在S12之前都是每个赛季就全是不一样的羁绊，效果也基本不同，但在这之后，重复羁绊，重复效果越来越多，总能找到几个之前就出现过很多次的东西，毕竟这样的游戏只是衍生品，跟原作高度绑定，也就是联盟，在这里的羁绊基本全是出自联盟内的英雄皮肤，没有更多的新皮和新英雄，就间接导致了铲子的创新滞留，只能说很遗憾，中档⭐⭐⭐

🔖运营服务：
拉完了，拉完了，拉完了，重要的事说三遍，各种高价皮肤，棋盘的出现都印证了tx⭕的本质（喜欢当然可以入手，并没有概论各位买皮肤的，只是觉得tx吃相难看）在这方面的运营你腾叔叔从不会没点子，运营是拉的，💰是必圈的，完完全全拉完了，垃圾⭐

个人想法：
刚玩那会是S6老双城，那个时候没有像现在这样的，羁绊好凑，装备NB，基本把把都有三星五费，比的就是追的对还是错，现在看来，铲子真的不行了，即便不会凉，但也不会有特别好的发展空间了",2026-10-08 08:20,0,0,荒筱,玩过,329.1,50666658
金铲铲之战,1,约德尔人的强度太低了吧，我一个三星可库博，一个三星兰博，三星凯南，三星露露，二星金丹小鱼人，都打不过对面一个二星五费，求加强一下约德尔的羁绊,2026-10-08 07:48,0,1,暗裔潘森,玩过,15.1,50666541
金铲铲之战,1,nb，别人八级那五费都不用d，自己就出来了，nm我升9了都d不出一个两星五费，眼看着三个回合差5血就结束了硬是d出两张三星五费，我愣是只有一个两星被反杀了，全卖了d那最后几张连刷几十次商店都是四费我都快开心死了，就这样越做越好[表情_期待],2026-10-04 06:06,2,0,羽毛笔,玩过,,50621296
金铲铲之战,3,"就这样说吧，是一款很好玩的游戏，但是上手难度较高，熟悉之后便可参加牛马对局，然后被不平衡羁绊打成老八光速下线。
上述过于夸张，对于萌新而言面对非人机，就是这样。我这个游戏时长是不对的，我已经打300多场了，不可能就这点时长。
如果想要入坑铲铲建议学会装备合成，然后跟着版本主流进行选择棋子羁绊进行对局，当然看见赌狗阵容宁可断胜也要断它连败是我的名言，我可是大大的良民，偶尔/经常偷窥对手追什么三星五费和四费，悄悄咪咪的卡一手。
不要看一个赛季过后羁绊变了就不会玩，只要把装备合成记得明明白白，就行了，万变不离其宗。
",2025-08-19 05:24,52,21,芜湖的牛杂师傅,玩过,277.5,46097304
金铲铲之战,4,"玩了快2k小时，游戏总体上是好玩的，可能大部分槽点都在牌的概率上，和有的赛季可玩性没有那么高，有时候想要的牌d不出来真的很想骂人，但是我个人感觉这也是一种游戏魅力，不可能一直非酋，也不可能一直想要啥来啥，
还有如果真的想上分，那就不可能固定于一个阵容或者一两张牌，都是根据场上阵容，海克斯强化，备战席装备和牌库出的牌随机变化的。",2025-09-19 11:42,29,9,徊dào蕞初の埘堠ゥ,玩过,1985.9,46391139
金铲铲之战,1,非常好玩，你玩到后面进游戏就知道该谁赢了，大家看见至臻什么的皮肤就可以下一把了。开局给你一个好阵容，后面一张牌不给，还专门让你养一个垫底的人和你抢人，你升人口，就不给装备，选修高星卡会被下面人必抢；你d牌就永远不给你。哪怕你一直都糊着，然后你就发现有几个人的符文逆天至极😁😁😁太好玩了。,2025-10-02 12:17,34,9,kkica,玩过,86.6,46505698
金铲铲之战,3,"没在这上面玩过。
应用市场的老玩家。
从云顶s1开始的。
很长时间不玩了。
看到这么多人评论，忍不住评论两句。
云顶难度更大，
金铲铲基本就是有手就能王者。
为了娱乐没啥说的。
想上分，争段位。其实就没啥娱乐性了。
送分局有手就行。
天谴局就要尽力避免老八。
还要学会老六，卡牌，最后一刻换站位，临时给装备，都是基础操作。

",2025-09-30 01:21,22,10,健康老王,玩过,,46483928
金铲铲之战,1,"操控概率。
有时候一开局就知道是可以满血夺冠、追三星五费的局，有时候一开局就知道是来当背景板被其他人追三星五费的局。",2026-10-05 20:56,2,0,mo,玩过,41.4,50641656
金铲铲之战,1,d了五十次八级无同行第三张流斯一直不来。等我最后一波来被送走的时候来,2026-10-05 13:33,0,0,小贾,玩过,5.6,50636716
金铲铲之战,2,能不能出一个纯净版，我想花钱的时候会自己去找，不用把UI做的跟抽奖模拟器一样看着杂乱,2026-10-03 09:50,0,0,『ねぇ』。,玩过,2.9,50609004
金铲铲之战,3,"五千场牢玩家现身说法
这游戏全靠运气赢
如果玩的时候怎么都滴不出想要的牌
感觉是被发牌员制裁了
请把感觉去掉",2026-09-25 16:00,3,0,墨离殇,玩过,3096.2,50513264
金铲铲之战,4,"之前也有听说金铲铲，但是一直没玩的原因就是觉得不是很感兴趣，但是亲眼看到我弟和他同学玩的津津有味也是忍不住想下载玩玩看。
玩了半天总体感觉下来是喜欢的人应该会很喜欢，不喜欢的也不会非常讨厌的一款游戏。
新人教程可以帮助新人玩家快速了解，但并不能快速上手。资讯里的阵容推荐和描述刚开始真的看不懂，玩了四五把勉强看懂了，按着阵容玩了一把，刚开始真的很顺畅，每个回合都赢赢我，可是后面赢久了就有人研究出破绽来了，不知道用什么英雄绑住了我的输出，一看就是很老练的玩家，最后拿了个第二名，已经很满足了。
游戏里的阵容推荐也是其他玩家总结出来的，我一个什么都不懂得小白直接搬过来排兵布阵都能拿个第二名可见这个推荐都是大家用心了的。
但我发现想玩好这个游戏光光套用别人的方法是不行的。
要用心去研究方法，了解透彻里面的每个英雄技能和站位排兵布阵这些，对局中还要去研究打不过的对手。因为知识量比较大所以我会只想套用现成的哈哈。
可能对英雄联盟比较熟悉的朋友会更好上手，英雄技能啥的比较了解吧。什么英雄什么效果反应会比较快，像我这种对英雄联盟不了解又没有玩过其他自走棋的就玩起来比较困难，有点跟不上节奏。
刚开始是觉得备战环节时间太短，排兵布阵时手忙脚乱，没看明白英雄定位和技能就开使了，赢得莫名其妙输的也莫名其妙。
虽然玩一下午感觉能跟上了，但也只是能排个前排和后排，其他的布阵或者战术就想不出来了，更别说研究别人破解别人了。
而且还要注意金钱管理，我觉得应该会劝退很多新人人。比如我，已经不是很想玩了。有点累脑袋瓜子。
如果官方能多一些细节的教程可能会感觉好一点，虽然说做攻略的大有人在，可是在游戏里看到官方教细节和在外面查攻略终究感觉是不一样的。反正我是比较懒啦。
这是我觉得的缺点，就是希望该游戏能多多照顾下新入坑的玩家，毕竟你可是腾讯旗下的呀大公司的游戏不得做榜样吗。
接下来聊聊我个人体验比较好的地方吧。
几把觉得自己毫无希望赢，不想耗时间了就可以退出来，感觉随时退出比较照顾玩家的情绪。
双人的话退出要队友同意，但是基本不会退出，有了队友就会想要坚持。
公平性也很好，没有因为我是新人就惯着我给我匹配人机，都是认真玩游戏的玩家。
还有就是比较喜欢狂暴模式，伤害高掉血快。狂暴模式玩起来感觉没有那么累呀可能是结束比较快的原因吧。
冒险模式可以加快对这个游戏的理解，进入模式选择关卡会出现三种英雄组合方案，这套过不了关可以试试别的，鼓励玩家多去尝试。
因为是闯关模式面对的不是真实玩家玩起来也轻松，是个不错的休闲模式。
我玩的都是传统的模式新的星海模式玩了两把对我来说差别不大，可能因为我是新手吧。不熟悉游戏核心，所以感觉不到新模式里新规则的乐趣吧。
给个四星，留一星是尊重自己的喜好，我不是很喜欢这个类型的游戏，给四星是因为排除喜好，我觉得铲铲已经做的很好了，极致策略累了也有适合休闲的模式，有自己独特的一套休闲方式。
祝铲铲越来越好呀😊",2023-08-31 10:42,78,57,木楠,玩过,8.3,37505628
金铲铲之战,4,"昨天上王者了 比较开心来分享一下 永恩牛逼666哈哈！
先夸一下，S7赛季更新之后玩法比以前有意思多了，改版之后自从有了全部拿走环节（龙之秘宝）运气对于游戏的影响就低多了，直白来说就是不需要刻意摆烂抢装备了，运营对整体排名的影响尤为重要（赌狗阵容有赌狗阵容的运营思路）。
高分段，为了吃分，赌狗阵容相对来说风险更小一点，我就是靠赌永恩和赌莉莉娅上的王者。要想玩好赌狗阵容，有没有同行，或者如何卷死同行真的是决定性因素，如果卷不过，就要当断则断，保五争四，少掉分也是很重要的。
我最擅长玩永恩就拿永恩来举例吧。
开局2-1，先看下所有玩家的海克斯，有没有适合玩永恩的就要特别注意，比如吸血类海克斯，羽量级海克斯都是重点观察对象。然后看下幻境龙的属性，假设是叠攻速，叠法强，或者是海盗的效果，那就要注意了，同行可能不少。观察的时候尤其要看，同行是拿永恩过度，还是铁了心一条路走到黑，误判就亏了哈哈。
如果无同行，那么放心冲永恩，目前版本还是非常强势的，吃分很稳，2星亚索发挥好能吃鸡。如果有同行，那就看当前装备和1，2费卡白嫖情况了，备选方案可以赌劲夫，赌莉莉娅，赌老鼠，视装备、海克斯和来牌来定，如果仅一家永恩同行，且有羊刀完全可以硬玩卷同行。
正常永恩是4-1 ALL IN，如果我们是连胜模式，可以考虑5人口满利息就先D到30，看看有没有2星永恩，有2星了可以吃连胜，时刻观察同行情况，4-1前同行开D，你也跟着猛D，卷死同行，你血长质量高，你大概率卷死他，若同行4-1前没D，你等3-7野怪利息吃到，马上D光，只要手速快，同行就没牌，这时候你血高，质量高，大概率还是卷死他，只要永恩，其它体系卡都可以卖（布隆、慎、奥拉夫），因为前排坦度可以靠金鳞龙，不强行需求布隆或慎三星，假设你人品很差，你没3星，同行3了，那就只能忍着，转冒险刀霞保分即可，千万别一条路到黑，不出有同行还硬完，那样大概率老8抬走。
如果一开始是不顺走的连败模式，那就苟到6人口攒着50块利息，先D2星，要是血30以下了直接ALLIN，绝对不能让同行先D卷你，如果同行先D出3星了，这时候就不要纠结了装备给奥拉夫 直接保分，血量和经济不适合换阵容了。
其它赌狗阵容大同小异，运营思路是一样的，核心还是与同行的对抗，版本来看，长线运营的阵容发挥不稳定，很容易被其它赌狗玩家前期压死，掌握几套合适的赌狗阵容，上个大师或者低分王者还是很轻松的，如果要冲千分，建议还是去看看几个大主播的直波，需要时刻了解最新的强势运营阵容，毕竟运营阵容，特别吃版本，顺着版本才能上大分。",2022-07-25 15:43,59,41,你怎么爆炸了,玩过,,32334500
金铲铲之战,5,"【浅谈金铲铲游戏理解】
前言 - 没想到能写2000字+，确认自己真的特别喜欢这游戏！
实话说，这游戏的上手难度很高，要了解的信息量太大，从基本的棋子技能，从进阶的羁绊学习，高阶的海克斯科技，顶级的运营思路，拔尖的阵容对抗及站位，对了还有装备（不过这不难），加上S7目前普遍反馈理解难度过高，8/10费棋子出现，当然还要吐槽下，这羁绊定义，最开始定义挺好的，后头感觉是硬凑跟龙有关，硬贴合版本巨龙之巢，但导致棋子辨识度低，无形增加了上手理解成本；
不扯了，还是聚焦核心，我理解是万物皆近道，纷繁复杂的表象中，背后的核心其实不复杂，
希望通过我的总结，能让更多玩家从不通角度发掘游戏乐趣，让更多的人可以上手了解并喜欢上铲子，以下是一点心得，权当抛转引玉，看有没有可能让更多的Tap上的高玩，能一起来Tap分享心得体会。
以下为方便理解，就整体讲理念；
说下我自己，老年休闲棋手，联盟IP用户form s2，云顶次手、金铲铲主手，赛季成绩常年大师上 200-400分之间，主要擅长运营，游戏理解自认为还可以。
这边就不说休闲玩家了，娱乐局，照着攻略游戏内设置目标阵容，组自己喜欢的阵容羁绊赌自己喜欢的卡到3星即可，整体乐趣来源我理解是递牌、摸牌、开赏金箱子的随机性（整体我理解类似养成卡牌游戏），当然也是这个游戏的娱乐局的乐趣主要来源之一；补一嘴还有低端局博3费五星卡（卡组组成心里默念：别投降别投降对手千万别投降））
 
接下去讲重点吧，相信tap上都是上分怪的多，硬核的不要不要；
我按照重要性从几个模块讲，可能有点枯燥，但我尽量讲的生动活泼哈哈哈；
1、  优先级TOP1：理念问题，也是俗称游戏理解；到底金铲铲玩的好或不好，最核心因素是什么？
我的理解本质是玩的资源，谁有更多的资源就能保持竞争的优势，每次对局结束，看对局信息清单，往往大体上就是个金币获取排名，谁钱多就靠前；这里头又分好几层，获取金币上看，本质上是利用游戏规则，如连胜连败、羁绊等会有额外的金币收入，那控制好连败连胜的策略就得自己掌握，那在这个之上，就得结合自己阵容的强度表现曲线基础，对手的上强度节奏（这补一嘴，会局内对观察对手动向，上大师就很轻松）来做好调控或者应对；如前期相对弱势的约德尔人，那开局连败拿装备，整体在利用好连败规则吃经济的同时，又为了大后期争夺靠前排名打下了基础，那这套本质上就是，先抑后扬，如果常规情况下前期你无脑冲人口玩约德尔人就很离谱，毕竟牺牲前期经济硬上人口拉强度，但结合矮子天然前期弱势，很有可能战绩一胜一负，吃不到额外规则经济同时，也后期几乎就没指望了；那娱乐玩家可以玩，但上分玩家就不适用了；
2、  那如果上一条没毛病，那接下来就看金币使用效率了，或者说金币消耗归属主要是看“上场对局棋子金币价值”，本质上静态的看，你递卡费、场外棋子都占你金币总消耗，但不会贡献任何场上价值或者说决定你的排名
3、  接上一条，接下去就是同样金币价值的场上棋子、棋子组成羁绊的强势度，这个才到核心的版本、版本期内棋子、羁绊等调整进而影响大家期间战绩，而高手就在这一点上形成明显的差距，但是无论如何还是跳脱不了以上的本质的游戏理解。
4、  再往下就是我们所讲的运营功力了，聚焦版本强势阵容的理解下，如何运营，使得凑齐阵容的递卡损耗最低，比方说熟悉其他过度阵容，或者研究出适合自己的高效、增效过度阵容。
5、  再讲海克斯科技，个人感觉这点的影响力，理论上在我们的关注优先级中可以更高，但实际上因为海克斯科技的机制，趋向于提供匹配当前阵容的契合度高的品种，导致他更多的是当补足、增益效果看。当然第一个海克斯在s6版本往往决定了后期的成型阵容（当然也会看1-3之前的小怪爆装情况），但在s6.5上我的体验是，版本的强势阵容的增益在大多数情况下是超过海克斯科技的影响力，这点上，我们也希望在s7的巨龙之巢版本中，能有合理的优化；人话讲或者用扑克牌来比喻：如果海克斯科技是A，阵容是A，装备也是A，那3张A，一定是＞2张A或者1张A，但是实际上，在游戏中版本的强势阵容影响力会造成2张A＞3张A的局内游戏效果，反正大概这意思，看官们应该都能理解，当然连锁的反应就是强势阵容大家都拿，人多粥少，就造成了不少线性外推的必然的游戏吐槽游戏，如发牌员卡牌，或者关键卡的选秀环节，有人先卖血占卡，其实也是造成了游戏性的降低，无法所有羁绊阵容百花齐放（比方说格斗家..）
讲了那么多晦涩的，以下是本人心得tips，供各位参考有助上分
①   如果是后期阵容，挂件棋子没必要追2星，备战席棋子都转经济赚利息
②   如果是前期阵容，多观察对手，注意连胜保持，为后期多攒钱也为了中期弱势期卖血能苟到大后期
③   血是王道，苟住血，打不过没关系，血多讲不定就能苟到最后。
④   上分局少玩赏金，一个失误+天灾，老八 会摧毁你上分心态。
⑤   上分不建议赌狗，2星四费carry稳定率相对高；
⑥   吃鸡看天

吃鸡看天意，运营保前四！这游戏是上分游戏不是吃鸡游戏，吃鸡真的需要看天，就是所谓的运气，比方说你强势阵容白嫖到卡+小怪爆你核心装备（主要是输出装），那你就一波连胜多收入，还不用卖血换装备，5费卡白嫖给，小怪爆妮蔻。。。等等
当然这也就是这个游戏的魅力吧~
补一嘴，站位真的很重要，但是大师以下，决赛圈再看就行。
好了，就这样，玩S7去了！加油各位！",2022-06-16 13:57,294,101,我是渣渣辉,玩过,285.6,31602071
金铲铲之战,5,"氪金度💰：一点都不氪金 氪金一点都不会影响你d牌的可能性
阵容多样性🤹🏻：阵容多变可玩性很高～每个阵容都很强信我！
平衡性⚖️：平衡性做得超级棒 即使你是三星5费卡一点都不会影响游戏场内变化
策略深度🪢：超级需要经营 132金币绝对能出你想要的牌
总结:不能让我一个人遭受这个报应～",2023-03-09 00:49,205,133,7thMob,玩过,,35269141
金铲铲之战,2,"会在每个版本，我做自我的版本总结。
分割线------------------
先放总结：自走棋爱好者的首选，新人值得一试。珍惜生命，远离浮夸的抽奖。
背靠一个积累11年人气，基底非常好的IP，不奢望贵工作室领导少沿用国内恶毒的吃相，只望工作室且行且自重。
①游戏性：5/5。增加每局的录像回顾功能好评。
②音乐：3/5
③上手难度：4/5
④画面设计：2/5。得分两部分，
4.1 原拳头公司的主设计框架（主打简约）：对战中的较少改动。
4.2 现贵工作室：
>主界面：套用王者荣耀杂七杂八的纷乱堆砌，差评✘
>聊天频道：一直弹出恼人的碎片信息，建议设关闭键，差评✘
>战斗载入界面：改成了8位小小英雄预先等待在候选区，后续如增加""表情/动作互动""，也会有意思。目前值得小期待。
>主界面飞翔中的小小英雄：动态感好，好评✔
>时空裂痕的棋牌角色美术：差评✘✘！角色美术设计和整个美术基调格格不入，并且劣质感如仓促赶货，难道工作室预算有限？工作室领导和主美的审美都只能如此？
⑤氪金度：
>常规棋盘售价和原国内端游相差不大。
>小小英雄售价，比原来的要高价。
>而设计要通过智商税抽奖方式，才能获得虚拟物品氪金度，≈1000元才能获得？？？
物价是否高，实属见仁见智。是国内的玩家太容易被操纵，纵容，放肆了。
⑥其他：还是时空裂痕的棋牌角色""名字""，怪气十足，本身用回原名（或谐音名）就能减少玩家学习时间，反而现在""硬是套用网络装13名""，1.造成增加老玩家对53名棋牌新名字学习成本！2.新老玩家沟通成本增加！3.这硬改名的实质优势在哪里？
望工作室站在巨人的肩膀上，不要只是追求KPI高，而在作品雕琢上真正用心！
时间能检验。Time tells.",2021-08-28 13:09,47,9,AzureQ,玩过,,26572931
金铲铲之战,5,"S7手游排位钻3了啦，冲了一周的时间哈哈哈哈（其他赛季最后普遍都是大师差不多）
我的心路历程大概就是，妈的这是什么垃圾赛季啊，到挖槽好玩，想玩！！！
说说自己的冲分道路，我是靠尿尿龙上的钻5，给各位几个建议：
1、前期一定要快速拉等级 2-1 4人口 2-5 5人口 3-1 6人口 ... 靠法师/驯龙/过度，前期一定要走连胜，如果走不了连胜，那你差不多没了，这个版本走连败的很难吃鸡，最多吃吃烂分，大家太凶了啦！！！
2、建议在7级的时候稍微小D一波，把一些旗子上2星，不用去追3星，前期靠光头or娜美打工，如果你的前排不够肉，那建议用娜美，如果前排够肉，那就光头，光头真的是只要前排扛得住，不怕没有输出！！
3、 其实不用客气的去刷法师转职，魔导也不错，秘术也不错，熬兴不一定要有法转，但是一定要有回蓝刀！！一定！！！！ 回蓝刀+科技枪
4、前期日炎、传送门直接合，给塞拉斯带着，塔姆跟蝎子也可以当做奥恩的备选，先凑2格斗。
5、我一般是5-4左右就到了9人口，这时候去D出一个熬兴， 如果真的一直不出，也可以先拿星界龙王过度一下，但是星界龙真的很拉跨，技能会被打断.....
PS：不过法师龙好像被削了，现在很少人玩了，我看，但是前期上分还是可以的！！
自从上了钻石之后，就比较少玩龙王了，因为真的玩的有点腻了。。。。 最近在尝试玩秘术凤凰+拼多多霞+赛芬，但是最近每天都被半神熊给恶心到吐真的。。。
只能靠天胡压缩or金鳞龙来制裁了，但是金鳞龙真的挺难玩的，。到现在还没搞懂，玩了2把都是老8走人。。。
新赛季还是有很多好玩的可以开发，每天多看看别的大神怎么玩的 其实还是挺有乐趣的，但是整体运营跟之前的对比起来节奏快了蛮多的，在装备选择上4-7也非常的人性化了，所以大家4-7之前一定存点钱，但是也不要D太多，基本上差不多就好了，D太多的话容易出问题。。。
然后，我可以提个小小的要求吗？官方能不能不要设定隐身的次数啊！！每周5次真的不够用吧，希望可以开放这个功能，或者不行你开付费功能给我吧，真的，不多说了，你应该懂得。。。。。。。",2022-07-01 22:33,161,43,愿逐月华,玩过,,31866429
金铲铲之战,1,闹麻奶龙球了，退游回来[表情_捂脸哭]新出的皮肤看别人棋盘都要先看动画，完美解决了老皮肤只有击败动画且只能硬控自己缺点。都给我买新皮肤[表情_期待]，必须六星好评(¯▽¯)👍,2026-09-29 03:54,0,0,今天也困,玩过,957.2,50561070
金铲铲之战,1,"🤹🏻阵容多样性：
阵容很多玩啥不给啥是游戏特色

⚖️平衡性：
超级平衡的，五费就是废物来的放心玩

🔖运营服务：咋还没倒闭

✍🏻建议：
快倒闭吧",2026-10-01 02:07,2,0,。。,玩过,,50580462
金铲铲之战,5,嗯，对，这游戏也是挺好玩的。阵容非常多样啊，也是非常喜欢啊，建议一定要玩一下,2026-10-01 21:02,0,0,123556,玩过,,50590274
金铲铲之战,1,"游戏很好玩，很考验操作，主玩小法，第一个海克斯是潘多拉，一直到4-6才出大棒，还是散件选的，14连败到5-2被抬走（14连败要是福星我不敢想），两把巅峰赛狂扣30胜点，实在是太好玩了，所以给六星好评，多出的一颗星不用找了，爷赏给你们的
",2026-09-28 00:41,2,0,千素,玩过,358.1,50550374
金铲铲之战,3,越打越卡我真的好气我连牌库我都卡的买不了人！好气！啊啊啊啊啊啊啊啊，啊啊啊啊啊啊啊啊，啊啊啊啊啊好烦为什么！为什么这么卡！能不能修复一下啊……我真的好不容易撑到第四的！啊啊啊啊啊啊啊，啊啊啊啊啊啊啊啊，啊啊,2026-09-28 10:55,1,0,骗男人钱花花,玩过,,50552508
金铲铲之战,4,"新版上线一段时间了，重置段位后，现在本人经历敖兴大战瑞兹的时代，已经冲到了钻石了（差点就以为金铲铲之战要改名叫做敖兴与瑞兹之战），幸好做了更新平衡，法师全面削弱，给了其他阵容更多表现的机会，不然真的很没意思，好了言归正传，说说这次平衡优化的感受吧

1、法师全面砍动，法师过渡转敖兴已经没有那么轻松简单了，但是后期转成型后，法转敖兴依然很强，还是可以玩的，只是现在想玩敖兴需要非常好的过渡运营，否则很容易连分都吃不到

2、法师降下T0阵容之后，个人认为现在半神狗熊、刺客、推土机、玉龙、刀霞、9金鳞龙这几个阵容都是崛起了，特别是半神狗熊（我认为是目前最强阵容，稍后讲讲怎么玩）
 
3、装备方面，龙牙巨杀水银这版本很吃香
⑴首先新赛季的龙牙加强了，有百分比回血，又又魔抗，现在的主流输出除了推土机和刀霞，基本都是法伤输出为主，所以龙牙很有必要给前排
⑵其次是巨杀，每局都会碰到狗熊或者是很肉的格斗推土机，3星前排的玉龙或者是塞拉斯这些，巨杀就能提供很不俗的伤害，前排一死，基本后排也要不行了
⑶最后是水银，这版本后期控制真的很多很多，巴德、佐伊、琴女，璐璐，人马，塞恩，亚索这些都算万金油挂件，控制足，combo连起来分分钟给后排控到死，再高输出都没用

4、讲一下更新后大幅度加强的半神体系打法吧（加强了什么就不详细说明了，自行看公告哈）
首先阵容体系是狗熊、凤凰、奥恩、瞎子、寒冰、扇子妈、乌鸦、瑟提（后期换亚索），组成3半神、6神龙尊者、2风暴、3玉龙的羁绊，有肉，有控，有回复，有输出，几乎完美的体系

海克斯没有什么要求，基本都行，最好用的就是三费之力（阵容里三费卡很多，性价比最高）

其次核心装备：
狗熊：羊刀，泰坦，水银
瞎子：3狂徒，献祭给狗熊，成就万血狗熊
奥恩：肉装
其余的有啥装啥就行

我简单说下运营思路，前期基本就是靠玉龙护卫或者是来牌早就直接3神龙尊者配玉龙过渡，一直到7人口，把体系里的牌D到2星锁血，然后上8找奥恩，凑齐全部羁绊，阵容成型，最后只需将狗熊D到3星，有多余经济可以把瞎子、凤凰、乌鸦追3，把神龙尊者的羁绊效果最大化，基本狗熊3星都稳了，除非碰到妖怪，那就另说了

信我，兄弟们，这套阵容上到大师完全没有啥问题，简单粗暴，等你们的一个回头点赞！",2022-07-11 18:28,151,72,User472304455,玩过,170.5,32028732
金铲铲之战,4,"“过时的自走棋局，不过时的好游戏”
✎实际上手之前我对于《金铲铲之战》的前景其实是悲观的，毕竟他来的太迟了，迟到市场已经被分割殆尽，迟到用户已经失去了新鲜感，而若想要突破这盘困境，从其中杀出一条血路，挑战者就必须拥有非凡的能力，对此《金铲铲之战》又是否拥有这个资格呢？这几日的体验我找到了这个问题的答案。

✎关于《金铲铲之战》的玩法逻辑其实就和打麻将一样重在做好糊的牌型，也就是阵容与麻将不同，自走棋你的牌其实是一个个英雄，这些英雄都有着与稀有程度相匹配的技能和其他英雄配合生效的羁绊，比如一个个以平a为主的游侠英雄，技能享受来自职业羁绊的攻速加成，也能通过种族羁绊破败军团来提升攻击强度，源于这种设计在有限人口下组出最强，最多，最合理的羁绊就成为了玩家的追求目标和胜利手段。

✎基础上装备系统的出现也使角色能够逆天改命。英雄变为主c像之前提到的游侠就可以在飓风轨道的加持下获得强大的输出能力，而阵容也因此更加灵活，但无论是装备还是英雄，他们的过去都与运气挂钩，单从这个角度来看，《金铲铲之战》似乎是个强于无敌的游戏，再一把天命局中欧皇玩家往往能从头顺到尾，一路心想事成，最后赢得胜利并非酋落泪，但这类受天地垂青的人毕竟还是少数，更何况尤其在机制层面给非酋提供了反制机会，首先《金铲铲之战》你的排行并不能真如麻将胡牌一般实现通杀，玩家在迈向胜利之前需要相互交战，慢慢强化阵容，而每一种阵容又都有各自的强弱期，且相互克制，在这种前提下，玩家若能围绕手中就有资源进行合理运营，能打出不同的重点，拉高获胜率几率，其次围绕棋盘这个交战场地棋手也有大量的微操余地，比如对方刺客英雄多对后排造成了一些威胁时就可尝试将高防英雄摆放着，后排给c位创造输出空间，面对纯物理不法术阵容时也可通过选择相对应有效果的防具来针对性克制，若对方采取的是多保一的单c阵容，也有人物可进行单点控制，限制输出，这些操作并不复杂，可以说是脑力活比体力活重要的多。

✎相关效应追求也拥有了反制机会，抛开非酋欧皇这种极端特例不谈，正常玩家在《金铲铲之战》里的体验可以说是欧非兼具，欧气满满时，你会因为发牌员的垂青而获得莫大的快乐，非酋附身的时候则需要绞尽脑汁用策略破局，而伴随着两者的动态缠绕，就使游戏能围绕运气与策略生出各样的正面反馈，就算最后败北，在这把运气太差了，阵容差一点就能成型，下一把一定可以的素质三连下玩家也会的投入到新局之中，可谓上头而且魅力非凡。

✎自走棋也并非完美的游戏玩法，其实最大的缺陷是不耐玩，在游戏前期出于新鲜感和挑战欲，玩家都会乐于尝试各样阵容，直面各种挑战，但伴随游玩时间的增长，在尝试完各阵容的爽点之后，新鲜感会消失，重复感会增加，部分玩家也就失去了持续游玩的性质，为此游戏必须不断进行赛季迭代，也更新棋子，增修羁绊，甚至加入新的机制，用此来维持新鲜感，在这方面赛季风格最为多变，更新速度最快的还是要属于之一，作为自走棋端游领域的佼佼者，该作已经迭代了数个赛季，无论是更新质量还是创意性都首屈一指。

✎《金铲铲之战》正是《云顶之弈》的授权手游，就意味着许多成熟设计都会于前者得到重现，所以现在版本里《金铲铲之战》就提供了两种版本的排位赛和匹配模式，一是英雄之黎明，其中的棋子装备，羁绊与当前赛季的内容无疑，二是时空裂痕，属于《云顶之弈》最初赛季的复刻，包含许多老玩家熟悉的搭配组合，微妙的是该模式里还存在不少跳跃版本的内容，比如一些人物就是后续版本才出现的英雄，而装备系统也并非旧版，而是向新版本看齐，可以说是熟悉且陌生，就能让新玩家拥有新鲜感，也给老玩家提供了新的挑战

✎《金铲铲之战》的优势则是围绕移动端的深度优化，相较于PC，移动端有着截然不同的操作逻辑，然后运用的不习惯，对此该作重新梳理了界面交互的底层逻辑，进而围绕键位分布，UI设计量身打造了一套操作模式，真实的实战之中，对于信息在我面前十分通透，像屏幕左边就存在羁绊装备，两种UI界面能让我明了手中资源，方便制定规划右边的参战玩家名单，才能让我做出全场的阵容信息评估，在己方阵容强度进行方向上的调整，值得一提的是，在装备合成方面，该做也提炼优化出了两种手段，一是拖动装备在英雄身上合成，二是在背包里直接合成，这两种方法都有提前预览，可以有效防止玩家误操，在战局之外，游戏也提供了关于阵容的多方案预设，可以相对应的提供明确的中心，既可帮助新玩家上手，也能让玩家省心。

✎《金铲铲之战》堪称移动端自走棋游戏的多边形战士，若把自动棋手游的竞争视作一场龟兔赛跑的话，他就如同后发制人的乌龟，虽处于赛道的末位，但在兔子们奋勇向前，闯过一个个赛点的同时，却能缓慢又坚定的打磨自己，并观察市场反应，总结玩家需求，最后落实到自己身上，这是迟到成为了优势，也为反超提供了可能。

总体来说《金铲铲之战》各方面都很优秀，可以说是我玩过的最好玩的自走棋游戏，但是玩的时间越长，对游戏也会有一种抵制的感觉，唯有官方努力的更新新内容才可以使玩家保持新鲜感，所以总结就是一句话：官方不努力，游戏就没人玩。所以希望官方可以把这款《金铲铲之战》越做越好吧。对了，一周年了，有很多福利活动，真的是香。",2023-07-02 11:06,286,96,落秋之风,玩过,,36520248
金铲铲之战,1,这款游戏非常优秀，很适合爱打游戏的学生党，这款游戏可以帮助你戒网瘾，让你知道学习不是最痛苦的，打游戏才是,2023-03-23 03:18,371,13,在背地里偷偷吃屁,玩过,,35397471
金铲铲之战,5,"被我哥拉过来玩的，玩了一个星期就铂金快钻石了，排位打了三十多把吧。真的是很好的游戏。
首先是游戏内容。我原本对于自走棋是没什么兴趣的，但是铲铲的策略性实在是太优秀了，很快就上头了。关于平衡性呢，我认为很多羁绊和棋子，只要运营得当，都能够c起来，比别的游戏好很多。就比如约德尔人，虽然有几个低费棋子，但是也使他们能在前期升到三星，通过羁绊的效果更是能够升到四星。
别的还有很多。这个游戏根本不需要充钱，充钱也没什么用。不会掉大段。还有各种骚套路，比如“灵风把对面前排吹起来，拉克丝对着后排一顿滋”，特别好玩。
",2023-07-18 19:38,65,67,Avec la,玩过,328.1,36738952
金铲铲之战,5,"🤹🏻阵容多样性：
阵容不算多，但每个新赛季一出就要重新熟悉新的东西，就挺累的
💡玩法创新度：
每个赛季羁绊都不一样，可玩性挺高的，还有各个模式比如最近的恭喜发财，无双百战，但我个人感觉恭喜发财跟有趣一些
💰氪金度：
氪金度一般吧，只要你玩这个游戏不是为了那些什么特效之类的，其实不用花钱在里面，玩的时间久了，小小英雄也会变得多起来。
总之，这游戏可玩度还是可以的，休闲时间打发打发时间也OK，非常建议😁",2023-06-01 20:47,37,47,我负责摆烂,玩过,380.7,36159450
金铲铲之战,3,游戏挺好，就是现在花里胡哨的东西太多，进入游戏界面就强制推荐广告是真的烦,2026-09-29 18:45,0,0,欧德凯,玩过,28.1,50566409
金铲铲之战,5,很喜欢玩 但能不能让 小叶呆呆的 的号来点好牌 玩什么来什么 抽皮肤的时候爆率高一点啊 别太黑了 不想当老八了 很痛苦知不知道 老八没有体验感,2026-09-05 19:53,1,1,骄傲的音游玩家,玩过,18.2,50327443
金铲铲之战,4,"目前段位是大师二，也算是达到了论坛平均水平，接下来我来谈一下对当前版本的理解。
这个赛季更新挺频繁的，不过每次更新都有大砍大增和毒瘤阵容，排位基本上就是硬卷，没转职可玩的阵容就几套，差了点意思。
S7的巨龙秘宝是挺不错的，有时候就缺几件关键装备呢。海克斯刷新也可以缓解不适当海克斯带来的尴尬。不过呢龙神的强度不太均匀。
再就是海克斯决定阵容，法师学会、强攻、备战席、焦灼等都算是很强的海克斯了。
该版本毒瘤阵容演变过程：
法师，赌星界转——瑟提，炮手——九星界——训幽法
正常情况下（三个灰色巨龙圣坛）最强阵容：九五驯龙敖兴，有法转强度更高。彩色局一群神仙就不好说了，彩色海克斯真的不习惯，节奏太快了。
我主玩的是驯龙法斗瑞兹
优点：强度稳定；成型容易；中期两星神装（青龙刀科技枪大天使）瑞兹基本不掉血，过渡丝滑；后期转九五驯龙敖兴基本就稳了。
缺点：至少两家同行，不过不影响，全员两星就算成型。
接下来我的思路尽可能贴近钻石段位
先来锐评几个龙王~
敖兴：大C
星界龙王：九星界神装强度可以，但当前版本星界龙没生存环境。
龙女：无尽法爆大帽，落地坐死后排，但瑟提做装备龙女装备一般情况是不够的。
加里奥：颇颇公主
迭嘉：其他阵容的主C，比较看羁绊，叠攻速、叠攻击和海盗比较好，烟花迭嘉，幽影迭嘉，冒险迭嘉，强度都挺高。
金龙：坦度不够
过渡：这个版本连败能玩的阵容很少，容错也低，前中期拉满强度吃分率会高一些。
前期过渡阵容：护卫炮手，三神尊玉龙，法师格斗，怒意龙，永恩推土机。
连败阵容大概率是往金鳞龙、3322刀霞等阵容靠的。
再挑重点说一下：
力争上9的版本：一定要到50卡利息，基本人均满经济，除了低费赌狗，正常阵容全员两星即可，少D。
瑟提：最强力的1费卡，2-1之前没3、4张或焦灼勃然大怒就不要玩了，金鳞会拿，神龙尊者会拿，同行会拿，简单来说就是不管用不用人手会拿几张，硬D只有老八出局的份。
五费卡：毒瘤阵容经济不会低，金鳞满经济拉九，毒瘤阵容破产拉九抢五费。五费卡尤其是奶妈，有就拿，大家也都有这样的觉悟，反正三星五费最近十几局才见过一次。无论是七金还是九金，一般都撑不到决赛圈，除非特别糊。
九金鳞龙：我玩的局，到九金麟一般就剩二三十血。有群英冠冕，打狗熊挺好打，但是打不过法师赛芬养蛙敖兴，蛙妃和琴女一套我后排基本就没了，金龙能抗5s，传送门也没法打，也就霞和亚索有点输出，金龙一死基本就寄了，这不是个上分的阵容。
迅捷射手：当前物理阵容真的乏力，也就三星霞可以可以撑大旗，强攻和迅捷射手转是质变的关键，再就是三星永恩。6射射转永恩成型基本可以砍翻一切，可惜是看脸玩的阵容。
星界龙：不建议玩，维鲁斯好几套阵容会拿，娜美，俄洛伊更热门。硬玩必没分，驯龙索尔，冒险星射，强攻维鲁斯，一般有这几种星界龙体系。
幽影赛芬：版本答案，硬玩至少不掉分。
尊熊、玉秘熊和重骑熊：装备合适羁绊够就很强。
我能想到的就这么多，期待S7.5版本可玩性更强一些，再就是平衡性好一些。
一个关于运气的帖子，跟大家分享一下😆
星界转没删的时候，同样是开局潘多拉的装备，对面五个转职到游戏结束硬是没变出星界转~
https://www.taptap.com/topic/21118740",2022-08-24 10:48,73,16,llmmd,玩过,658.3,32985533
金铲铲之战,4,"s7玩了几十局，阵容都尝试了，来谈谈对s7的变化吧。
 
【机制方面】
相比S6，S7继承了海克斯系统，给各种阵容上限都追加了无限可能，并且为了防止海克斯特别炸，有了一次重新刷新海克斯的机会，这点比较好，同时决赛圈前可花一金币刷新的决赛大礼包完美补足了 抢不到装备或者差钱冲9的尴尬，适当降低了运气对游戏的影响，提升了运营对胜负的影响力。
 
【阵容方面】
目前版本初期来看整体强势阵容还是比较卷的，嫖卡运气成分占比较大，每个阵容强度差不多的情况下，克制关系相较于S6.5而言更重要了，没有了赏金、约德尔等机制，卖血收益并不理想。s7的海盗宝箱以及金鳞龙特殊装备随机性太高，且阵容不利于过渡。不管是s3的海盗、s4的福星、s5的龙族、s6的赏金和约德尔，都属于每局都能用于前期过渡摆烂的阵容，海盗、福星、赏金属于高风险高收益，龙族和约德尔属于每个回合的稳定收益且阵容强度不低。s7的海盗宝箱是属于幻境龙（类似s6的变异），并不稳定不是每局都有，金鳞龙则是属于稳定收益的一类，要学会针对给予的特殊装备选择相对应的阵容才能收益最大化，连胜感觉比龙族好一点，但卖血收益并不高，个人建议可以适当增加前期连败的奖励，让连败打法也能放光放彩。
 
【娱乐性】
潘多拉等海克斯出现增加了追出三星五费的娱乐性。贤者之石被删可惜了，正常拿来追三星卡甚至是拿来嫖卡（对脸黑的人来说）也是不错的选择。巴德的加五费卡概率，奶妈的技能回小小英雄血量都增加了不少娱乐性，对于专门喜欢娱乐下棋的玩家来说也是有着不错的体验。",2022-06-28 14:55,46,26,乌木歪奥萨斯,玩过,,31801589
金铲铲之战,5,"#这个游戏，我可以说是我永远都不会卸载的一款游戏，为什么这么说，因为自从他出世之后，我和朋友，还有家人一起开黑的快乐时光都源自于他，对他也产生了某种程度上的感情#
/
我来浅浅的谈谈我对这个游戏的看法：
每个赛季都有新人物，新羁绊，新阵容诞生，当然，这个得靠自己慢慢琢磨，阵容多样性很多，但是羁绊组合基于原有的羁绊上没有进行多大的改变，举个例子，我可以说“决斗大师”就是攻速类型的羁绊，那么下一个赛季也会有一个攻速类型的羁绊出现，大致上没有多大改变，甚至也能将新的羁绊称之为“决斗大师”。
/
●说下游戏玩法创新度：
①游戏创新度很高，自然每更新一个赛季整体玩法都会有所改变，新赛季里，既要研究新的英雄阵容，新的羁绊组合，也要研究每个赛季新出的角色强度。
②曾经的“天选”，前不久的“海克斯”，最近的“城邦”，还有现在的“奇遇”，这些拥有创新度高的玩法模式，都让游戏变得精彩，不枯燥无味。
③不仅如此，每个赛季的运营内容也会有所改变，就像曾经只能升满9级，现在却可以升满10级，曾经7级能高概率刷出4费，现在“画之灵”赛季7级只能高概率刷出3费，每个时代的更迭，都需要玩家加强且改变游戏局内的运营思维，这样才能有效的存钱、梭哈、追三星五费...
●说下游戏数值平衡性：
①玩家血量容错率很合理，扣血从低伤害慢慢变高伤害，越到后期，越能展现出棋盘棋子的质量，但高质量不可能一直连胜，质量再拉胯也不可能一直连败。
②那些喜欢卡着牌的玩家确实该死，但是你不能一直执着于现在的阵容，换个思路，如果条件允许，就快速地去改变阵容，或者组成一个高费团队，后期有钱了再转九五也是能立得住脚的，这样一来，你的战力也能与场内各个玩家不相上下，旗鼓相当了。
②对战局内平衡性挺高的，英雄打斗不会因为战斗数值的原因，而进行无意义的战斗，除非空大...咳咳，站位很重要的，不会跟其他自走棋游戏那样，站位就是个多余的摆设，所以说，只要不是离谱到一星打三星，低费打高费，就不会打不过，当然，只要羁绊组的好，装备给的好，整体质量好，站位站的好，你也能弑神三星五费。
●说下游戏的画质音乐：
①画质很高，音乐方面也不错，角色配音的出现在游戏内不显得突兀，打斗音效也极其逼真，游戏内播放的音乐也略显紧张刺激。
②“强音对决”赛季中像是进了KTV房间，KAD女团的激情舞动，电音感十足。
③“画之灵”赛季简直视觉盛宴，山水相连，古风的感觉扑面而来。
④“福星天选”赛季就像是结合了过年一般的热闹，有那种非常喜庆，张灯结彩的感觉。
●说下游戏的立绘建模：
立绘建模不错，小小英雄是Q版的，很萌，很可爱，虽然身为Q版，也不失于英雄原有的特色与气质，每个赛季宝典出的小小英雄也是非常的好看。局内的奕子原画还原度也是非常高的，棋盘打斗中不会穿模，英雄“慧”真的好帅！
●说下游戏的运营服务：
①我觉得游戏的运营服务算是可以的了，游戏更新速度大概是3-4个月左右更新一次，每一个赛季的更新内容都不会让玩家失望，而且也能使许多退坑的老玩家回归(谁不想体验一下新赛季的快乐啊)。
②不足的是游戏的氪金项，这个游戏氪金项目还挺多的：有宝典可以氪(送棋盘，送小小英雄，但好多棋盘基本上都不是很好看)召唤池里的限定小小英雄(如果保底的话那得花好多米)还有魔典（魔典不氪很难集齐），唯一让我觉得比较划算的，是之前的战斗手册，等级太多永远升不完，奖励也自然领不完。",2024-03-15 13:30,114,76,云岭茉莉白.,玩过,824.5,39826577
金铲铲之战,5,"开服玩家，也是千分王者（娱乐向王者哈哈哈），从开服时空裂痕，玩到现在～说一下到现在的游戏体验和回忆～提醒：篇幅较长哦～
首先游戏必须是好游戏，虽然有时候发牌员真的恶心人，导致一整盘游戏就算运营的很好，运气也占三分；这就是运营的好吃烂分，运气好吃鸡～
最开始游戏元素确实没那么多，单纯原始的自走棋，没有海克斯，没有各种异变，别说三星五费，三星四费都难D（和现在的那个时空裂痕匹配模式还不一样），也可能那时候大家技术都没那么高，纯娱乐；
后来双城传说赛季出来了，没记错的话是这个赛季有的海克斯，可玩性娱乐性大幅上升，操作上限也提升了，那时候的技能暴击只有法爆装备给，双暴击装核爆加里奥、赏金猎人，这时候大家开始卷三星五费，游戏越来越有趣了；
但如果说我最喜欢的赛季，是巨龙之巢，金鳞龙，也是在这个赛季我滴出来的第一只三星五费，神龙尊者亚索，也是从这个赛季开始上分，这时候还有神龙尊者面条熊等等玩法；
再后来出了怪兽入侵，不知道画风变了还是什么原因，玩的兴趣有点下降，玩的频率减少了，不过下水道还是好玩的；可能大部分人和我的感觉一样，游戏人数增长有所下降，这时候铲子出了福星回归，收回了一波热度；但好在后来每个赛季的娱乐羁绊都很给力，6皮城、10心之钢、9吉星，好玩程度都是👍🏻的；但我必须吐槽，只有咖啡甜心，真的拉！
直到这个赛季，双城传说2，比起双城传说真的差远了，纯低费赌狗赛季，娱乐羁绊也就那样，竞技性可能高了但乐趣降低了，凑够三星五费后和传家宝成就，后来又出了六费，解锁了三星六费成就后就真的玩的少了；
不过还好福星又回归了，起码还能玩一玩，打到了天选福星，有一说一这些老赛季还是好玩的；可能这个游戏的运营也到了一定瓶颈，双城传说2可以说是把游戏的复杂性拉满了，但是游戏乐趣有所下降，给我干成三星五费收集游戏了，不过也只能怪前面每个赛季都太好玩了，太有创新了，娱乐羁绊也给力；
抛开这些玩法，小小英雄也很可爱，第一个拥有的小小英雄是双城小小蔚，那时候刚得到真是如获珍宝的感觉，每天上线看看都开心；最喜欢神龙尊者的亚索，如今也攒到了（贴个图，耍个帅）；棋盘吐槽下，魔典能不能出个神话级棋盘，攒魔典要么氪金要么肝时间，就给个传说级，传说级买的话就百八十，魔典奖励多少抠搜了些；
但最后，希望铲子以后越来越好，能创新出更多有意思的娱乐羁绊，把娱乐和竞技的平衡性做的更好一些，别让低费赌狗成为主流！",2025-02-12 10:06,169,89,ZAGYP,玩过,1666.6,44057496
金铲铲之战,4,"  金铲铲这个游戏玩了刚好一年，总场次800多场（加上娱乐模式有1000多场），也能算老玩家了，鄙人不才，简单评价一下（个人观点）
  难听的放后面，先说说好的。
①铲子的设计师很懂玩家（注意是铲子的）
  首先在返场赛季和娱乐模式的制作下，铲子的设计师几乎做的无可挑剔，娱乐性拉满，有毒瘤或超模阵容的话会很快进行调整。也知道听取玩家的声音（去年的时候发起过一次投票，S6返场就是那时定下的。）这点比云顶之弈（端游）好很多。
  好的说完了（个人观点），现在是差的
②bug比较多
  每个赛季返场都会出现不同赛季的转职乱入，但会很快修复。但是偶尔也会出现一些bug（比如S6返场出现的悠米附身异常bug）
这方面好坏参半吧，有问题，但会解决。
③爱米的策划
  这也是这个游戏最大的问题之一——策划基本上不送真正有价值的东西，有也很难拿或者很少送。每次活动页面一堆红点，点进去全是送蓝色精粹的，这玩意攒再多也没用，没什么东西换，小小英雄和棋盘出的比谁都勤，偶尔善心大发送个几抽（概率低的离谱，几乎出不了），人机穿的比谁都好，这成了几乎成为活人与人机区分的标志之一。
④更新慢
  每次大赛季更新会比云顶要慢一段时间（这可能是拳头那边的安排），热补也可能会比云顶慢（比如在S11的神器更新热补，不仅慢了一段时间，还是分成两次发。）麻烦金铲铲的程序员修bug可以快点。
  最后有一些评价之外的话：各位在评论区喷那些赛季做的差，以及毒瘤和超模阵容不进行合理调整的问题不归金铲铲管，这是云顶设计师大胡子的事（双端热补数据是同步的），也请各位理性讨论（个人观点，求放过🙏）",2024-07-31 23:03,155,88,stone_carbon,玩过,414.7,41784753
金铲铲之战,5,"发出你的不败阵容一起看看吧！😼
🤹🏻阵容多样性：有很多官方阵容，也有很多自创阵容，根据不同的敌人，要变换不同的阵容，游戏过程中不一定只玩一种阵容，在合适的时候需要变换阵容。⭐⭐⭐⭐⭐
💡玩法创新度：每个英雄都有羁绊都有适合的装备，我们可以这个英雄不用合适的装备，例如给防御的英雄攻击装备，创新英雄要根据英雄的技能来定。⭐⭐⭐⭐⭐
🪢策略深度：刚开始我感觉能成为第一名靠的是运气，递牌给厉害的英雄，后来感觉感觉金币足够多就可以，现在我认为能不能打赢的关键是对手，符文，阵容，金币，运气，有的时候打一局会感觉非常顺，第一次符文很重要，有时候打一局就感觉好费劲。⭐⭐⭐⭐
🎮可玩性：还是挺好玩的，刚开始玩不明白感觉超级好玩，我喜欢玩不明白慢慢研究的感觉，总体来说还是可以的，推荐大家去尝试。模式很多可以几个人一起玩。⭐⭐⭐⭐⭐
🌃画面音乐：击败的时候特效哈哈哈，音乐也还可以吧，画面音乐这个是一般，仅代表个人观点，英雄有的长的挺吓人的哈哈⭐⭐
✍🏻建议：希望英雄更美一点，有些英雄羁绊不一样但色系跟一样",2024-06-28 08:49,57,62,小熊牛奶糖,玩过,381.0,41111075
金铲铲之战,4,"======20240419 分割线===========
意见建议：
当对局只剩下2人时，如果对方投降，除了确定退出按钮，希望加多一个继续游戏的按钮， 至少可以玩多一轮。
内容状况：
理由很明确，如图，很多人终于追到3星5费，想爽一下，看下技能效果，结果对面直接投了，这个时候真的非常影响体验，体验之差不亚于老八出局，多久才有一次三星五费的机会，这个时候，体验最好的反而是第二名的这位。 现在只能喊对面爹，求着对面别投，这机制就很不友好。
希望官方可以考虑一下这个问题，解决一下~


其他固有的平衡问题就每个赛季都存在，就也不多说了，希望每个版本都有多套可玩阵容，不要一个版本巴德，一个版本塞纳，一个版本卡莎这样(夸张说法，其实不止一套能玩)，可玩性确实就低了不少。这个赛季个人感觉平衡相对之前有所好转，能玩的其实还是有几个阵容的每个版本，希望继续。


=======以前的分割线==============
独立了确实比较能赚钱，毕竟端游的号资产不会流到这边。但是就个人体验来说，真的是大打折扣。无法做到，同一个号，在家电脑玩，路上手机玩的这种操作。宝典买两份倒无所谓，主要是，排位分不互通。下棋一个很重要的玩法就是排位，可是这么搞说实话，非常蛋疼。因为这个点，我不得不转战国际服。只能说祝好吧。
=========分割线===========
3星改4星
tx下的社交属性确实是拉满，天天都能找到朋友一起玩。
这个确实是其他平台完全没法比的。
和朋友一起玩的情况下，双人玩法就变得格外有趣，这个确实是好评。
希望能出 双人独立的排位分。
扣一星的话，就是战令福利的确一般，这才多久就已经满级了，然后就没有额外福利了只有那个兑换，如果能和端游那样，有额外的蛋那还有肝的动力-.-
",2021-04-30 09:47,31,23,Murray,玩过,,24453948
金铲铲之战,5,"
有一天我在和朋友聊金铲铲的时候，突然意识到已经很久没说过“自走棋”这个词，因为在大众的印象里，金铲铲已经等同于自走棋，腾讯已经毫无悬念地赢下了这场自走棋的比赛，就和《和平精英》赢下了吃鸡，LOL赢下了MOBA一样，历史总是在重复地上演……
而在几年前，我们聊到自走棋的时候，还可以想到很多其他的竞品，比如多多，赤潮，战歌……我玩过所有主流的自走棋，包括PC上最早的dota游廊和刀塔霸业，金铲铲是其中的集大成者（注意是集大成，并不代表他是第一个设计了XX规则），无论是在画面表现还是在策略深度、玩法丰富性等方面，都有理由让我选择他，说几个我最喜欢的设计：
1.一开始的自走棋装是不支持合成装备的，而且很少，在金铲铲上线的同期，很多竞品的装备要么没有合成机制，要么合成选择少的可怜，金铲铲支持两两合成的装备机制，有N*N种装备可以自由合成，在下棋的维度之外增加一个战术维度，虽然一开始难以上手，但熟悉后会发现装备的合成、搭配也大有门道，有时能决定一个棋子走辅助，肉盾，法伤还是物伤，很有趣味。
2.常见的自走棋是一个一个更新棋子的，技能也不会大变，金铲铲直接来了个赛季更新制，每一个赛季都是新的棋子，等于是降维打击了
3.加入了类rouge玩法的海克斯机制，基于羁绊、装备、经验、金币、血量等维度增加buff，直接拔高了每场比赛的趣味性
4.加入纹章，让职业可以转职，让羁绊间有更多的化学反应。举个例子，纹章系统最具代表性的，也是最臭名昭著的打法星界转，就是利用星界的刷新机制，给高费棋子星界纹章，快速攒3星。
同时，也有些我很不喜欢的设计：
1.选秀环节和下棋的节奏是完全不一致的，打着打着跳出去抢棋子了，让我感觉很难受，而且轮盘操作偶尔会有误操作
2.这个赛季的皮肤会因为下个赛季的更新完全作废
3.棋子的移动不顺滑，导致我很讨厌走出去捡东西
4.倒计时时间太长了……没必要
5.死亡后伤害不结算，不合理
但总的来说，瑕不掩瑜，是值得每个赛季都回来玩玩的，喜欢的话充个通行证或者月卡。",2022-07-17 23:58,57,12,星星野草,玩过,,32155594
金铲铲之战,4,金铲铲还是太有趣了，捧着手机玩一天，别人看你手舞足蹈，以为三星五费登顶，凑近一看，原来是死活刷不出想要的牌被气的没招了😇满心欢喜打开排位，结果四五个同阵容的🙃,2026-09-15 11:00,1,1,被缘结神遗忘的人,玩过,163.3,50415296
金铲铲之战,1,对喽，新赛季就这样不改就行，顺流而下不删，牌库看人发牌就行，你会越来越好的[表情_点赞][表情_点赞][表情_点赞],2026-09-07 15:47,2,0,ありがとう,玩过,685.1,50345884
金铲铲之战,1,"你就把那牌卡牌库里一辈子吧也够游戏，顺的人游戏都不用点几下就赢了，被做局的几辈子都出不来，玩个恭喜发财6张7费10级替了200块没有一张，别人9级5-2就3星铁男牛大了

⚖️平衡性：
不存在一堆英雄数值用脚填的，高分段阵容固定死，没亩低费阵容排位一玩一个不吱声

🪢策略深度：
看系统

🤹🏻阵容多样性：
一辈子就那几个

🎮可玩性：
赛季第一把爽局接下来看账号成分

💡玩法创新度：
一辈子没几个玩法天天搁这返场垃圾模式",2026-09-20 23:58,4,0,天和,玩过,211.9,50470183
金铲铲之战,4,"金铲铲之战，这名字多少有点离谱，听起来感觉稍微有点幼稚，和游戏的品质倒是不太符合 云顶之弈授权手游，之前听说过 也看过相关解说视频，但没实操玩过，端游我也没有体验过
这款游戏是自走棋玩法，个人没怎么尝试过，一开始还感觉挺新鲜的 玩了两局之后新鲜感就没了 游戏中的大部分物品好像都不太好获得，任务也比较多，目前我也不怎么刷任务冲分，就当一个休闲游戏来玩，总结一下，物价有点贵，一局时间有点长，对于新手玩家来说，需要研究的东西还挺多的，只体验玩法的话，感觉还是挺不错的

游戏的画风感觉有一点仙 云顶之弈授权的手游，画风看起来也有云顶之弈的感觉，游戏中的很多画面看起来都像是在天空中，那些云朵都是画面中的常客，在一些剧情里，环境有一种初晨的感觉，到了游戏的主界面中，有一种黄昏的感觉，看起来比较有意境，但由于我没有玩过云顶之弈，也没有了解过金铲铲之战，说不上来是什么意境

游戏中还有一类剧情，也就是一开始玩家在进入游戏时的那两段，后来我还以为会有一个主线任务和关卡制之类的玩法，剧情会在其中不断体现，但到了后来貌似很少出现剧情了，游戏中前两段剧情大概就是一只企鹅和我们扮演的角色寻找金铲铲的故事，不过很离谱的是，这个故事没有交代前因后果，而且很多世界观故事线什么的都没有交代清楚，让我这个没了解过云顶之弈且第1次接触金铲铲之战的玩家，感觉有点懵逼 剧情的画风看着挺好，但这种没头没尾的剧情，我可能不太想看到，虽然在这种游戏里说剧情可能有些鸡蛋里挑骨头的感觉，但如果官方能够在后续自圆其说，再增加一些剧情就好了

游戏的玩法是一般的自走棋玩法，玩家可以在对局中用金币购买角色，然后击败敌方角色，当双方中有一方击败另一方一批角色时，另一方的小小英雄就会受到伤害，玩家要把敌方小小英雄的血量清到零就可以获胜，三个角色可以合并，时不时可以进某个界面里选个英雄，场上时不时出现野怪，击败之后有几率获得装备，到达一定等级之后增加一次性上阵的人数上限，可以卖了角色金币换钱，角色被卖了之后如果身上有装备，就会把装备掉出来，玩家可以给不同的角色装上装备就会出现不同的争议，有些装备还可以合成有一些特殊效果，游戏中还有羁绊，有羁绊的角色一起上阵的话，就可以给羁绊中的所有角色加一个buff

对于我这样的新玩家来说，游戏玩起来还是挺有意思的，玩法相对来说比较多，比较复杂，除了一般自走棋的合成玩法，还有装备，野怪之类的玩法，新手指导也做了较长一段时间，而且那些人物和野怪也都是LOL里的，我这个拿朋友的电脑玩了两三局LOL的又菜又爱玩的玩家还感觉挺惊喜的

玩家每一次获得新物品的时候，战利品按键旁边都会有一个红点在亮着，只有点进去之后点击那个新获得的物品才可以解除红点，看着是真的烦，而且这样的设置也没什么用，玩家在领取的时候就可以知道获得的是什么东西，而且玩家领取的奖励也比较分散，每一次领取基本上都是一个一个的物品，最多也就邮件里一次性出四五个，那还是算比较多的

游戏主界面中的背景看起来挺不错的，但可能是因为太过于光鲜亮丽，而且系统相对来说比较少，感觉这个游戏中的主界面就像是王者荣耀中点进匹配和排位界面中的那个分支界面一样，而游戏中选择模式的见面却极其敷衍，只是中间一个条让我们家左右滑动上面一个图像，下面一行字，极简画风 而且部分活动也比较密集，左边一共就只有5 6个系统，点进去之后每一个系统都比较复杂，里面的东西都比较多，怎么说呢，虽然这一点看上去不是特别美观，但论实用性的话，个人感觉还是挺好的，每个系统都归类的挺不错，而且那些任务之类的全都放在一个合集里面，玩家无论是寻找，完成还是领取都比较方便，只不过那个类似于战令的系统还是在右上角，而且战令中的排版好像也不是特别好，一般的战令都是那种完成任务获得经验然后提高等级领取奖励的，很多游戏里都是这样在我看到的三四个游戏里都是分成上下两排的，上面一排是玩家可以直接提升等级领取的，下面一排则是氪金之后才可以通过提升等级领取的，玩家看着比较直观 但在这款游戏中两种东西就是混在一起的，玩家需要购买战令，但却还没购买的话，那些奖励上面就有一个锁，看起来不够直观，也非常麻烦，而且其他游戏中一般都是奖励站界面的大半部分，只有一小部分是用来展示的，但在这款游戏中，奖励位置占了下面一点位置，希望官方能够让手册里的奖励看起来直观一些

那些物品的定价也太贵了 商店里可以购买的小小英雄最低价都是45，最高价好像是79一个，虽然价格不是特别高，玩家也可以小氪一笔买一个入手，其他游戏里随便一个皮肤也要100多，最高价的不高，但最低价的可能有些高，玩家想要拿一个小小英雄，起码要氪45，要不然就只能用一些活动里赠送的以及白嫖的，因为在这款游戏中玩家能够获得的小小英雄也比较少，大部分英雄都是氪金获得，只有小部分可以通过一些活动获得，比如训练中获得的骑士，也就是一开始和我们对战的那只企鹅的初始形态 还有一开始送的那个角色以及完成任务，只要运气好就可以直接白嫖到，但运气不好还需要氪一点的三兄弟（不过一般情况下，肯定还是要再贴点东西的，不然就靠三兄弟的求助那三个球加上新手知道你给的一个球，除非你一抽10个，不然肯定要自己贴个几十），除此之外就很少有渠道可以获得小小英雄了，要不然就需要通过商店购买，要不然就需要通过手册获得，要不然就需要通过抽奖获得，商店购买的话最低一个都要45，玩家可能只能从另外两个方式入手

但如果单论另外两个方式的话，感觉也有点难，就先说一下手册，手册里的东西看起来比较多，但特别离谱的就是玩家能获得的奖励特别少，基本上一半以上的东西都是上锁的，玩家升到满级最多拿20多个奖励，像其他游戏中再怎么坑也不会有这么少的奖励，我玩的那个造梦西游外传，PVP强度不平衡，而且一个厉害的英雄要2000，像战令这样的福利，满级100级，其中至少也有八十个奖励，这款游戏里，在手册界面随便转一下，都是上锁的奖励，而且给的奖励都是什么不实用的东西，非常热衷于送什么表情，什么头像框头像，还有什么地图这种华而不实没有增益的东西，手册这里完全就是逼着玩家升级，不升的话拿不到多少奖励，而且也拿不到多少英雄蛋，我转了一圈手册 一共59级玩家能拿到的奖励少之又少，而且最多只能拿到三个蛋，每个都是经典英雄蛋，虽然说是白嫖的，看着有点寒酸，但至少能够拿到三个英雄蛋，不过这照样归类成活动中拿到的单和那些高级一点的英雄完全不能相比，氪金之后获得的蛋都是什么魔灵的，氪金之前普通奖励还是经典的，你要升级吧，79块钱，还不如直接买个小小英雄，现在在升级手册之后能获得更多的英雄蛋，而且还有一些附加的奖励，如果可以肝满的话，比直接买一个实惠一些 所以手册如果能够拿满奖励，买一个手册豪华版比氪金要实惠，但对于基础奖励来说，实在是太少了，希望官方能够提高一下手册的等级上限和基础奖励，然后增加一些比较实惠的东西，如果可以的话，希望官方可以添加一个仙灵或者魔灵的蛋，就算不行也要增加一些玩家可以白嫖的奖励位，最好不要把可以白嫖的和需要氪金的放一起，分成两层上面一层是可以白嫖的，下面一层是氪金的奖励

另外一个获得英雄的方式是抽奖，但抽奖对于平民玩家来说更加不现实 抽奖分为三个模式，第1个是用球抽奖的，第2个是用至臻点抽奖的 第3个是用币抽奖的，这三个东西玩家很难白嫖的，也就第1个道具可以白嫖一些，但4次抽奖机会也不能让玩家换一些什么实质性的东西，而且这个抽奖还没有保底机制，基本上都是抽石头，然后让玩家用石头换奖励有两个看起来差不多，只不过换了颜色的四十石头换一次的小小英雄，但玩家只靠白嫖的话很难换的，第2个和第3个基本上是直接氪金，两种东西都是氪金获得的，而且第2个抽奖也没有保底机制，抽到什么还纯看运气，要是直接抽的话可能还要砸个几百，还不如直接买两个氪金的英雄然后升星，第2个抽奖倒也可以白嫖，但嫖起来有点难，大概是玩家东攒西攒才能够攒出一次抽奖机会的，就手册里面的那个至臻点礼包，一次性至少开出一个，也就是说保底有一个 但那玩意儿要200才能一抽，其他地方我好像还没有发现哪里可以获得至臻点 想要抽出英雄更困难，第3个车辆自然有保底机制，但出出来的概率也很低，而且保底一些根本不是我们这种平民玩家可以看的，一方要6块钱保底是120抽，纯氪金的话要700多才能够抽出一个，700保底，超出一个一星至臻亚索，还不如自己氪个几百把亚索升到3星，感觉没什么必要 所以抽奖这一类玩家完全看不了，对于平民玩家来说完全是个摆设，而且直接买那些抽奖道具的话也有点贵，第1个道具12块一个，第2个道具一块钱一个礼包，第3个道具要6块钱一抽，虽然一抽的价格比较少，但一抽抽不出来什么好东西
玩家也可以通过冲段位或者冲级获得的小小英雄，那个英雄看起来还是比较高级的，个人认为和那些氪金的英雄要更加贴近一些，但冲段位或者冲击也是需要一定的时间和技术的，可能有些困难很少玩家可以做到，如果真的有时间的话可以冲一下段位
归根结底，玩家的确能白嫖三四个小小英雄，说够用的话大约的确够用，但那些稍微高级点的英雄玩家就用不了了，只能靠那些白嫖的低级英雄度日，除了初始角色和8天签到里训练的角色，就只有那个冲段位拿的英雄了，那些英雄的价格也太贵了 刚开服也不能搞个什么首冲福利啥的 或者搞一个充个6块18块，然后直接获得一个比那些直购英雄差一点的英雄

最离谱的是游戏中还卖一些那些没什么用的东西，你要说卖一个棋盘，为了美观我也不计较，但一个棋盘卖几十块钱是真的离谱，你这棋盘是有华丽特效还是有特大加成，一个棋盘都够买一个新的小小英雄了，最让我不能理解的是，随便一个表情都需要20块钱，而且20块钱只能买一个表情，还不是那种表情包，你这表情主人公是金子做的还是字幕是金子做的，一套表情下来都需要100多 不会真有人这么闲去买表情吧，而且就连一个改名卡都需要卖49，其他游戏里的改名卡都是6块10块的，也就易水寒那个被称为呼吸都要钱的游戏里一个改名卡卖88 比较轻盈的游戏改名卡价格都比较便宜，就算游戏中没有那么多必须氪金买的东西，也不能把改名卡价格定这么贵吧

回到商店，商店里用蓝石头买的东西也特别少，好像只有两个东西是用蓝石头买的一个是企鹅骑士蛋，另一个是河灵的礼包就是两种最常见的东西，也是游戏一开始剧情里的的主人公，玩家可能就只能一直买这两种东西了，因为其他的东西不氪金根本买不了，而且游戏中的大部分奖励都是蓝石头 什么赛季奖励之类的都是蓝石头，所以希望官方能够增加一些蓝石头可以买的东西

游戏刚开服也没出什么福利，相关的福利是真的比较少，最多也就出一个冲段位获得小小英雄的奖励，其他的基本上都是氪金，氪金项实在是太多了，而且那些氪金项都是特别大的，动不动就是几十块，最低都要十几二十块一次，而且基本上没什么效果 希望官方能够增加一些游戏中的福利，就不说白嫖的了，你就算是搞一个氪金的福利，也不需要次次搞那种几十几百的，搞一个首冲然后获得较多奖励的套路或者出一些6块12块30块直购的比较实惠的奖励也行，总而言之就是出一些低价获得较实惠奖励的福利，现在这个局面就是只有高价才可以买到，稍微有点用的东西，低价的东西几乎都是打水漂 虽然价格低，但买了还不如不买没什么用，只有大氪一笔，让那些道具积少成多，或者直接买一个厉害点的东西才有用

游戏的新手指导也比较麻烦，虽然系统比较多，想要介绍清楚，的确需要一点时间，但我感觉新手指导有些过长了，主要还是一些细节问题处理不好，比如升级的时候很麻烦 还有搞装备以及最后打团的那一波有点浪费时间，不过最难受的是一个新手指导，对方是一个人机，在选择英雄的时候还要跳到圈里，过了好一会儿才出来，然后释放角色，这种场景还持续了好几个轮，太麻烦了 ，而且一局战斗耗时也比较长，希望官方可以优化一下

一局游戏真的是太漫长了，我也不知道官方是怎么想的，一天起码要空出三四个小时，并且没有未成年的限制才有时间玩这款游戏，这游戏玩的太离谱了，我一开始在看新手指导的时候，一次打对面25滴血，还以为特别刮痧，还要打4次才能过，结果正式到游戏之后，我才知道真正的游戏环节是怎么样的，重新复述一下游戏规则，8个人进行一局游戏，每个人100滴血 玩家在游戏中可以用金币购买英雄，切换商店里的英雄，或者购买经验增加上阵角色的数量，场上时不时出现小怪和选英雄的机会，每一轮都会随机安排两个玩家互相对决，玩家需要用上阵的角色击败对方，不然自己就会受到伤害，如果自己的角色击败对方的话，就会根据角色的数量再加上基础伤害，对敌方造成最终伤害，在前期打赢对面一次最多刮几滴血，中期有机会刮到十几滴，后期勉强打到一次18滴，如果运气和技术够好的话，估计可以打到20多滴，这得刮到什么时候，反正我第1局游戏就打了40多分钟，第一天玩这款游戏的时候，就打一局未成年限制就直接给我整退了，稍微有一点离谱，我估计每周任务都需要肝好长时间了

在游戏中一个英雄最多可以装三件装备，如果可以合成的话，再装第4件装备的时候，两件装备合成，最后也是三个装备，但玩家给一个角色装上装备之后，除非那个角色被玩家出售或者三个同等级角色合成为一个更高等级的角色，不然那个角色身上的装备都下不来，好像都没什么办法卸下，建议官方增加一个相关的玩法，让玩家能直接把装备拆下来，有时候手残装错或者有新的合成角色的话，想要搞回来装备还挺困难的

最好能给游戏中增加一个投降的系统，差不多相当于退出，是在我打某一局的时候突然想拥有的，最后我熬到了第二，和另一个人一对一，虽然方便了一些，但打起来也是真的麻烦 他都单方面压制我了，还需要耗那么长时间，本来那时候他剩52滴血，我剩18滴血，结果我们硬是打了5轮之后才结束游戏的，第1轮，他打赢我，把我打到两滴血，第2轮选择角色，就我们两个选择那些角色，第3轮打野怪，第4轮再打一局 我反而打赢了他，他只剩27滴血，到了最后第5轮的时候，他才终于把我的两滴血磨掉，实在是太煎熬了，大局已定要是直接增加一个投降或者可以根据目前的排名直接退出获得奖励的系统该有多好

到现在玩了几局游戏之后我才知道刷那些任务究竟有多难，希望官方能够降低一下那些任务的难度，那些任务不仅难度很高，而且奖励也非常少，就直接拿手册的任务举例，那每周任务估计是要每天打一局，我是最后一个完成8次什么的任务，一个前缀8次都需要玩家打好长时间，而且加的经验还不怎么多，其他的那些任务几乎都可以在游戏中直接完成，只要玩的局数够多，刷完所有每周任务和每日任务，起码要打8局，在这8局里面一天一局，然后随便一天分个两局看一下日常任务，然后针对那个刷，最后每周任务里的什么给角色升到二星三星卖出角色啥的都直接解掉了，只要打得够多，其实任务也可以完成的，但感觉有新冠大半个小时来打游戏，而且加的经验还不怎么多，所以希望官方能够降低一下任务的难度

游戏中冲分和冲等级也特别难，我未成年限制一天最多打两局，而且还是运气比较好的情况，一般情况下可能第2局的时间都不够，直接给你强制退出了，我在前几天打完第1局的时候才升到了两级，然后多一半的经验，这要到什么时候才可以打到30级冲段的话也比较难，玩家随便打一个匹配都需要浪费那么长时间，除非每一次都打排位，不然很难打上去，希望官方能够降低一下冲级冲分任务的难度

明明说好了品质越好的英雄更厉害，属性更高啥的，但游戏中的品质好像就是个摆设，我见到的好几个橙色边框的角色，因为是一星，都打不出来多少伤害，也回不了多少血，一进场几乎就被清掉了，还没有那种白色或者绿色的二星英雄好用，就算是给他装备也不怎么顶用，虽然没做过专门测试，但我一个装了两件装备的一星橙色角色还没有那装了三件装备的二星白色好用，所以品质在游戏里貌似还真没什么用

在这款游戏里，玩家必须要了解那些角色的技能特质以及装备的效果，最好能够在图鉴上多看看，角色的技能特质以及定位很重要，关乎到玩家该怎么搭配角色，角色搭配的好的话，的确可以发挥出很大的作用，但如果一排全是输出，全打着俩扛伤的肉盾，打完那个肉，就被有AOE干了（亲身体验了），有些吸血和回血的也有必要，不过到目前为止，我好像还没见到过回血的特别好用的英雄，而且装备也特别重要，游戏中的那些角色都特别吃装备，我有一个两星的小法装了三件装备，在后期可以达到5000伤害，一个两星没装装备的小法只能打1000多伤害，不仅是伤害的问题，没装备的小法血量也比较低，很容易被清掉 所以搭配好装备也十分重要，一定要搞清楚那些装备的用处，什么拉仇恨的一定要给那些专门用来防御的肉盾，比如那个顶个大盾扛伤害打不了输出的，而且还必须分清楚最基本的哪些角色是物理伤害哪些角色是法术伤害，装备已搭配一错直接白给，而且还必须要卖掉那个角色才能把装备整下来，非常麻烦，错了一步就比别人落后一大截了

个人比较建议多集一些相同角色，到了后来融合起来星级比较高，效果也比较好，就算卖掉最多也就亏一两块钱，问题并不是特别大，一般的玩法个人比较建议把那些角色都存着，最好往羁绊那边靠，如果可以的话，最好全都放同一个羁绊或者两个羁绊一起的，最好所有上场角色都能吃到羁绊效果，我当时看到的那个第一就是把不同的角色存起来，我一开始还不知道有什么用，到后来才记起来一星角色出售和买回来的价格一样，就算用不上，后来也可以给他卖了，买过来也没什么问题，毕竟空位有那么多，回想起我的空位上最多占3 4个角色，就感觉有些亏 如果能够培养到星级，更高的角色更好，没有培养出来的话也可以卖掉，多好
个人不太建议专门培养一两个角色，花大批的钱用来换英雄是不值得的，还不如用来换经验，上阵更多的角色，在我有一局里，好像花了四五十块钱用来刷新角色，为的就是搞一个三星小法，结果到了最后只有两个二星小法和两个一星小法，那俩一星小法一直在那存着都没动过，我手上的角色基本上都是两星的，就一两个一星，上限也就7个，花了太多的钱刷新实在不太值得，如果钱没地方用，不能提高角色属性的话，也不需要花太多的钱切换商店角色，可以存着，也可以多买一些相同羁绊的角色，后来如果合成成功的话还是很有用的 另外一局里我看第一在结束的时候已经合成了三个三星角色，而我因为刷新浪费了太多的钱，就一个三星角色，拿了个第三
游戏玩起来感觉还挺有意思，但就是一局太过于拖沓了，而且任务也比较难完成，对于平民玩家来说不太友好，虽然没有太多氪金的点，但物价都特别高，当一个休闲游戏，有空的时候打一局，没空的时候就上线签到，领个奖励也挺好的",2021-08-30 11:31,20,5,天锤,玩过,,26611837
金铲铲之战,4,"游戏画面及玩法

毕竟是大厂的手游，在游戏质量上面我们丝毫不用担心，每个角色的细节刻画非常完美
人物形象我们就不多说了，完全还原了当前端游中的人物，并且在对局当中支持玩家自由放大或者缩小屏幕仔细观察人物的细节动作。

UI非常简洁，看起来基本没什么东西，实际上林林总总加起来还不少，分类也能让玩家一眼看出自己要找的玩法，当然也有弊端，为了看起来简约一点，官方将所有的菜单选项分为了两批，商城战利品之类的是一批，排行榜微社区什么的在另一批，两个菜单如果不细看的话根本找不到，有些任务是需要打开微社区查看图鉴啥的，我找了半天实在是找不到微社区在哪，最后每个按钮都点了一遍才发现还有第二个菜单，不得不说太难找了，建议大家初次进入游戏多点点按钮看看这些都是干啥的。

加载动画我蛮喜欢的，每次加入游戏对局的时候，都会有着丝滑的动画效果，将我们的小小英雄传送到战场上面，相较于端游云顶之奕的加载界面，怎么说呢，更顺畅了，好看。

游戏采用的是点触式操作，在手机上运行的话有诸多不便，对想要单手操作的玩家不太友好，但这样也避免了摇杆操作发生的误触，毕竟操控卡牌才是核心内容，关于小小英雄的移动是次之玩法。

在玩法上面，完美的继承了端游云顶之奕，将英雄联盟当中的英雄当做一张张卡牌，这些英雄都有着与自身稀有度相匹配的技能，也就导致了英雄的强弱程度不一，这是其次，主要的就是说英雄和英雄之间还能产生各种羁绊属性，而这种属性是我们搭配阵容的关键所在，给大家举个例子，就拿亚索来说吧，毕竟是端游英雄联盟当中最热门的英雄，亚索的本身的属性有两种，浪人和剑客，当我们将亚索放置到阵容当中的时候，就可以激活浪人buff，关于剑客属性，则是说需要最少3个同属剑客的角色才能激活，而其他属性所需要的最低数量有两个的，有三个的，机器人和浪人属性则是数量要求最低的，毕竟这两种属性本身就只有一张卡牌，机器人和亚索，只需要上阵就可以激活属性了。

源于这种游戏机制，在有限的人口下，搭配出最合理，羁绊最多的阵容，就成为了我们的目标，以及获取胜利的手段。

在这个基础上，装备系统的出现，也让战局扑朔迷离，没准一些低费卡在添加了合适的装备之后，从边缘性角色变为了阵容的主C，从而实现逆天改命，Carry全场，而阵容组成，也会变得更加灵活。

但英雄和装备的获取，都是和大家的运气挂钩的，运气好连刷好卡，非常容易就组成一个羁绊多的阵容获取胜利，运气差几十个金币点数刷完了也刷不出来一张我们想要的卡牌，但从这个角度来看的话，金铲铲之战似乎是一个运气好就能非常轻松获取胜利的游戏，其实不然，游戏的各种机制也给了很多“非酋”反制“欧皇”的机会，使其游戏的可玩性大大提高。",2022-08-18 17:12,29,16,新游品鉴师,玩过,241.9,32869834
金铲铲之战,1,"9.12 补充一点：这游戏如果想玩得开心就得默认一个事实，“运气也是实力的一部分”没有这样的心态的话很难打，会很爆炸。经常你会发现没人卡你牌但是你就是滴不到三星，还有的人五级黄金战士，而你还五个一星挂着在那巴卡玛卡，当然你也会有寿命局的时候，（我曾经二杠一三星小炮）这种充满着未知和随机性正是这游戏的乐趣所在。
————————————————
emm我是s8.5赛季入的坑，当时看表弟玩的不亦乐乎，还极力推荐我来玩，说这游戏女铲很少，姐姐你来就扩充队伍了！
一半是因为表弟的童言趣语，一半也是当时没有更好的游戏代餐，就开始玩了。
一开始玩真的差点弃坑，我不玩LOL，那些英雄都不认识，费德提克这个名字我都赛季初记到赛季末（包括到现在这赛季还是很多名字都记不住），怎么说呢，也是想和表弟一起玩吧，之前吃鸡和王者都是我带他的，想着这个也能带，结果发现单排是带不了的，所以我花了很多时间单排熟悉技能和羁绊，上个赛季我最喜欢的就是福牛，这个赛季是恕瑞玛，当然，现在有进步了不会死磕一个阵容，所有阵容我都能拿来过渡用。
基本上都是打到大师就上不去了，我也接受了这个事实，所以我玩了四个号都上到大师就带表弟双排，等双排到大师又继续换号，换到我表弟没号跟我玩哈哈哈哈。
游戏本身只能说爱玩的人会很喜欢，一开始不喜欢的话后面很难喜欢上，我是这种，但是我实在太无聊了，每天下班就玩，玩多了也就好玩了。
最后上图推荐几个我玩的阵容，（好玩也好上分）

2024.8.11更新评论
s8入的坑，当时很喜欢这个游戏，一直玩，但是越玩越不好玩，越到后期越偏向竞技性，但是我还是一如既往的玩娱乐羁绊，福星和赏金真的超级好玩！
直到s12。。。。。。娱乐羁绊真的是最差的一届了，而且阵容平衡性极差，把把红温老八离场，差评，五星直接改1星，强烈要求再次返场福星和赏金！！！",2023-09-11 15:35,145,26,喵丷不可言,玩过,3952.5,37642437
金铲铲之战,4,"玩过很多手游，唯独金铲铲能让我一直喜欢，能让我每个赛季都会去认真专研着去玩，现在的赛季是s7.5，我也给大家说一说S7.5的变化和一些个人看法叭~
【改动方面】
S7.5保留了大部分S7的英雄和羁绊，怒翼龙，神龙尊者，玉龙，幽影龙等都继承了下去。这些羁绊里的英雄大部分得到了保留，有一些被更换了，比如说金鳞龙的剑魔变成了狗头，凯隐变成了贾科斯。也有一部分被删除，以前的半神，驯龙大师，神龙烈焰都消失了，他们伴随的很多英雄也随之消失，比如说奥恩，飞机等等一些。也有一些羁绊虽然被保留但是有所改变，比如说星界龙，怒翼龙，神龙尊者等等。当然旧的不去新的不来，新赛季也增加许多全新的羁绊，碧波龙，黯灵龙，巨岩龙等等一些又新又好玩的羁绊。随之出现的英雄我举例几个，泽丽，泰拉，乌鸦，石头人等等好多的英雄。对于这些新增的阵容什么效果我就不多说了，游戏里很容易能看到。
海克斯方面S7.5机制还是有所保留，并且对其做了点增减与改变，比如说万用瞄准镜，生日礼物和一些新羁绊的转职什么的。让大家玩法更多样了。就来保留下来的龙之秘宝来说说吧，现在分3个类型：普通龙之秘宝、混沌龙之秘和秩序龙之秘宝。他们三个每局出现的概率分别为40%，30%，30%。简单来说，混沌龙之秘宝就是包含转职，奥恩神器，妮寇，铲子和假人等等一些。而秩序就是又光明神器。这大大增加了游戏的可玩性，同时混沌，秩序占了总概率的60%搞到好东西的概率肯定比上个赛季有所增加，上个赛季几十块钱搞不出个想要的，这个赛季可能就不会出现这种情况当然前提不是普通龙之秘宝，当然这个改动也有可能让马上老8的玩家起死回生，大大增加了游戏的乐趣与刺激性，让大家不会因为前期不好就气馁。
【玩法方面】
现在的版本因为增加了6龙神的羁绊，所以现在有好多人都是偏前期运营经济和保证血量快速上8或者9去拿龙神，因为拿到了5龙如果有机缘拿到了2个冠冕上6龙而且全都二星那么这把就是吃鸡了。也有一些人，比如说前期腕豪，永恩来的多，卡尔马来的多或者星界龙牌来的多就去当赌狗，这也是一种玩法，而且这么玩的话前期会给对手的血量压的很低而自己的血量会很高，也很容易吃鸡。而现在我觉得蛮尴尬的就是赌三费卡的阵容，其实现在赌狮子狗还好，要是像以前赌萨勒芬妮啊，前期强度不够，很容易被血入，血量守不住升到7人口搜牌的时候血量会很低很低，很尴尬前期三费卡概率也蛮低的，大怪给爆了一张之后就再也不来了纯纯被骗了这样的事情经常发生，他不像赌一费二费那么简单，三费卡他的羁绊有很多人可能会用这凑羁绊，一共就18张牌他二星，他二星，自己就没得牌拿了。高手的话运运营也可以玩，但是新手真不建议玩。为啥说除了黯灵龙狮子狗呢，强度确实可以前期一星狮子狗确实能锁住，而且除非同行，否则拿这个牌的人几乎没有。我建议玩玩比较强势的高费卡，比如说霞（虽然被削弱了但是也能玩）冒险换型呲呲都可以，拿个二星就行不用三星。
【新赛季建议】
这个赛季因为有多龙神的参与，导致多龙神阵容很强，可能与普通大成阵容强的多，我的建议是多平衡平衡各各阵容之间的强度，多龙神来牌难，可以略强一些但是不要碾压。因为平衡了阵容间的差距有时候取胜的方式可能是站位或者功能型装备的使用比如说卑鄙之风和卑鄙射线。这样大伙们在对战的时候会更刺激，取胜后才会有愉悦的体验感。",2022-10-18 14:40,69,28,花火不是火花,玩过,5.1,33790433
金铲铲之战,5,"作为云顶之弈老玩家我对云顶之弈感情是无需多言的。
s5.5节奏太快了，前期非狗唯唯诺诺，到8基本40血下，成型的话就算吃鸡，快感也覆盖不 .了前期的失落感，如果不来牌，基本5 -4之前就抬走了。前期欧狗的话，到8拿不到牌也是 几回合被抬走，我下午刚玩一把，200多金币刷不到一个刀妹，外面就四张!结果带来的失落感整个完全覆盖之前连胜的快感。这版本能爽到的点就是从头欧到尾，要啥来啥。总结，基本无运营，谁狗谁赢。
首先带来的攻略是剑士
羁绊应该是3/6/9，额外1/2/3次攻击，其实用纯剑士流的玩家大概是在少数，大部分玩家可能是枪剑。
枪剑的可行性是在开服大概一个半月之后被研究出来的，高额的爆发以及鬼畜的攻速被云玩家津津乐道，大肆吹嘘。但其实硬伤也很明显，第一同行太多，第二装备要求硬性。
首先枪剑是各位老玩家都熟悉的也是被玩家大肆拿牌的，可能一局游戏有3-6家玩枪剑，这也就导致牌几乎抓不到，而你方牌力差的时候走其他流派的可以轻而易举的击败你。
其次，枪剑极度依赖装备，尤其是金铲铲和攻速，这也就导致了空城玩法的存在，（卖血去拿装备。）还好s1选秀的时候金铲子爆率较高，但是手游爆率就不好说了。
枪剑前期的核心一般来说是带破败（剑士转职）的男枪，可以和船长，慎前期组成3剑士/2抢手/2海盗前期既有输出又有经济来源。
鬼畜男枪成型的时候是真的强。几乎前期是没有对手的。
但是男枪这张牌是前期不错的打工卡，这就导致是不是枪剑大家都会拿这张卡，还会被恶意卡牌，会加大阵容成型难度增加阵容成型资本。
所以以后的大佬玩家更新迭代研究出了鬼畜慎，也就是火炮流的慎，让自带保护技能的慎去打输出，慎这张牌有可能成为大部分枪剑的弃子牌，其实这张牌是比较优秀的，忍者赋予的额外攻击让他的每一刀都砍在了敌人的血管上，少数带有防护的技能也使得他的生存性大大提高，这就是后来鬼畜慎的可怕之处，阵容无脑，成型简单因为阵容不需要破败（剑士转职）。只需要无脑拿剑士就可以了。
枪剑是金铲铲之战里中上的阵容，要是存在两个功能刀且没有拳套的话是上等的阵容。但是要注意同行以及其他玩家前期恶意卡牌，限制发展，要是有五个以上枪剑还是考虑转型吧。
然后的羁绊是法师。
法师的数值经过多次微调。
应该是2/4/6/8 ，20/40/60/90或25/45/70/105或25/45/75/110。
要注意这个版本的法师没有双重施法，技能只有一次。
法师在s1一直没有存在感是因为前期没有拳套，且法师大哥限制太多并且其他阵容成型太快，而且法师缺少前排。
首先无拳套，无法爆就导致法师想打出高额伤害就极度依赖大帽子，但大帽子需要的是两个大棒子，大棒子又不太好拿所以阵容偏低迷。
法师阵容强度较差的另一个原因是原先的大哥死歌实在是蓝格长，施法需要吟唱，属性又是联动极差的暗影。
当然后来护卫龙骑又是另一码事了，属于后期大佬智慧的结晶之后再说。
法师阵容都是靠着技能输出，s1是拳头的仓促之作多种细节并未调整，比如s1法师默认朝着攻击方向释放技能，而以后是朝着敌人最多的方向释放技能，所以法师的前期卡阿狸等是极容易打假赛的，再加上阵容单一，大哥牌拉胯，无前排，前期过渡差，装备不友好等等因素法师是不太好用的。
阵容推荐下，有拳套中。
现在聊聊斗士羁绊
这个羁绊一开始是没人重视的
因为加的血量实在是不高2/4，250/500，到后面进行数值的微调变成300/650。本来以为没有多大的加强但是没有想到就是这个小小的加强衍生出了斗枪，斗剑，斗游侠的分支，但是在当时大多数玩家不重视斗士羁绊，因为斗士属性太过平庸，但其实都是这几张牌全是都精品好卡，狼可以狂野斗士，挖掘机，大虫子可以虚空斗士，机器人是破坏对方阵型直接把c位勾过来的功能卡，狗熊也成为了为数不多的火爆一时的拉面熊的存在，斗士是我认为s1为数不多的两大万金油阵容之一。其实观察各个服务器来看大多数外国人喜欢斗士因为这会显著提升队伍的坦度使得前后排棋子泾渭分明，但大多数国服选手却选择了更孤注一掷的阵容。
诚然那些阵容会让你的团队看起来更加炫酷，但是更多迎接你的是拿不到关键卡牌的失败。
阵容推荐：高，尤其是斗士羁绊加强与对方存在游侠等后排c位的阵容时。
斗士的羁绊在我们国人看来确实不够华丽，单卡的数值也比较低迷，国服玩家更喜欢华丽炫酷的帝国或是贵族，也许还有剑士，法师，刺客等等但是唯独缺少了这个斗士，其实我个人觉得斗士是代表了千百年来传承的中庸之道，不知道为什么，国服玩家在游戏中胜负欲太强，更加易怒，暴躁，不安，虚荣心更强。不愿意选择斗士偏安一隅的混个3/4/5/6，却愿意去搏一搏其他更加极端阵容的未知。我一直以为追寻极端是恐怖分子该做的事，但是现在悲哀的是大多数国服玩家的想法是宁***头，不当凤尾。
当你正常运营斗士牌组的时候，即使运气再差你也不会是最先出局的那个人，相信我，这群皮糙肉厚的野兽与怪物们，会是你最坚实的后盾。
接下来说说元素使，其实s1的元素使前期几乎是制霸的，但是没有成长的属性使得他后期会被轻易的瓦解，我亲眼见过狮子狗与寡妇一人一个技能瞬秒了召唤出的元素魔像。
我对想走元素使流派的玩家的忠告是：由于其羁绊的特殊性导致，你的火男来的越早那么你的元素使阵容将越无坚不摧，如果说到了第三阶段尾声的时候火男依然没来那就最好不要孤注一掷的选择元素使，除非你的凯南与丽桑卓已经强的让你无法丢弃。
元素使这个羁绊给我的感觉更像是一个继承了家业的富二代，他们的起点比众人高的多，因此在前期顺风顺水，但是到了后面越来越多年轻的富豪拼搏到了自己的资本之后好吃懒做的二世祖由于什么都不会最终被整个世界抛弃。
如果在你没想好玩什么阵容的时候前期刷到了一张火男，恭喜你朋友，带上那个冷女人和那只电老鼠，前期的你无往不利，你将有更多的时间观察整场局势，思考应变之法，相信我第二阶段的元素魔像没有玩家能够处理，就算是第三阶段你也依然可以作威作福，但是到了第四阶段末尾你就需要寻求突破之法了。
另注：千万不要想着极地元素使因为他们的阵容强度与契合性兼职糟糕透了。
接下来说说骑士，这个羁绊的数值最开始是15/30/55后来慢慢变成了20/40/60最后定格在了20/35/60好像是这样。
这个羁绊前期的属性事足够的且前期单卡极强，诺手和盖伦是又肉又有输出的典型卡牌，绝对是物美价廉的代表卡组，尤其是诺手，他的技能机制甚至可以媲美3费卡，这也是为什么帝国如此受欢迎的原因之一。
在前期如果直接集齐4骑士，盖伦/诺手/波比/铁男的话对面即将到来的攻击不过是挠痒痒。
这个羁绊弱在后期相对疲软。但是你要是说完全疲软吧，也不是这样，因为后期还有一张骑士大哥牌，也就是凯尔，这张牌的特殊性导致几乎人人想要，就算不是贵族也想拿凯尔的首先攻速极快，单卡就能达到1.0，其次技能机制足够强大，2/2.5/5秒的无敌使得凯尔友军得阵容无懈可击。
骑士给我的感觉就像是你在嚼一个大大泡泡糖，等你嘴里的泡泡糖没味道了，骑士派也就跟着走下坡路了，当然，也许选择贵族的玩家嚼的是炫迈吧。在别人疲软的时候他们根本停不下来！
元素使阵容推荐：取决于达成三元素使的时间。
第二阶段，非他莫属
第三阶段前期，极高
第三阶段中期，高
第三阶段后期，低
第四阶段开始之后不建议。
骑士阵容推荐：取决于你对所有卡牌得理解与对整场游戏的运营，骑士是强者的杀手锏，前期的无与伦比的锁血能力以及高强度的持续作战能力使得强者有极大的思考量，抉择自己该拿什么样的手牌。
大师到王者段位：极高
钻石白金段位：高
其他段位：中
接下来跟大家说说护卫。
护卫卡的羁绊是在护卫身边的卡牌可以获得额外的护甲和魔抗，反复微调15/20/25/30/25好像最后在潘森加入以后回调到了25。
初期的护卫由于只有两枚旗子且联动性较差一直是贵族的专属。直到潘森的出现才出现了炙手可热的护卫龙骑，护卫龙法，大威天龙等玩法。
说回基础的护卫卡，布隆与日女的联动性较差。贵族的前期是极其薄弱的，但是加上护卫就比较能抗了。
我曾经见过一家赌vn的贵族护卫，当贵族属性随机到vn的时候几乎无往不利。
羁绊的弱点是几乎要将所有棋子挤在一起，阵容连成一片。容易被纳尔，海克斯，龙王等轻易将阵型粉碎。
另注：一个棋子可以被两个护卫羁绊影响。属性叠加。
护卫推荐：中
加入潘森以后：高。
接下来是刺客
首先说s1的刺客我个人觉得是最强版本的刺客，没有之一。
第一，除了派克，几乎人人是大哥。
第二，刺客卡牌不易被卡，7张卡都分布在1/2/3费。
第三，刺客牌百花齐放，是真正做到了集众家之所长，衍生出的玩法也最多。
第四，初期没有太好应对刺客的方法，s1的时候没有拳套，闪避与暴击的不确定性使得刺客卡牌总是能轻易的存活，棋子呆傻，刺客跳过来时总是先手攻击，且装备爆率一言难尽。初期拿到优势的刺客必进决赛圈。
刺客的羁绊属性我是实在记不清了，只能模糊记得最后刺客大羁绊每个刺客拥有70%左右的暴击率，和225%的额外暴击伤害。
最开始的刺客没有什么花里胡哨的，就是拿刺客牌，大多走的都是纯刺客流。
可随着许多大佬玩家的大胆尝试，忍刺，恶魔刺与帝国刺，狂野刺，虚空刺等等实在让人防不胜防。
首先咱们来说说忍刺，忍者一直以来带给大家的感觉就是麻瓜羁绊，1个人给属性，2人不给属性，白嫖不就好？
但是随着一次次被阿卡丽，劫，凯南等牌秒杀/灭团之后才会发现这4只忍者组合在一起有多么强势。
忍刺大火的初期几乎场场有人拿，逼得官方紧急动刀，一刀砍英雄，一刀砍忍者，一刀砍刺客，是第一次一个阵容被全方位无死角砍。只有在忍刺中联动性较差的慎躲过一劫。
凯南在忍刺中几乎处于制霸地位。因为其他大多数忍者一次最多只能打一个但凯南是对所有周围棋子全部造成毁灭
打击，伤害来的又快又疼。
初期的忍刺确实强无敌yyds。
但随着版本的更迭，忍刺在刺客阵型中失去了它的制霸地位。接下来就是大佬们妄图寻找忍刺的替代版，于是何种
花里胡哨的阵容就出现了。
首先登场的是虚空刺，随着大家在美服得知的消息，卡莎要加入云顶大家庭，虚空刺的火热堪比原先的忍刺。
首先是三虚空这个真实伤害的羁绊，确实契合刺客，但当时给刺转卡萨丁的先驱者们发现，卡萨丁并没有很好的代替凯南，反而有些拉胯这是因为卡萨丁本就是单体伤害的工具人，无法代替团灭发动机凯南的位置，至于联动性更加差的挖掘机则被大部分玩家直接无视。
总结起来虚空刺差强人意。
于是一个剑走偏锋的阵容悄无声息间成型了。赌螳螂，虚空刺赌螳螂。
螳螂带着火炮和无尽躲在后面偷偷输出，拥有孤立无援的螳螂加上虚空/无尽/刺客的羁绊简直就是电锯狂魔，杀的贵族抱头鼠窜，打的帝国瑟瑟发抖。
大佬们觉得刺客的春天到了时，又迎来了刺客的第二次削弱，官方怎么会忍受一个一费的小虫子如此嚣张，螳螂在那次更新中几乎被砍成**。好在装备和羁绊没太改变，但压制力大不如前。
接下来有想法的玩家们将目光聚集在了卡特琳娜身上，帝国刺应声而出。
但是首先面临的是一个最大的问题。
装备不够，首先帝国刺客的主c是卡特琳娜毋庸置疑，但之后的装备应该给谁众说纷纭，曾经在贴吧和论坛上吵得不可开交。有人建议多拿抗装给诺手，有人建议多拿输出装给德莱文，有人建议有啥装备攒到最后给乌鸦，少数玩家喊出给其他刺客牌的声音被众多帝国玩家淹没。
我一直觉得云顶之弈到了如今还在吹帝国的玩家并且觉得帝国强无敌的玩家是一群极端玩家。
帝国羁绊的属性我承认真的太优秀了，只需要4个棋子就可以得到双倍伤害，云顶之弈做了5季，能在属性上击败帝国的几乎没有，也就只有少数羁绊可以做到并驾齐驱。
但你们发现没有，帝国羁绊的容错率也低的令人发指。它是1/3/4/5费卡各一个，卡手的要死。
刺客和帝国是两个极端。
但帝国比刺客更要极端，拿到了帝国刺客之后玩家的中心就会转移，不自觉的转移到了帝国身上，所以就会开始运营。想要升到8级或是9级，入拿到那张梦寐以求的乌鸦卡。
但是其实刺客是不太需要升到9级的，因为没有卡莎的时候最强的刺客阿卡丽也就只有4费而已。
所以重心的偏转之下帝国刺是矛盾的存在，他的致命错误就在于大多数玩家很难将帝国和刺客完美的融合在一起。
帝国的卡手和刺客的先攻很难兼容。
当然如果在中期你的卡特就已经接近3星那当然这套阵容的实力还要超过忍刺，但是概率实在太低。
这也是多数人知道帝国刺很强，但自己上手时却发现这个阵容如此拉胯的原因。
帝国刺给我的感觉就好像是一个天下第二的剑术大师，觉得自己的剑法灵动有余威势不足，他坚信当自己的剑法同时具备以下两点之时就可以轻而易举的登上天下第一的宝座。于是为了让自己的剑术具备威势，他与刀客学习刀术，学成归来之时，他发现，自己居然连第三和第四都打不过了。
因为他已经失去了纯粹，一个人想要的太多的时候反而会得不偿失，捡了芝麻丢了西瓜。
当然也有少数习得屠龙技的大佬，完美的将帝国刺融合在一起，只是那样的概率极低，需要发牌员与装备同时契合才可以，天时地利人和缺一不可。有句老话嘛少数人的成功是不可复制的。
接下来说说狂野刺，其实说到这个的时候我的感情还是很深的。因为狂野一直是我心中s1羁绊的第一万金油羁绊。这个我会在介绍狂野这个羁绊的时候大篇幅的谈论，这次就先小说几句。
狂野刺的存在，在于利用高额的攻速使得攻击力极高的刺客能快速解决战斗。
当然狂野的卡片几乎都是低费卡，也导致了后期狂野需要改变阵容的玩法。
狮子狗这张牌与饮血剑极其契合，且伤害极不科学。几乎可以说看不懂。好几次顶着贵族羁绊的盖伦就被狮子快速的几次爪击给消灭了。
狂野刺一般的选择都是前期拿阿狸打工，后期换成纳尔。
其实狂野刺就是95至尊的雏型，大部分的狂野刺客都会单挂上一两张高费卡牌。这里就不多多介绍了。实在是狂野刺没啥好说的，卡牌几乎定格，伤害也就那样。主要就是看狮子狗和纳尔的发挥。接下来我们来说一说最后的恶魔刺客。
其实与其说恶魔刺客，不如说是不死寡妇。一开始寡妇在云顶之中一直是最冷板凳的那一批。
因为大家觉得她没有很好的能够适应刺客族恶魔羁绊且身板较脆，还容易空技能。
随着某个不知名玩家的一次尝试给抗装，狂徒/龙牙/冰心/反甲/科技枪等道具之后，肉装寡妇出现了，她以一己之力打破了恶魔和刺客的尴尬境地。残血以后就是不死，更有甚者怕寡妇来不及放第二个技能还给寡妇装上了猫咪和蓝buff。
狂徒和肉装加上寡妇的大招使得你经常会看到一只残血的寡妇被堵在角落里，不时一个大招就是不死，就是不死，不一会就获得了胜利赖皮指数满分。让人恨得牙痒痒。最初的寡妇在面对残血的时候拥有额外3/4/5倍的额外伤害。
这个套路在当时确实没有太好的针对方法，官方就只好微调了寡妇的技能伤害，血量和双抗，但是不死寡妇依然没有消失，直到云顶s1的结束，也依然存在。
我是东北人，刺客的羁绊更像是一锅乱炖。
他们的包容性极强，所有的卡牌几乎都可以在这道菜中发挥光和热。
这是因为刺客的一往无前和无需前排，他们从来不考虑身后之事，你看除了异类不死寡妇的加时赛来说，是不是有刺客的双方打着最痛快？很难存在势均力敌，要么砍瓜切菜般很快结束战斗，要么根本打不动被逐个干死。
有的人看到这里就会说了，刺客是不需要运营嘛？就莽就可以了？
不是这样的，张飞和李逵是有区别的。
好的刺客就是张飞，在别人看来你的阵容平平无奇。不知怎么回事就是打不过你，不知道为啥你的伤害就莫名其妙高出一截。
其实刺客牌更加需要的恰恰是粗中有细，大方向完全看天意但是小细节要牢牢抓在手里。
对位，凌风位置，装备的选择，主c装备的确认，什么时候该赌。什么时候该升级。
一切的一切或许其他阵容只要做到3.4分就够了，但你一定要打起十分精神，因为你是刺客，你是快枪手。如果不能及时切死对方那么随着时间，失败的就一定是你。
再说一个只剩下你和刺客的局面，不要再傻了，把前排放到后排，后排放到前排。这会让刺客苦不堪言。
刺客阵容推荐：
全刺客：中
忍刺：高
虚空刺：中
帝国刺：不推荐
狂野刺：视运营能力而定极高到中等
恶魔刺：看寡妇和抗装质量。
喜欢玩刺客的玩家一定有一颗逍遥的心，他们不喜欢琐碎的杂事，或许骑着摩托远行是你可以一试的爱好。
如果你们以为他们真的对所有的事情都不上心那么你们就错了，他们把所有的小心机都都隐藏了起来，相信我，喜欢刺客阵容的玩家是最喜欢云顶这款游戏的玩家没有之一。
他们的过往赛季段位最少保持在白金以上。
所以在金铲铲之战s1即将回归的版本里让我们和刺客们一起迎接属于我们的逍遥时刻吧。",2021-08-29 13:18,1,2,神明,玩过,,26594442
金铲铲之战,4,"印象里我玩的第一款自走棋类游戏是在2019年接触到的战争艺术赤潮，后续又尝试了刀塔霸业和多多自走棋，现在还在玩的就只剩下金铲铲了。


🤹🏻阵容多样性：
每2~3个月就会更新一次赛季，并推出全新的主题和阵容。从游戏内容的多样性和更新频率上来讲，金铲铲做的还是很好的。
然而就每个赛季和版本更新来讲，由于阵容的强度不足，总会有特别超模的阵容，导致其他阵容很难取胜。
因此如果立志于获得高段位的玩家，就不得不只玩很少数的阵容，并且很容易碰到相同阵容的对手，互相抢牌导致游戏体验较差。

🪢策略深度：
尽管有一定的策略深度，玩家需要根据每场游戏获得的不同效果，制定相对应的运营思路，以及想要达成的最终阵容。
但是因为较强的随机性，经常会出现制定好的运营策略，因为长期刷不到想要的牌、拿不到想要的装备而功亏一篑。
如果对于游戏有着非常深刻的理解，自然是可以享受到每局游戏思考带来的快乐。
但是对于大多数偏休闲向的玩家来说，就是一个很不好的游戏体验了。

🎮可玩性：
最近的版本感受，策划更加注重运营上分，导致buff强度不足或者通用性较强，比如增加吸血技能可以暴击等，几乎所有的阵容都可以运用并获得一定的增益，并且很难给阵容带来质变。
因此就需要玩家花更多的心思在运营上，尽快确定当局的游戏思路，并按照特定的运营手法持续经营。
尽管这样会带来一定的竞技性，对排位来说可以更好的反映玩家的实力，但也会带来趣味性不足。
比如当你被其他玩家卡牌的时候，很容易出现暴躁情绪。
尤其这种情况可能仅仅因为运气不好。
通常情况下，我的上分体验就是在网上搜索当期强势的阵容，然后按照对应的运营手法升级或提升经济，对于即将拿到的buff和装备没有什么期待。
也就是趣味性不足。
类似福星的玩法当然可以带来趣味性，但趣味性并不应该只是福星。

🔖运营服务：
氪金内容以棋盘和小小英雄为主，并不影响游戏公平性。
大部分的皮肤和装饰类道具通过抽奖获得，商城直售的较少。
也有通过收集徽章等方式获得的装扮，但是机制比较复杂。

✍🏻建议：
增加娱乐模式。过于重视运营容易导致趣味性不足，除了排位赛需要反映玩家的实力，因此要增加运营要素，其他的游戏内容应该尽可能的让玩家爽。
降低高羁绊或者追三星五费角色的难度。不知道当前版本有多少人可以体验到九赏金的强度。因为强度比较高，所以应该尽可能的延后获得高羁绊或三星五费的时间，而不是通过卡羁绊让大家根本看不到希望。
",2024-07-02 18:41,36,35,拾卷,玩过,,41173010
金铲铲之战,5,"‘乾坤未定你我皆是黑马，如果乾坤已定那就扭转乾坤。’这是我第一次玩这款游戏时给我带来的感受，有过逆风翻盘胜利的快感，也有因为一时冲动抽完金币导致经济崩盘惨败的无助，我小时候就特别喜欢策略游戏，运筹帷幄之中，决胜千里之外的感觉是其他类型游戏比拟不了的，自走棋类游戏我玩过很多，虽然《金铲铲之战》（简称铲子）不是我玩的第一款自走棋游戏，可我还是认为它是我最爱玩的自走棋游戏!
★铲子里面没有什么音乐，反而音效和英雄台词才是最多的。先说说音效表现:1.每一张棋盘都有不一样的音效体验，有在天空中刮风的声音，有在雪地上雪人摇铃铛的声音，也有在过节时张灯结彩放鞭炮的声音，这些棋盘都有各种的元素不会闲得无聊；2.每一个不同的攻击特效也会有不同的音效，有炸弹爆炸的声音，有利剑飞驰而过的声音，也有英雄专属的攻击特效，像是小小ez会使用大招攻击。而英雄台词，采用的也是《英雄联盟》里英雄对应的台词，我想没有中二病少年会拒绝跟着自己最爱的英雄喊上一句台词吧👉👈（努努和威朗普，助人为乐!）。
★画质算是比较好的了，可以在设置中自行调节，其实也就是调节英雄技能特效以及羁绊特效而已。而画风可以根据玩家自身爱好来选择棋盘体验，喜欢简约的可以选择经典的普通地图，只有简单的一片草地和几棵树，喜欢黑暗一点的可以选择‘金克斯的房间’，喜欢雪以及圣诞节这种元素的可以选择‘魄罗的滑雪场’，还有许多风格各异的棋盘供棋手们选择，免费好看的棋盘还是挺多的。缺点的话就是有点偏贵了吧，毕竟是鹅厂游戏嘛，但是有时候这些限定棋盘可以通过晶能石兑换，也是可以白嫖获得的。
★这款游戏的核心玩法就是运营一盘自走棋游戏，使用合适的阵容以及装备，战胜除了你以外的七名棋手。游戏基本分为排位赛、狂暴模式（快速体验）、双人模式（可以和朋友一起玩，也可以匹配队友）、冒险模式（副本关卡）这四种模式，而自走棋是一款集运气、运营、理解、策略为一体的“电子围棋”。运气:来牌顺利，没有同行（和你玩一样阵容的棋手），没有克制你的阵容；运营:来牌不顺利怎么过渡，核心牌没有来前装备可以给谁打工（等核心牌来了就会卖掉将装备给核心牌），什么时候该升级提质量；理解:版本更新要玩什么加强阵容，装备该给什么英雄合适；策略:同行失败离场了是否抽卡？对手质量比我高，可以利用英雄机制，以及站位和辅助装备（灵风、卑鄙之衣）优先击杀他的核心牌成功翻盘吗？缺点:新手入坑短时间需要了解比较多的知识，不容易上手，例如:1.装备不知道由什么小件合成；2.羁绊上的英雄认不出来，凑不出羁绊没有质量；3.没有运营节奏，一有金币就一通抽抽抽，导致升不到7-9级，抽不出五费、十费卡，导致上场人数比对面少，质量也不行，谁都打不过的尴尬场面；4.匹配到炸鱼局（高段位玩家打低段位局），容易给炸鱼玩家打的心态爆炸，没有细玩草草退游。
★建议:虽然这是鹅厂的游戏，还是希望吃相稍微好一点，多看看玩家们的建议以及看法，不要光顾着出新棋盘，新英雄，你要是游戏做得好，有条件的玩家怎么会拒绝用好看的英雄，好看的棋盘来玩一把体验良好的自走棋呢？还是希望适当优化下匹配机制，多出点详细的官方攻略，能一直有‘新鲜血液’（新玩家）加入的游戏的游戏才能走的远，要是哪天想玩一把，发现连匹配八个人都得匹配半天，那这游戏没有任何意思了。值得表扬的是铲子会根据端游《云顶之弈》的英雄数值进行适当调整，保证游戏平衡，有对比才能发现问题，然后解决问题，希望能继续坚持。
★总结:铲子我也是公测开服玩家了，到现在将近550个小时，算是比较符合我的要求以及水准了，虽然说他有许多的氪点，但都只是在局内装饰上而已，并不会影响游戏对局，算是公平比赛了，希望可以创新多点玩法，像冒险模式这种可以碎片时间下简单娱乐一下的就很不错。重点还是得多吸引新玩家入坑，不然最后迎来还是停服这种令大多数玩家伤心，也是最不愿看见的局面。",2022-08-17 03:04,27,23,抱住我的红米k40游增,玩过,427.9,32832530
金铲铲之战,2,设计师我热烈的马这拉克丝是什么能D出来自己要用的羁绊的吗我10级90块钱没D出来,2026-09-09 16:37,3,0,星魂,玩过,,50363984
金铲铲之战,5,"金铲铲之战，云顶之弈授权的自走棋游戏。
——生不逢时，一切靠实力
讲道理我觉得这款金铲铲之战真的可以算得上是姗姗来迟，在英雄联盟火爆全球的时候，他没有第一时间在手游抢占市场，而是等很多自走棋游戏都已经上来了之后才开始着步打算，换成五年前如果他出来的话那必定是垄断自走棋游戏，因为英雄联盟的影响力和玩家基数，所有想要玩自走棋的都会来这里，但是现在的市场已经饱和了，可以说是不缺这些游戏了，一直是处于一个稳固的状态，我觉得想要以一己之力再去撼动一波市场真的是一个非常危险的举动。
所以我一开始是不觉得他能够杀出重围的，一方面自走棋的机制摆在那边，就算你做的再好根本也是一样的，这就会有很多优质自走棋能做的和你差不多，再者，很多玩家因为等待时间过于长已经去了别的自走棋游戏，用户已经被分流了一部分，而且在之前的自走棋游戏里面消磨了那么长时间，已经积累起来了一定的资源，这些资源对于那些不算是特别死忠的玩家来说是难以割舍的，所以他们理所应当地就留在了原来的游戏中，追究到底其实还是舍不得。只有另一部分玩家才会忍痛割爱来玩这款，既然如此，游戏的质量自然也就至关重要，由于生不逢时，那就只能靠自己的实力说话。
不过说到底玩家还是由英雄联盟衍生出来的一个独立游戏，首先它是有一个打底热度的，而且因为英雄联盟玩家基数实在过于庞大，这样一来衍生内容也会因此在游戏初期收货大量的用户，这部分用户基本就是追着还原这一点来玩的，可以说基础热度是不差的，不过能不能更上一层楼其实就需要看后续的口碑如何了。如果说游戏内容做的好，那么这一部分来试试水的玩家就能逐渐转变为死忠粉，介于玩家的口口相传，金铲铲自然也就能在业内站稳脚跟，也就是说，说到底还是游戏自身最重要，其他因素虽然能导致一定的结果，但是却无法掩盖游戏自身的光芒或者缺漏。
——游戏的内容和玩家自身体验
说回游戏本身，金铲铲可以算作是从英雄联盟里面独立出来的一个玩法，也就是除了MOBA玩法之外的另一部分，这一部分被拎出来独立地做出来了一个游戏，主要内容就是围绕自走棋展开，羁绊，阵容，卡牌，等等这些在端游中具备的设定都被一比一的复刻到了这个游戏中，让我感到比较惊喜的是游戏有针对新老玩家两个不同层次的用户对于玩法上的专门设置，里面的双排位玩法，一种是英雄联盟S1老玩家的故事，直接被复刻到这里作为一个怀旧的玩法出现，顿时吸粉无数，而且也让老玩家增添了一份对以往的回忆，可以说打了一手好的感情牌的同时又能增添游戏热度。
另一个玩法就是根据什么都不懂的新手设计的普通玩法，可以说两者都有各自的受众群体，玩家在里面就不必局限于一种自己不喜欢的玩法，可以根据自己的爱好进行自我选择。战斗方式还是一如既往的联机，和大多数自走棋都是相同的，不过里面的细节设定添加的非常多，一些微操在里面都能体现出来，比如里面战斗结束之后玩家可以操控自己的小人去吃一些随机刷出来的装备或者人物，这一点在我们卖掉人物的时候也会出现，我觉得这也是这款游戏的微操区别于其他自走棋的地方，同时这一点设计也在系统自主操作的自走棋局内中为没有什么操作的玩家增添了一份战后主动感，而不是作为一个旁观者出现在局内。
另外，游戏难度我觉得还是比较适中的，可以说有两大因素在里面进行一个中和。第一个因素就是它的初始难度，并不像市面上的一些游戏，开局新手先给你匹配一些比较弱的对手，让玩家轻松取胜，这就有了第一步的成就感，也成功抓住了玩家的味蕾，让玩家一步步深入，如果开局就给玩家当头一棒的话，很可能后面玩家受到打击就准备退游了。但是游戏恰恰就是采取了这种方式，我还算是对自走棋有一定了解的玩家，进去后仍然是直接被锤，我开的第一把里面就有三四个会玩的互相锤，我相比较于他们来说就只能算是一个小萌新，最后自然是沦为牺牲品，不过总体来说联机体验还是非常不错的。
从这一点来看你可能会觉得游戏的操作是比较难的，但是为什么我说他适中呢？因为里面并没有类似于端游一样需要自主性操作的内容很多，以至于让玩家陷入一个目不暇接的境地，整个就不知道下一步该干什么。针对这个点，手游是做了很多简化操作的，把那些比较复杂的操作都变为了自动化，把他从一个动手性极强的手游硬生生改造为一个较为佛系的休闲自走棋，里面的金币自动拾取等操作都是系统直接完成，这就大大降低了游戏在操作上的繁杂程度，让一切流程变得一目了然，不过即便如此也没有影响到游戏的主动性极强，因为微操已经深入游戏了。综合这两点来看的话你只能说这是一款难度适中的自走棋游戏，考虑到手游的性质，我觉得这一点做的也是非常正确的。
一些新玩家刚上手，这款游戏的时候可能会觉得有些懵，因为里面的人物都不知道叫什么名字，关键名字还都特别复杂，连个图标都记不清楚，更别提合理的羁绊搭配了，所以我觉得游戏在介绍方面也是需要下点功夫的，至少也要让刚进入的新手玩家有一个良好的游戏体验，让他们了解那些羁绊，装备，人物的特性，目前这些属性的查看只能在局内的战斗看，但是由于战斗是快节奏的，导致留给玩家去细细揣摩的时间并没有多少，打完一轮卡牌池自然就刷新了，这个时候玩家还没有明白上一个英雄的属性就被迫看到下一个，这样循环往复玩家根本不知道该玩哪个英雄，哪个阵容。我觉得可以做一个系统的介绍，把这些内容都收录进去，这样玩家看起来也比较方便，也方便新手快速上手。不过比较人道的点就是局外战斗是有一个阵容推荐的，如果新手不懂的话，就可以按照阵容推荐来买英雄，况且除此之外还有一个自主设定布局的操作，玩家可以先经过一番演算，这里留给玩家进行深思熟虑的时间就比较长了，玩家可以好好思考战胜对方的阵容，不需要非要在局内临时抱佛脚。
——游戏画面和人物设计
画面倒是没有让我感觉太惊讶，流畅的打斗特效和不拖泥带水的技能释放让人直接代入到刺激的打斗当中，这也是英雄联盟自走棋的特点。让我比较喜欢的设定是里面多了一个放大查看的细节和他的UI设计，以往的游戏人物是无法被放大查看的，但是这里面只需要缩张手指就可以做到这一点，这样也能让玩家对于人物的形象更加深刻，UI并没有繁杂的推在一起，而且比较好的一点就在于它里面的装备什么的按键都是滑动加成，这样也就感觉比较丝滑。如果是刚上手自走棋一类游戏的玩家对于这样的偏黑暗色调的角色设计可能不会感觉到什么，不过如果你是某荣耀过来的，可能就需要一段时间适应，一开始看着还是很不习惯的。游戏的画面相对来说更加偏向于欧美审美，而且一些人物形象的设计也都是根据这一点来设计的，比如四脚带翅膀的魔龙等，所以可以说依照国人审美的人物是极其稀少的，如果是图审美来玩的话我估计都得劝退，但是核心不在这，而且英雄联盟是推向全世界的游戏，如果你换成世界角度就不难理解了，而且这样暗黑风格的画面确实是越看越上头，也比较趋近于现实。
场景布置方面，游戏并没有采取单一的布置，而且这方面也有融合一些中国风元素，比如一些建筑的样貌，类似于夫子庙一样建筑的地图。虽然是云顶之弈，但是“云顶”这一点我觉得也是开发的比较多样化了，况且融入国风这一点是我们都比较喜欢的一点，把中国文化传播到更远的地方，我觉得这从立意上来看就很不错了昂！况且多样的画面确实能极大程度地缓和玩家的审美疲劳，耳目一新的感觉又添加了呢！
值得一提的是游戏的图标设计，标准的鹅厂小企鹅，QQ弹弹的可爱至极，这样的人物形象顿时就和后面黑暗画风和人物显得有些格格不入，在游戏中小企鹅主要是作为一个类似于军师的人物出现，操控它的也就是玩家自己，与其他游戏不同的是，在战斗的过程中小企鹅是可以自主在场上兜圈的，甚至可以说是到战斗中心去逛逛，这也进一步弥补了玩家在自走棋中的空虚感，让满足变为主体，这其实也算是一种微操。
——游戏的卡牌机制以及一些打法注意点
很多人说这其实是一款靠运气的游戏，如果没有运气什么都不是，如果运气好直接就第一。这个说法确实有一定的依据，因为很多情况下确实会出现你还差一个牌就能二星或者三星，但是卡组刚才还经常刷出，下一秒就直接不刷了，让玩家苦苦等待一局也没能升个星，也有打把的玩家因为这个运势而输掉游戏，不过这样说也稍微有些偏颇了，因为游戏并不只是为那些欧皇建造的，它还要去照顾大多数普通玩家的体验，所以它是不可能去把欧皇放在第一位的。
运气确实非常重要，但是运气和操作搭配更加重要，这也是游戏用来维持平衡的点，就算你的运气很差，就算对面的卡牌很好，但是你仍然能够通过各种手段来夺得一席之地，于是乎，游戏往局内植入了大量的反欧皇的操作设定，比如资源分配，整体的运营等等，这些都是普通玩家可以用来对抗欧皇的武器。合理的资源分配加上合适的阵容搭配就能让一个比较弱的阵容瞬间崛起，甚至可以达到打败欧皇的程度，不过这就需要玩家去经过精确的计算了。根据这一点就能开发出很多内容，比如关于阵容人物的分配，几个C位几个坦克以及他们要占的地方，装备加成到底要给到谁，思考的点非常多，当然，这也是自走棋最吸引人的地方，主要的操作还是要留给玩家自己的。（不过水平同等，卡牌确实是关键）
这里有个阵容我觉得比较好，这里就推荐一下。
【多保单C】。这个阵容的强势点就在于保护单C的强度非常高，几个肉挡在前面根本让对面的输出位没法近身，这样一来C位就可以无所忌惮的攻击。不过有一点是这个阵容比较忌讳的，如果对面有单体限制输出的英雄，把C位给控制住了的话就会大事不好，不过遇到这种情况可以做出两种选择，第一是增添一个C位，以多C对抗多消耗，不过这样一来等于一个C位就废掉了，第二种是让几个英雄去牵制对面的单体控制，让她把输出全打在肉上，这样一来C位就没有任何限制了，自然就有一个很宽阔的输出环境。
——游戏周期以及耐玩性
游戏的周期其实还是比较长的，因为商城的内容多，想要把他解锁首先就需要花一段时间，再者，由于里面人物，装备，羁绊等设定比较复杂，首先上手了解就需要花费大量的时间，在一段时间内玩家是不会对核心玩法感到枯燥无聊的，内容多导致了周期较长是它的特性。
但是耐玩性作为自走棋游戏的致命天敌，想要避免衰败就必须做出一些措施来应对他，比如切换地图场景，增加玩家自主技能，对于这样一类的边缘上的养成上的设定进行更进，不过这虽然能够延长一定的耐玩程度，但是也只能作为一个缓兵之计使用，想要留住玩家的胃口仅凭情怀和模式化的玩法是不够的，必要的话官方甚至需要开发一个全新的机制来留住玩家，这便是自走棋游戏需要去做的延长寿命的点。不过就目前来看，距离玩家玩腻金铲铲还有很长一段距离，在这段时间内官方可以先操心操心游戏内容上的东西至于我说的耐玩性的提升就可以留到后期。
总结：金铲铲之战仍然可以算是一个制作精良的自走棋游戏，无论是本身卡牌机制，还是还原程度，又或者是至关重要的联机体验，事实证明他本身的质量仍然能够使他杀出重围，即使是把他放在市面上如此之多的优秀自走棋游戏中仍然能够散发出他的光芒，在加上英雄联盟的光环和热度，哎，完美啊！",2021-09-02 18:26,2,4,Baby,玩过,,26680438
金铲铲之战,4,"一把一节课，五把回宿舍
《金铲铲之战》一款非常让人着迷的自走棋游戏，在打发时间上也是一款利器，从我这接近200小时的游戏时间非常能提现
画风——
金铲铲的画风精细且风格多变，每个赛季都有不同的画风对应不同的赛季主题，有卡通风格类似双城之战赛季的小法，还有强音对决赛季的酷酷的电音风格，还有上个赛季的神话风格，内容多变不易让人感到视觉疲劳
⭐⭐⭐⭐⭐
IP——
众所周知金铲铲是移动端的云顶之弈，同样也背靠着英雄联盟这个大IP，而且金铲铲的棋子都是英雄联盟中的英雄，依靠熟悉感可以让玩家快速认识棋子，也能够认清楚每个角色的位置，是前排还是输出
⭐⭐⭐⭐⭐
玩法——
优点:主打策略性，游戏就正常自走棋的玩法，但又在自走棋的设定下加入了创新
普通自走棋玩法——普通自走棋游戏开局时，玩家可以使用金币来招募棋子，玩家也可以将棋子卖出，获得等量的金币，通过拿金币升级上更多更强力的棋子，每个棋子之间还有羁绊，凑羁绊能对棋子进行加成，和玩家之间进行对战胜利不变，失败扣血，直至角逐出第一名
金铲铲之战创新——金铲铲在普通自走棋的设定下对玩法进行创新，例如每局开始前的选城邦环节可以选择一个对全部玩家都生效的一个效果，还有每局游戏中的只对选择玩家生效的海克斯，都是金铲铲的创新，而且除了这些固定的金铲铲在每个赛季还进行了新的设计比如本赛季的法杖，上个赛季的奇遇，还有英雄之力等等，还对游戏的主要玩法进行了扩大，比如双人模式，狂暴模式，，还有每个赛季非常期待的恭喜发财
缺点——
金铲铲每个赛季的评价差异很大，就是因为设计师平衡不好游戏的竞技性与娱乐性的那个度，有的人就是用着用着游戏打发时间来开心的，就想玩些类似赏金的模式，而有的玩家就想冲天梯而如何平衡好这两者就非常困难，我觉得本赛季就非常的糟糕首先是类赏金羁绊做成了海克斯，每局还得刷到才能玩，好多人玩这个游戏就是想爽三星五费，每种五费卡的数量你还设计成9张，更何况这个赛季五费卡的强度还不高，平横做的也不行一个个两星三星阵容轻松打爆你精心运营的阵容，就本赛季而言就啥也不是
⭐⭐
社交——
社交方面tx一直都不差，金铲铲也更是那种越多朋友一起玩越开心的游戏，就社交性而言非常不错
⭐⭐⭐⭐⭐
氪金——
氪金方面游戏算tx一款稍微良心点的，游戏氪金方面在外观，氪不氪金对游戏基本上毫无影响，也不影响对局
⭐⭐⭐⭐
总结——
金铲铲算是一款又爱又恨的游戏，虽然游戏感觉这几个版本在走下坡路，但你还对他非常的着迷，你既能感受到步步为营后取的胜利的自豪感，也能感到惊心动魄赌狗堵出三星五费无人能敌的快感，很多人没上手之前都说一个下棋游戏有什么好玩的，但当自己上手后就有会感到上瘾，然后开始一把一节课，五把回宿舍的生活，总之游戏在走下坡路但是还是一款好游戏",2024-08-08 21:14,137,53,unllcy,玩过,285.9,41931983
金铲铲之战,4,"【这篇评论主要讲什么】
铂金、钻 → 大师上分心得及

【个人背景介绍】
1、 S7段位经历：5天到大师，然后1周大师I-II 之前来回电梯
2、 弱运营能力，重强势阵容实践及局内应对

【阵容介绍】
使用阵容：格斗瑞兹法师
阵容强度：T0（独家）T1（多家）
备注：这个阵容目前普及率很高了，主要是讲实践及局内应对的实践
核心思路：前排肉的住，后排能启动
瑞兹装备：青龙刀+巨杀+ X
X=应对决赛圈阵容 刺客不用考虑（换站位）
1、 对面控多 水银 - 比方说泥头车 大头等，建议水印（伏击差太多）
2、 对面肉多 巨杀 - 比方说半神传奇 巨杀 / 鬼书（前排带日炎可不用鬼书）
3、 对面同行 魔导士转 – 当然这个啥阵容都可以用
4、 自己坦度不够：科技枪吧，特别是塞拉斯要站的久
前排装备：看对手，法师多就龙牙、各有就板甲，如果有半神就烧甲，如果有强力永恩就反甲，整体还是要看决赛圈的潜在争夺鸡位的对手而定，故先出瑞兹核心青龙刀没毛病；

【整体对局思路】
1、 起手优先星界龙，蝎子、娜美优先 其他就挂件 （有俄洛伊最好）
2、 起手如果没星界龙，整体思路是有2星上2星，4人口前不强求羁绊
↑ 整体思路：由于法师装备问题不大（别告诉我你搞不到青龙刀），所以前期求保血，血多后期留一个冲9转95敖兴的更稳吃鸡阵容的机会
3、 中期凑三法，或者五法，建议三法+肉，更皮实（谁用谁知道）
4、 海克斯就是法系的，法转、卢登（其实后期很海克斯很乏力），法师学会没啥必要，这阵容主要靠肉+瑞兹，其他人3收益太低，还会拉崩经济，2星足矣，甚至1星挂件也不是不行；当然补一嘴，天配海克斯“明智消费”（7人口递卡）
5、 瑞兹2星+核心装备+肉的住就可以追连胜了；冲经济；
6、 瑞兹能3就行同行多不强求，2星打工看是否有追95机会，如果都不行，留苟分吧，争取星界龙俄洛伊+娜美到3，增加肉度，塞拉斯不行就换金鳞龙2星也皮厚；
其实把以上的说的都是大路货关键很多小细节各位要注意
Tips1：大师局最后决赛圈占位比棋盘棋子强度更重要
Tips2：吹风棒能拿就拿，同行对位对面瑞兹起飞你就赢了一大半，或者吹肉
Tips3：过度and后期大成可以用风暴龙过度（核心还是给瑞兹争取启动时间）
Tips4：建议是双肉，不然被对面吹起来一个就很尴尬
Tips5：如果没同行，7人口递卡吧 瑞兹3星还是很猛的
Tips6：如果有同行，瑞兹2星足矣
Tips7：说一万遍，除非是装备特别歪，不然别卖血


写在最后吧：实在是没时间研究全部阵容做到大成，又要上大师，那就是玩前期T1的热门阵容，出同行概率极低，玩玩赌狗效果特别好，比方说堵永恩，本人做电梯是真的后期搞不定了，需要极深的游戏理解+整体阵容的熟悉度，如果只会玩一套阵容后期就贼难受（我遇到过 4家 瑞兹。最后  5678 出局，反而玩个前期热门阵容的老乌鸦吃了鸡）自己强固然重要，但是是对弈游戏比别人强（泛指相对强，阵容克制也算）
就这样子吧，写了浅了点，但Tips各位看官可以多看看，整体这套瑞兹阵容还是挺强的，但是个人理解吃鸡概率高的还是后期转95敖兴。",2022-08-05 16:00,61,15,橙子泡芙,玩过,0.6,32563413
金铲铲之战,5,"“你在玩什么？”“我玩个铲铲！”或许听上去有些滑稽，但确实有个很好玩的“铲铲”，那就是优秀的自走棋手游——《金铲铲之战》。现在，就让我来简单点评下这个游戏吧。
1.	极其丰富的玩法内容，较高的新手上手难度
一款平衡且优秀的自走棋往往需要复杂的机制作为底层基础，以此延伸出更加丰富的内容，《金铲铲之战》也不例外，以角色升星，英雄羁绊，装备合成以及主角色升级为四大板块，该游戏营造出了让我眼花缭乱的自走棋阵容搭配和打法，虽然角色沿用了英雄联盟，但却展现出了不一样的风采，我所喜爱的金克斯，与卢锡安一同化身为我在比赛中用的最顺手的强力弈子。尽管我的排位赛战绩似乎总是有些遗憾（经常第七第八），但并不影响我对该游戏的努力钻研与游玩的兴趣。
但复杂的机制往往也意味着较高的上手难度，尤其是对于第一次接触自走棋的玩家来说，游戏中过于短暂的中场休息时间让萌新完全没有时间去理解和研读角色特点，往往只能想到商店买角色升星这一途径提高实力，在这一点上，我认为游戏还是需要改进的。
2.	平民与土豪同乐，社交环境嘲讽仍存
在游戏本身的机制（即自走棋）以及运营的努力下，该游戏确实是做到了花钱与游戏性无关；无论你身着多么华贵的皮肤，在游戏玩法中也不会占到什么便宜，只是让你看上去更加的养眼，这样的公平性值得我们点赞。
但在游戏中，仍然存在嘲讽现象，或许这就是对抗游戏必不可少的一部分，但我个人（而且绝不止我一个人）依然不是很喜欢，当他人取得优势时就肆无忌惮的嘲讽，被嘲讽的没有游戏体验，嘲讽的也只能图一时之快，这实在不是什么明智的做法，当然，游戏无法轻易改变那些喜欢嘲讽的人的性格，但却可以稍微做出限制，例如关闭自由发言，只留下几句快捷发言或表情，快捷发言可以包括一些不具严重伤害性的“嘲讽”，减少言辞激烈造成的问题。
3.	未来玩法的期待与手游特殊玩法的点评
       事实上我有一个不怎么成熟的想法，那就是加入一种类似塔防的玩法，给你限定的英雄，每抵挡一波敌人就会获得更多的英雄与装备，有些类似于当前的“暮光之战”，但是波次更多，玩法更丰富，还可以加入一些更加离谱的敌人和特殊能力，体验混乱带来的快乐。
    手游的“双人模式”和“暮光之战”我都有体验，但还是更想说“暮光之战”，这是一个完美适配萌新的模式，没有紧张的过场时间，无限重来的机会，可以慢慢研读角色，甚至可以多次体验不同装备和摆放位置带来的区别，当我赢得胜利还可以得到较为丰厚 的游戏货币，实在是帮助我上手的完美模式。
4.	一点小建议和结语
对于刚刚上手又不想玩暮光之战熟悉游戏的人来说，打匹配是最好的选择，如果不知道该组合什么阵容，可以查看官方推荐，也可以有什么用什么，抓住前期最多的羁绊努力培养；除此以外，还需要注意各类前排后排的搭配，无论什么情况都最好搭载一个刺客，方便切入敌后。
最后就是希望这个游戏继续加油，这样一直保持下去，一定会继续大火的！",2022-05-23 21:36,72,60,zero,玩过,2.2,31202454
金铲铲之战,3,"《金铲铲之战》
为使您流畅看下本文需要注意以下几点：
❶游戏简介《金铲铲之战》是MOBA竞技网游《英雄联盟》中云顶之弈模式正版授权的自动战斗品类手游。
❷ 总体玩法简介：玩家将会在游戏中布置自己的“棋盘”，提升战力、提升奕子等级、存钱、给奕子上装备等途径成功拿下第一名。
❸ 本文中会提到游戏的机制，而下文是针对与没玩过本款游戏的玩家准备的简单介绍：
1.普通奕子：可以理解成MOBA游戏中的“英雄”，伴同玩家一起战斗。
2：棋盘：虽说奕子跟MOBA中的“英雄”一样，但不一样的是操作方式，MOBA的“英雄”一般是用左下角的移动按键移动，而本游戏的奕子是布置在棋盘上，玩家不能操作奕子只能调整奕子在棋盘中的位置，而棋盘就是奕子门都战场。
3.小小英雄：相当于自己创建的游戏角色，可以像其它游戏一样给它上皮肤。
4.三星奕子：比上文中“普通奕子”强出数几倍
（介绍或许让你懵懂，想了解更多可以自行百度）

本文围绕大众关心的问题开篇：
① 它跟其它自走棋题材游戏比到底好不好上手？
② 游戏“棋盘”在玩家的视角中是否会产生“疲惫”？
③ 该游戏的氪金程度如何？
④ 打击感能支撑我玩下去吗？
（ps：除了以上还会有别的方面的观点）

上手难度
有萌新在想：“本游戏是英雄联盟旗下的改编游戏，没玩过英雄联盟会不会影响我入坑” 答案是不会。此种情况只影响自己认识奕子的速度不影响其它玩法。但游戏前期的新手入门攻略很难使玩家们上手，萌新教程上没教全面，教的是怎么在棋盘上下棋、怎么购买奕子、怎么给奕子上装备、怎么给自己上等级、怎么获得金币，而没教 运营思路、怎么提升奕子的质量，怎么让奕子成“三星”，众多玩家就是冲“三星”去玩这个游戏，但它教都没教，甚至使玩家根本不知道提升奕子质量。总体来说，在上手难度上不查游戏本事已有外的攻略，很难入手。

棋盘在玩家视角
当大家听到“下棋”除了头疼下棋思路外就是头疼棋盘花里胡哨了，大家往往喜欢的是又小又容得下“棋子”的棋盘。本款游戏也一样，棋盘要建的小，又要容得下奕子，那么本游戏有没有做到这一点？有人的观点是已经很棒、也有人说很差，让我在两个观点中认同一个观点那么我想说“偏面”一词。
的确，它做到了棋盘面积小又容得下奕子这一点很加分；但是它没想到或想到了但没做到等奕子数量多了该怎么办，如果没想到这一点对对局的影响有：1.导致玩家们看不清哪个奕子在打伤害，2.奕子的血量如何 3.以及比如输了以后找不出输的原因及自己的问题，4.找不出对面主力奕子是谁等问题，但好在很少出现“奕子多”的情况，因此外针对“奕子少与多”打出“偏面”的观点。

氪金程度
“氪金”也就是玩家一提到就头疼的一方面，之所以会使玩家们头疼就是因为它氪金力度大所引起的头疼。腾讯，首先我没针对于某个厂商而做出下文，而是合理对厂商评测做出下文：腾讯它的游戏玩法基本上做到都很好，而它对玩家的钱是极度的贪，贪到不好好做游戏。
本游戏我总结评价出来的氪金程度：
它可以围绕“小小英雄”做出几百个皮肤、可以围绕“棋盘”做出几百个棋盘的皮肤、又可以围绕游戏中无用的道具赚玩家的钱，“皮肤建模”多是一回事，价格则是重点，它可以把一个皮肤卖到几百甚至几千，不看它对玩家有用还是没用，就一字“贵”。

打击感
本游戏的打击感不是开局就有的，而是后期奕子得到提升、奕子获得装备及伤害才有的手感。等你后期奕子提升至三星伤害得道提高，再配上三星秒杀敌方时的音效，会大大提升你的手感，这也是支撑玩家玩下去的关键，让玩家玩一局后还想着开第二局。

音乐
有人会说了，这个游戏你还能扯上音乐，这不是我扯，这个游戏还真有一个独特的“音乐”。跟别的自走棋不一样的是，不同羁绊或不同的奕子触发的音乐不同，比如一位叫“烬”的奕子，它的外表拿着提琴，这提琴不是摆设，还真会由它弹，它可以给你拉一晚上《孤勇者》（bushi），而不同奕子及不同羁绊所触发的音乐不同，从而使玩家们在游戏中听音乐、在音乐中玩游戏，也算是一个优点了。

画质
游戏的画质无论对于低配玩家（当然也不能太低吧）还是高配玩家都很和谐，都能流畅的运行下去，游戏解放了低配玩家，消除了玩家“担心画质”的问题。

建议
游戏氪金程度高、游戏赛季更新后难玩等问题还是有的，而针对于这些问题官方需要做到是降低氪金程度毕竟没有玩家喜欢这个（你要是个富婆少爷就当我没说） 。优化赛季玩法不要老是改奕子，新手好不容易开始认识奕子结果游戏一下子就把奕子改了，这对新手还是老玩家都是一个痛点。除了缺点需要提升外，优点也需要做的更好。

总结：你不看它的氪金，看运营游戏的过程、看打击感、看玩法的丰富，足以支撑你去玩本款游戏。",2024-01-19 19:09,71,35,新游爆,玩过,92.2,39180692
金铲铲之战,3,"估计没多少人事先能料想到，在2021年，一款自走棋新作还能冲到国内手游畅销榜TOP3的位置，直追《王者荣耀》与《和平精英》。

即使是以“腾讯游戏”的标准而言，这个成绩也是非常了不起的，考虑到腾讯代理的《多多自走棋》与腾讯嫡系自研的《战歌竞技场》，甚至从来没能借势腾讯的流量优势触达市场头部。


腾讯《战歌竞技场》的官方微博，上一次更新停留在去年12月，西山居《剑网3指尖对弈》的官方微博，上一次更新是今年5月，只有游戏科学的《赤潮自走棋》与作为“震源地”的龙渊《多多自走棋》，还在稍微认真地维护自家产品在社交平台的声量。

这就是曾经火爆一时的自走棋品类在移动端仅存的几款头部竞品了。“刀塔游廊自走棋”创始后全中国上百个赶工上马的自走棋项目，十中九八死得渣都不剩，空耗了所谓“中国游戏人”投入的无数资源与精力。

今天不会还有任何一家中国游戏厂商会说我要尝试研发自走棋新品，西山居的《剑网3指尖对弈》就是传统大厂的最后一搏。


在这万籁俱寂之中，突然有一个声称得到《英雄联盟》/《云顶之弈》正版授权的《金铲铲之战》，作为自走棋游戏，流量与收入都冲爆了，特别让人有一种不可思议的感觉。

因此你就会看到有人在问，“这个《金铲铲之战》到底有多香？”“《金铲铲之战》是否重新定义了自走棋品类的天花板？”


首先“金铲铲之战”作为一种命名，就让游戏批评十分疑惑，多少会让人联想到莉莉丝游戏的“小冰冰传奇”，一款在设定与美术方面未得到暴雪授权，擅自使用《魔兽世界》IP内容，最终对峙于法庭，不得不缴纳罚金与暴雪庭外和解并更改姓名的产品。

按理说Riot Games今天早已是腾讯旗下子公司了，腾讯想要把《英雄联盟》/《云顶之弈》的IP资源拿过来做一个“云顶之弈手游中国特供版”，好像不应该有什么授权上的问题。但是你发现，尽管所有人都知道《金铲铲之战》游戏里的核心玩法就是《云顶之弈》的S1赛季（英雄裂隙）与S5.5赛季（英雄之黎明），但它就是必须绕开“云顶之弈”这个命名，只能说是《云顶之弈》的正版授权，里面似乎一定有什么不便言明的故事。

然后你发现某些《云顶之弈》棋子的名字和形象在《金铲铲之战》的内测中可能还被多次更迭，这里的故事可能就更多了。


尽管《金铲铲之战》的出身与包装如此令人迷惑，乃至在Taptap上可能有玩家会怒斥，腾讯是否是做了一个《云顶之弈》盗版，但在游戏批评看来，它大概率确实是在《云顶之弈》官方手游的某个早期版本基础上改进而来。


《金铲铲之战》显然继承了《云顶之弈》官方手游最致命的特征，新手引导不佳，阵容与棋子推荐功能不完善，需要玩家在局外自己去“微社区”选取推荐阵容，局内重复棋子高亮提示不明显，棋子与装备图鉴被放在“学院”底下一个三级菜单里，入口孤零零摆在右上角连文字提示也没有，好像是很不愿意让玩家找到。


然而同时《金铲铲之战》又在《云顶之弈》的基础上加进了某些Riot在端游都没提供的酷炫功能，全局录像，赛后的详细数据与双方站位复盘，就“竞技”的意义而言，体验是非常专业了。

这是一个完全继承《云顶之弈》端游复杂性的产品，28格六角棋盘，50+以上的棋子，20组以上的羁绊，8个基础散件向上合成的装备树，不带一点针对“手游玩家”降低思虑难度与操作复杂性的优化，宝箱金币掉在场上都不会自动帮你捡，单局最大时长平均40分钟左右，每一个回合间隙一定都是手忙脚乱与时间不够用。


原汁原味，没有一点向手游小白妥协的意思，玩不懂是你不对而不是游戏不对，赶紧去腾讯电竞跟《云顶之弈》主播学，每天看两小时直播，你也有机会成为《金铲铲之战》大神。

这么一套轮盘选秀的界面，放在Riot官方做的《云顶之弈》国际版，端手互通操作体验必须同步才能凸显公平，想来所有玩家都能够理解。

但是独立于端游运营的《金铲铲之战》仍然这么搞，好像就有些“为还原而还原”，说不太过去了，任何尝试过《金铲铲之战》的玩家都能体会到手机小屏上拖拽选棋有多别扭。

而且你还只能用肉眼去识别手机屏幕上的棋子与棋子身上携带的装备，不带任何文字提示，实在是非常“硬核游戏”，非常考验眼力。

就是这么“硬核”，这么“不友善”，这么“劝退小白”的《金铲铲之战》，畅销榜第3，直追《王者荣耀》与《和平精英》。

在游戏批评看来这就不是你能用什么“微创新”、“丰富玩法”、“提升观赛体验”之类滥词能够解释的事情，唯一合理的解释，真的存在一个非常庞大的，追求在手机上玩到“原汁原味”《云顶之弈》的老玩家群体，终于遇到了一个不带任何优化和妥协，极具策略与操作要求的《金铲铲之战》，完全激活了2019年老玩家第一次体验到《云顶之弈》端游的记忆，点燃的情怀记忆全都转化成了付费。

装备升级这么复杂的游戏，根本无法想象会有小学生来骚扰你。

仿佛就像是必须在手机上玩到《传奇》1.76经典怀旧版的沙城大哥们，游戏灵魂完全凝固在青春期的某个版本里。

从这里你就能理解，为什么《金铲铲之战》既要做紧跟《云顶之弈》端游的S5.5赛季，同时也要做回归最原始《云顶之弈》体验的S1赛季，那是云顶老赌狗们情怀开始的地方。


《金铲铲之战》重新定义了自走棋品类的天花板吗？

游戏批评认为恐怕没有，即使是腾讯嫡系自研最擅长的视觉与特效表现，《金铲铲之战》也未必能够超越《战歌竞技场》与《战争艺术赤潮》，更别提几乎没做的跨平台优化了。

在移动端，《金铲铲之战》肯定说不上是“最好玩”的自走棋手游，尤其对于新手而言，几乎不可能为品类带来太多有效新增。

但就是这样一个产品，它如今取得的商业成功是前人无可比拟的，对其美好前景可能的质疑，在于《云顶之弈》的端游老玩家究竟能在这个端手数据不互通，操作又颇为逼仄的手游里，坚持多久。

会不会真的有那么多老玩家想在手机上玩一辈子《云顶之弈》1.0？

也许还会出现每天必须要在电脑上打开模拟器游玩《金铲铲之战》的奇行种？

嘴上喊着绝对不在端手充两份钱再氪一遍的老玩家，为什么还是把《金铲铲之战》推到了畅销榜TOP3？

更进一步的，《金铲铲之战》的“爆炸开局”，可能会让许多朋友更加期待预计年内正式上线的的《英雄联盟》手游国服，似乎“完美铺垫”了下一个大奇迹日的发生。

然而游戏批评要提醒这些看客，3月底在全球多数国家上线的Riot《英雄联盟》手游国际版，《League of Legends: Wild Rift》，经过差不多半年的运营，已经证明无论人气还是营收潜力都相当一般，在全世界Appstore畅销榜多数时候都在百名开外，在美国经常进不去TOP200。

那么经过腾讯的社交与付费体系改造的《英雄联盟》手游国服，同样无法与端游数据互通，需要让《英雄联盟》老玩家在手游里重新消费一次的《英雄联盟》手游国服，在势必爆红的15分钟之后，能够创造比曾经泛滥于中国市场的 “高仿LOL手游”们更大的奇迹吗？

中国的《英雄联盟》情怀玩家是不是一种更特殊的玩家？

你真的相信《英雄联盟》手游能够逆袭《王者荣耀》？",2021-08-31 20:25,6,1,游戏批评,玩过,,26640307
金铲铲之战,4,"一般游戏我都很少去评价的，但唯独铲铲是我的真爱。趁着这次S7.5隐秘之海的更新，我就“简单”写写自己的游戏体验吧，主要还是安利大家赌狗运营是怎么吃鸡的，不喜勿喷！

其实这个赛季上分的话，赌狗是一个比较简单容易有效的上分方法。赌狗的阵容有很多，永恩，卡尔马，万豪，纳尔等等这么多赌狗总不能把把碰到同行吧，而且赌狗前期质量很高，前期和中期的时候会让你的对手掉很多很多血的，而作为赌狗，血量则会很健康。我认为赌狗的大致思路都是差不多的，无非就是到该牌概率最高的人口的时候去搜牌，搜到三星就是稳，但是想要玩赌狗需要契机，赌狗牌前期要来的多，而且有些阵容需要转职，没有转职也玩不了。那么我说一说我的思路吧，一费二费其实差不多，我都放在一起说。

我的经验告诉我赌狗要玩的好就要前期来牌好，如果前期打了好几盘连一只都没看见那就别玩了，刚进游戏的时候，要想好自己要玩什么，因为刚进去选秀是由很大几率抢到自己心仪装备的时候这里讲个小妙招如何提高自己抢到装备的概率。首先把小小英雄移动换成轮盘，在心仪装备的前面一直往里跑（建议多出半个身位），这样只要网不卡就没人抢得过你。

说完前期如何抢装备和抢装备的小tips，那么接下来就要用阵容说了，我举例两个阵容可以放在一起，8怒翼腕豪和迅捷永恩。
①8怒翼腕豪阵容组成：腕豪，霞，塞纳，龙女，亚索，洛，人马。8人口成型，腕豪装备就是羊刀水银＋巨杀。海克斯可以选跟怒翼龙有关的或者恢复的和攻击的比如说狩猎律动，勃然大怒等等。
②迅捷永恩阵容组成：永恩，布隆，老鼠，霞，奥拉夫，韦鲁斯，贾科斯，日女。永恩装备就是迅捷转羊刀+巨杀。海克斯可以是与迅捷射手有关的或者恢复和攻击类海克斯比如说强攻，羽量级选手，狩猎律动等等。

在我们第一次选秀拿到装备后，要看看前期那几个小兵能给你啥，如果来的装备不好或者全是金币，那就要考虑是不是要连败前去拿装备，如果是一费比如说腕豪前期不要升级，等还差两个经验5级的时候大搜一波，然后如果搜到了很多牌，那就在5级存钱用利息嫖，当然也要时刻注意有没有别人卡牌或者同行，这种情况要提前搜不能等利息了。如果是二费卡的赌狗比如说永恩，那我的建议是先升级比如说在2-1就上4，在第一波选秀回来上5，这样会提高2费卡概率，大家都知道2费卡概率最高的时候是6人口，所以就要攒50利息让后上6搜牌。其他的话跟一费卡差不多。中期的时候，上够需要的其他牌，尽量全都二星，但是我觉得如果是赌狗的话很有可能会有一个三星的。阵容大成了，大部分牌都2星了就不要抽了，建议是升级，多提高人口上更厉害的人比如说上个亚索巴德索拉卡啥的。大致玩法就是这样，可能跟有些大佬的运营方法有点出入，仅供参考。

最后希望铲铲越来越好吧，毕竟已经经历了这么多个版本了。上分去咯",2022-10-25 20:08,120,42,十月,玩过,1138.7,33875321
金铲铲之战,3,"主人早上出门的时候对看门狗说，晚上回来给你肉吃。
晚上主人回来了，说肉没了，丢给了狗一坨屎，说这个也很好吃，确实，狗也吃的很香。
人和狗不一样，他要会维护自己的利益，他懂得“主人”的行为代表着什么。
但是有的人他但愿做狗，因为他是主人最忠诚的朋友。
我把回复关了，在这争来争去没什么意义，实物为准嘛。
提前说，我会下，我会去玩，但目的在于看这到底是屎还是肉。再做评价。
大家到时候也不需要理那种：你不玩bb啥，你都玩了还bb啥。这种人就和说医院里都是病人是一样的。但是有的人去医院是为了去治病，有的确实就是有病。
——————分割线
体验了一下，比我想象中的好一些。不能说是屎，比现在国内的自走棋都要好一些，毕竟是高仿云顶嘛。
6元特色还在，没什么好说的。加了个抽奖系统，目的很明显。
画质确实比云顶好一些，精修版。
目前配的上4星。非常适合萌新或者懒得创号开加速器的玩（没有讽刺的意思）
tx馋自走棋这块很久了，从之前的多多自走棋（差点被tx玩死了），到后来的战歌竞技场（24w下载，6点几评分?）
目前只要tx不太作死，照着搬，适当的牟利（自身特色，谁也不是慈善家），应该还是会比较长久的。
就怕狗改不了吃屎，把这又作死了。
在这我为之前的话道歉（一部分），大家且行且看吧，我还是继续去玩国际服了，等着LOL手游出来。到时候就把王者卸了。
这次回复开了，大家想bb就bb吧。
对了，国内云顶版号是不会下不来的，tx明明可以躺着赚钱非要抄也要抄个高仿，不会是费力不讨好，没有更大的利润反正我是不信的。
————
不是你天胡就是他天胡，还不是偶尔。这个问题就让我想到了王者的匹配机制，我觉得玩过云顶的应该都有点数，这三星概率太离谱了。
再补充
从一个角度，1.老师知道你是抄来的90分，老师还会表扬你吗？
2.明明你可以用同样的钱吃到地道的菜，给你上个不地道的你会乐意吗?
虽然现在过审是个问题，那就得靠在座的各位了，以后终究还是我们年轻人的天下，有些东西我们还是能改变的。
之前LOLtx要改男枪id，可能是我恶眼看人吧，我只觉得是在故作可怜，把自己放在弱势群体卖人设而已。
——
我玩王者，玩火影并不是我觉得这游戏有多好，比其他游戏优秀。王者是确实人口基数太大，我朋友又只玩王者，没办法，社交软件呗。
火影是之前闲的打发时间，结果盟里人都还挺好，那就一起玩玩呗。（要是我被踢了肯定会一周内退游，我不会一个你一，人玩这种游戏，没意思）。
说抄，开始抄没事，做这么大了还是只会老本行，还搞打压，日常割韭菜…我说这没有说多愤怒，就是一点点悲哀。
争的时候大家还是保持点理智，一开始说的话有点过激（比喻没太好），争太过了都没好处，说好的tx不会感恩戴德，说差的，让人别玩的，tx和别人都不会鸟你。就把自己想说的说完，就别再过分关注了。
时间会证明一切🙏",2021-08-24 11:05,667,374,铭,玩过,513.7,26459769
金铲铲之战,5,"   作为云顶之弈的手机端移植之作（😜？）。金铲铲之战作为一款手机上的自走棋玩法的PVP游戏必定是成功的，不仅几乎原汁原味的还原的端游的玩法，画风；而且在手机端走出了属于自己的风采。
   充分利用手机的便携性使其能够填充每一天的碎片化时间，等车？来一把；饭后娱乐？来一把；上课？来一把（不是。上了大学的人可能会知道，一节课40分钟刚好就是一局金铲铲的时间，这也在你也计算之中吗？设计师？😈）。
   同时金铲铲之战还有了端游所不具备的社交属性，在没有了云顶之弈只能固定一个地方玩的弊端之后，在移动场景充分发挥了自己的魅力，聚会前后来一把金铲铲又何尝不是一种美好的消遣方式，更能与好兄弟（😎或者异性朋友？）促进一下彼此的感情。
   以及做到这些的同时金铲铲之战仍没有忘记它作为一款PVP手游所应该实现的目标，萌新娱乐玩家有属于自己娱乐阵容（还有模式）来实现专属于自己的快乐，而高水平玩家则会使用其熟练的运营，优秀的阵容理解来稳住自己的血量，直至战到最后取得胜利以此来获得成就和荣誉感，我相信，每一个进入金铲铲的玩家都会找到属于他自己的快乐（被卡牌，发牌员不给面子除外😭）。
   总之，金铲铲之战成功的将娱乐性，竞技性，社交性完美的融合了一体，使每个年龄段的人都能在其中找到自己的快乐，是当之无愧的手游自走棋之王。如果你找不到适合休闲时间玩的游戏（甚至是电子ED），或者想寻觅一些游戏中的奇遇，不妨来金铲铲开上一把，相信你也会找到属于自己的快乐😸。",2024-05-21 08:38,52,31,七日杀不死,玩过,35.9,40596181
金铲铲之战,4,"第一次玩这种类型游戏，入坑游戏是因为我男神，我们第一次说话是因为他请了一天假没有写笔记然后找我要然后不小心把我本子撕烂了一片然后他说加个联系方式吧他赔钱给我然后加了联系方式，大概聊了2周就约会了因为我当时也喜欢他，有一次和他约会吃饭他告诉我他也玩这个游戏，我就下了一个想和他一起玩，他当时也找了几个新手入坑视频发我，我大概玩了差不多2个月，第一次跟他玩就算过了新手教程还是有点不懂，他找我要角色我不知道怎么给，后面新赛季也是现实生活中读高2的时候，我跟他表白被拒绝了他说他想大学在谈现在谈耽误学习，我想了想表白完他拒绝后我就把他拉黑了，因为我们成绩差太多了，我成绩属于倒数的20多名，他属于前10，我们大学根本不可能在一个学校甚至有可能不在一个地区，异地恋我不是很喜欢因为感觉自己能遇到他很幸运，感觉他遇能到一个比我更好看的比我瘦的然后跟我分手
✍🏻建议：
新手教程再详细一点吧可能是因为我玩游戏有点姥爷

🌃画面音乐：
感觉美术角色还是可以的",2026-08-07 22:41,0,1,一条固执的鱼,玩过,,49939413
金铲铲之战,4,"塞内加在不经意间这样说过，勇气通往天堂，怯懦通往地狱。这启发了我， 在这种困难的抉择下，本人思来想去，寝食难安。 既然如何， 一般来说， 俾斯麦在不经意间这样说过，失败是坚忍的最后考验。带着这句话，我们还要更加慎重的审视这个问题： 别林斯基曾经说过，好的书籍是最贵重的珍宝。我希望诸位也能好好地体会这句话。 我们都知道，只要有意义，那么就必须慎重考虑。 每个人都不得不面对这些问题。 在面对这种问题时， 我认为， 我们都知道，只要有意义，那么就必须慎重考虑。 我是***因何而发生?生活中，若我是***出现了，我们就不得不考虑它出现了的事实。 既然如何， 现在，解决我是***的问题，是非常非常重要的。 所以， 一般来说， 布尔沃曾经说过，要掌握书，莫被书掌握；要为生而读，莫为读而生。我希望诸位也能好好地体会这句话。
这种事实对本人来说意义重大，相信对这个世界也是有一定意义的。 问题的关键究竟为何? 了解清楚我是***到底是一种怎么样的存在，是解决一切问题的关键。 我是***，发生了会如何，不发生又会如何。 经过上述讨论希腊曾经说过，最困难的事情就是认识自己。这不禁令我深思。 我认为， 我认为， 吉格·金克拉在不经意间这样说过，如果你能做梦，你就能实现它。这句话语虽然很短，但令我浮想联翩。 维龙曾经说过，要成功不需要什么特别的才能，只要把你能做的小事做得好就行了。这句话语虽然很短，但令我浮想联翩。 我们一般认为，抓住了问题的关键，其他一切则会迎刃而解。 本人也是经过了深思熟虑，在每个日日夜夜思考这个问题。 就我个人来说，我是***对我的意义，不能不说非常重大。 每个人都不得不面对这些问题。 在面对这种问题时， 在这种困难的抉择下，本人思来想去，寝食难安。 那么， 而这些并不是完全重要，更加重要的问题是， 我认为， 这种事实对本人来说意义重大，相信对这个世界也是有一定意义的。 在这种困难的抉择下，本人思来想去，寝食难安。 莎士比亚在不经意间这样说过，那脑袋里的智慧，就像打火石里的火花一样，不去打它是不肯出来的。这不禁令我深思。 我是***，到底应该如何实现。 了解清楚我是***到底是一种怎么样的存在，是解决一切问题的关键。 要想清楚，我是***，到底是一种怎么样的存在。 这种事实对本人来说意义重大，相信对这个世界也是有一定意义的。 而这些并不是完全重要，更加重要的问题是， 我是***，发生了会如何，不发生又会如何。 我们都知道，只要有意义，那么就必须慎重考虑。
经过上述讨论我认为， 就我个人来说，我是***对我的意义，不能不说非常重大。 现在，解决我是***的问题，是非常非常重要的。 所以， 这种事实对本人来说意义重大，相信对这个世界也是有一定意义的。 生活中，若我是***出现了，我们就不得不考虑它出现了的事实。 所谓我是***，关键是我是***需要如何写。 现在，解决我是***的问题，是非常非常重要的。 所以， 那么， 那么， 那么， 了解清楚我是***到底是一种怎么样的存在，是解决一切问题的关键。 我们都知道，只要有意义，那么就必须慎重考虑。 而这些并不是完全重要，更加重要的问题是， 一般来说， 卢梭在不经意间这样说过，浪费时间是一桩大罪过。带着这句话，我们还要更加慎重的审视这个问题： 那么， 问题的关键究竟为何? 我是***的发生，到底需要如何做到，不我是***的发生，又会如何产生。 在这种困难的抉择下，本人思来想去，寝食难安。 莎士比亚在不经意间这样说过，意志命运往往背道而驰，决心到最后会全部推倒。这不禁令我深思。 生活中，若我是***出现了，我们就不得不考虑它出现了的事实。 在这种困难的抉择下，本人思来想去，寝食难安。 所谓我是***，关键是我是***需要如何写。 生活中，若我是***出现了，我们就不得不考虑它出现了的事实。 我是***，到底应该如何实现。 总结的来说， 每个人都不得不面对这些问题。 在面对这种问题时， 经过上述讨论我是***，到底应该如何实现。 经过上述讨论这种事实对本人来说意义重大，相信对这个世界也是有一定意义的。 总结的来说， 了解清楚我是***到底是一种怎么样的存在，是解决一切问题的关键。 本人也是经过了深思熟虑，在每个日日夜夜思考这个问题。 就我个人来说，我是***对我的意义，不能不说非常重大。 经过上述讨论在这种困难的抉择下，本人思来想去，寝食难安。 我是***的发生，到底需要如何做到，不我是***的发生，又会如何产生。 那么， 所谓我是***，关键是我是***需要如何写。 带着这些问题，我们来审视一下我是***。 我是***因何而发生?我是***的发生，到底需要如何做到，不我是***的发生，又会如何产生。 我是***因何而发生?我认为， 一般来说， 这种事实对本人来说意义重大，相信对这个世界也是有一定意义的。 生活中，若我是***出现了，我们就不得不考虑它出现了的事实。 那么， 我们都知道，只要有意义，那么就必须慎重考虑。 我认为， 所谓我是***，关键是我是***需要如何写。 孔子在不经意间这样说过，知之者不如好之者，好之者不如乐之者。这句话语虽然很短，但令我浮想联翩。 赫尔普斯曾经说过，有时候读书是一种巧妙地避开思考的方法。带着这句话，我们还要更加慎重的审视这个问题： 别林斯基在不经意间这样说过，好的书籍是最贵重的珍宝。带着这句话，我们还要更加慎重的审视这个问题： 了解清楚我是***到底是一种怎么样的存在，是解决一切问题的关键。 那么， 西班牙在不经意间这样说过，自己的鞋子，自己知道紧在哪里。这启发了我， 我认为， 总结的来说， 莎士比亚在不经意间这样说过，抛弃时间的人，时间也抛弃他。我希望诸位也能好好地体会这句话。 本人也是经过了深思熟虑，在每个日日夜夜思考这个问题。 博曾经说过，一次失败，只是证明我们成功的决心还够坚强。 维我希望诸位也能好好地体会这句话。 所谓我是***，关键是我是***需要如何写。 每个人都不得不面对这些问题。 在面对这种问题时。
卡耐基曾经说过，我们若已接受最坏的，就再没有什么损失。这句话语虽然很短，但令我浮想联翩。 就我个人来说，我是***对我的意义，不能不说非常重大。 我是***，到底应该如何实现。 问题的关键究竟为何? 我是***的发生，到底需要如何做到，不我是***的发生，又会如何产生。 就我个人来说，我是***对我的意义，不能不说非常重大。 而这些并不是完全重要，更加重要的问题是， 我们都知道，只要有意义，那么就必须慎重考虑。 卡莱尔曾经说过，过去一切时代的精华尽在书中。这不禁令我深思。 那么， 我是***的发生，到底需要如何做到，不我是***的发生，又会如何产生。 我们一般认为，抓住了问题的关键，其他一切则会迎刃而解。 本人也是经过了深思熟虑，在每个日日夜夜思考这个问题。 生活中，若我是***出现了，我们就不得不考虑它出现了的事实。 本人也是经过了深思熟虑，在每个日日夜夜思考这个问题。 生活中，若我是***出现了，我们就不得不考虑它出现了的事实。 我们都知道，只要有意义，那么就必须慎重考虑。 塞内加曾经说过，勇气通往天堂，怯懦通往地狱。这不禁令我深思。 问题的关键究竟为何。
我认为， 总结的来说， 现在，解决我是***的问题，是非常非常重要的。 所以， 了解清楚我是***到底是一种怎么样的存在，是解决一切问题的关键。 一般来说， 那么， 罗素·贝克在不经意间这样说过，一个人即使已登上顶峰，也仍要自强不息。这句话语虽然很短，但令我浮想联翩。 了解清楚我是***到底是一种怎么样的存在，是解决一切问题的关键。 经过上述讨论德谟克利特在不经意间这样说过，节制使快乐增加并使享受加强。带着这句话，我们还要更加慎重的审视这个问题。
就我个人来说，我是***对我的意义，不能不说非常重大。 歌德在不经意间这样说过，读一本好书，就如同和一个高尚的人在交谈。这句话语虽然很短，但令我浮想联翩。 带着这些问题，我们来审视一下我是***。 要想清楚，我是***，到底是一种怎么样的存在。 所谓我是***，关键是我是***需要如何写。 既然如此， 带着这些问题，我们来审视一下我是***。 一般来讲，我们都必须务必慎重的考虑考虑。 要想清楚，我是***，到底是一种怎么样的存在。 问题的关键究竟为何? 我们一般认为，抓住了问题的关键，其他一切则会迎刃而解。 在这种困难的抉择下，本人思来想去，寝食难安。 我是***，到底应该如何实现。 所谓我是***，关键是我是***需要如何写。 本人也是经过了深思熟虑，在每个日日夜夜思考这个问题。 那么， 本人也是经过了深思熟虑，在每个日日夜夜思考这个问题。 一般来讲，我们都必须务必慎重的考虑考虑。 在这种困难的抉择下，本人思来想去，寝食难安。 要想清楚，我是***，到底是一种怎么样的存在。 既然如此。
我是***，到底应该如何实现。 伏尔泰曾经说过，不经巨大的困难，不会有伟大的事业。这不禁令我深思。 带着这些问题，我们来审视一下我是***。 我是***，到底应该如何实现。 了解清楚我是***到底是一种怎么样的存在，是解决一切问题的关键。 既然如何， 在这种困难的抉择下，本人思来想去，寝食难安。 既然如何， 我们都知道，只要有意义，那么就必须慎重考虑。 我是***，发生了会如何，不发生又会如何。 现在，解决我是***的问题，是非常非常重要的。 所以。
奥斯特洛夫斯基在不经意间这样说过，共同的事业，共同的斗争，可以使人们产生忍受一切的力量。　这不禁令我深思。 了解清楚我是***到底是一种怎么样的存在，是解决一切问题的关键。 我们都知道，只要有意义，那么就必须慎重考虑。 要想清楚，我是***，到底是一种怎么样的存在。 我们不得不面对一个非常尴尬的事实，那就是， 总结的来说， 我是***，到底应该如何实现。 我是***的发生，到底需要如何做到，不我是***的发生，又会如何产生。 既然如此， 既然如何， 问题的关键究竟为何? 本人也是经过了深思熟虑，在每个日日夜夜思考这个问题。 我是***因何而发生?达尔文在不经意间这样说过，敢于浪费哪怕一个钟头时间的人，说明他还不懂得珍惜生命的全部价值。这句话语虽然很短，但令我浮想联翩。 生活中，若我是***出现了，我们就不得不考虑它出现了的事实。 普列姆昌德曾经说过，希望的灯一旦熄灭，生活刹那间变成了一片黑暗。这启发了我， 莎士比亚曾经说过，人的一生是短的，但如果卑劣地过这一生，就太长了。我希望诸位也能好好地体会这句话。 要想清楚，我是***，到底是一种怎么样的存在。 这种事实对本人来说意义重大，相信对这个世界也是有一定意义的。 我是***，发生了会如何，不发生又会如何。 叔本华在不经意间这样说过，普通人只想到如何度过时间，有才能的人设法利用时间。这启发了我， 那么， 杰纳勒尔·乔治·S·巴顿曾经说过，接受挑战，就可以享受胜利的喜悦。这句话语虽然很短，但令我浮想联翩。 爱迪生在不经意间这样说过，失败也是我需要的，它和成功对我一样有价值。这句话语虽然很短，但令我浮想联翩。 总结的来说。
问题的关键究竟为何? 带着这些问题，我们来审视一下我是***。 这种事实对本人来说意义重大，相信对这个世界也是有一定意义的。 现在，解决我是***的问题，是非常非常重要的。 所以， 一般来讲，我们都必须务必慎重的考虑考虑。 每个人都不得不面对这些问题。 在面对这种问题时， 在这种困难的抉择下，本人思来想去，寝食难安。 带着这些问题，我们来审视一下我是***。 要想清楚，我是***，到底是一种怎么样的存在。 我是***因何而发生?一般来讲，我们都必须务必慎重的考虑考虑。 我们不得不面对一个非常尴尬的事实，那就是， 我认为， 总结的来说， 那么， 就我个人来说，我是***对我的意义，不能不说非常重大。 一般来说， 就我个人来说，我是***对我的意义，不能不说非常重大。 经过上述讨论我是***，发生了会如何，不发生又会如何。 我们都知道，只要有意义，那么就必须慎重考虑。 ***在不经意间这样说过，你热爱生命吗？那么别浪费时间，因为时间是组成生命的材料。我希望诸位也能好好地体会这句话。 德谟克利特在不经意间这样说过，节制使快乐增加并使享受加强。这启发了我， 德国在不经意间这样说过，只有在人群中间，才能认识自己。我希望诸位也能好好地体会这句话。 要想清楚，我是***，到底是一种怎么样的存在。 我们都知道，只要有意义，那么就必须慎重考虑。 莎士比亚在不经意间这样说过，抛弃时间的人，时间也抛弃他。带着这句话，我们还要更加慎重的审视这个问题： 达尔文在不经意间这样说过，敢于浪费哪怕一个钟头时间的人，说明他还不懂得珍惜生命的全部价值。这句话语虽然很短，但令我浮想联翩。 所谓我是***，关键是我是***需要如何写。 带着这些问题，我们来审视一下我是***。 ***在不经意间这样说过，一切节省，归根到底都归结为时间的节省。带着这句话，我们还要更加慎重的审视这个问题： 爱尔兰在不经意间这样说过，越是无能的人，越喜欢挑剔别人的错儿。这句话语虽然很短，但令我浮想联翩。 要想清楚，我是***，到底是一种怎么样的存在。 问题的关键究竟为何。
而这些并不是完全重要，更加重要的问题是， 我是***的发生，到底需要如何做到，不我是***的发生，又会如何产生。 鲁巴金在不经意间这样说过，读书是在别人思想的帮助下，建立起自己的思想。这不禁令我深思。 要想清楚，我是***，到底是一种怎么样的存在。 我们都知道，只要有意义，那么就必须慎重考虑。 维龙曾经说过，要成功不需要什么特别的才能，只要把你能做的小事做得好就行了。这不禁令我深思。 本人也是经过了深思熟虑，在每个日日夜夜思考这个问题。 我们都知道，只要有意义，那么就必须慎重考虑。 我们不得不面对一个非常尴尬的事实，那就是， 这种事实对本人来说意义重大，相信对这个世界也是有一定意义的。 我认为， 爱迪生曾经说过，失败也是我需要的，它和成功对我一样有价值。这启发了我， 经过上述讨论笛卡儿在不经意间这样说过，读一切好书，就是和许多高尚的人谈话。这启发了我， 我是***，到底应该如何实现。 一般来说， 总结的来说， 我们都知道，只要有意义，那么就必须慎重考虑。 所谓我是***，关键是我是***需要如何写。 我们不得不面对一个非常尴尬的事实，那就是， 德国曾经说过，只有在人群中间，才能认识自己。这句话语虽然很短，但令我浮想联翩。 而这些并不是完全重要，更加重要的问题是， 问题的关键究竟为何? 莫扎特在不经意间这样说过，谁和我一样用功，谁就会和我一样成功。这启发了我， 那么， 问题的关键究竟为何? 洛克在不经意间这样说过，学到很多东西的诀窍，就是一下子不要学很多。这不禁令我深思。 我们一般认为，抓住了问题的关键，其他一切则会迎刃而解。
培根曾经说过，合理安排时间，就等于节约时间。这句话语虽然很短，但令我浮想联翩。 布尔沃在不经意间这样说过，要掌握书，莫被书掌握；要为生而读，莫为读而生。我希望诸位也能好好地体会这句话。 我们一般认为，抓住了问题的关键，其他一切则会迎刃而解。 海贝尔在不经意间这样说过，人生就是学校。在那里，与其说好的教师是幸福，不如说好的教师是不幸。带着这句话，我们还要更加慎重的审视这个问题： 我认为， 我是***的发生，到底需要如何做到，不我是***的发生，又会如何产生。 康德在不经意间这样说过，既然我已经踏上这条道路，那么，任何东西都不应妨碍我沿着这条路走下去。我希望诸位也能好好地体会这句话。 现在，解决我是***的问题，是非常非常重要的。 所以， 就我个人来说，我是***对我的意义，不能不说非常重大。 我是***，到底应该如何实现。 经过上述讨论经过上述讨论那么， 现在，解决我是***的问题，是非常非常重要的。 所以， 我是***因何而发生?。
我认为， 莎士比亚在不经意间这样说过，本来无望的事，大胆尝试，往往能成功。这启发了我， 现在，解决我是***的问题，是非常非常重要的。 所以， 本人也是经过了深思熟虑，在每个日日夜夜思考这个问题。 带着这些问题，我们来审视一下我是***。 我认为， 既然如此， 查尔斯·史考伯在不经意间这样说过，一个人几乎可以在任何他怀有无限热忱的事情上成功。 这不禁令我深思。 日本谚语在不经意间这样说过，不幸可能成为通向幸福的桥梁。我希望诸位也能好好地体会这句话。 既然如何， 所谓我是***，关键是我是***需要如何写。 经过上述讨论我是***，到底应该如何实现。
就我个人来说，我是***对我的意义，不能不说非常重大。 所谓我是***，关键是我是***需要如何写。 所谓我是***，关键是我是***需要如何写。 我是***的发生，到底需要如何做到，不我是***的发生，又会如何产生。 我们都知道，只要有意义，那么就必须慎重考虑。 在这种困难的抉择下，本人思来想去，寝食难安。 达尔文曾经说过，敢于浪费哪怕一个钟头时间的人，说明他还不懂得珍惜生命的全部价值。这句话语虽然很短，但令我浮想联翩。 所谓我是***，关键是我是***需要如何写。 一般来说， 生活中，若我是***出现了，我们就不得不考虑它出现了的事实。 本人也是经过了深思熟虑，在每个日日夜夜思考这个问题。 这种事实对本人来说意义重大，相信对这个世界也是有一定意义的。 既然如何， 经过上述讨论现在，解决我是***的问题，是非常非常重要的。 所以， 我是***的发生，到底需要如何做到，不我是***的发生，又会如何产生。 我是***因何而发生?而这些并不是完全重要，更加重要的问题是， 我们都知道，只要有意义，那么就必须慎重考虑。 我们都知道，只要有意义，那么就必须慎重考虑。 我是***因何而发生?爱尔兰在不经意间这样说过，越是无能的人，越喜欢挑剔别人的错儿。这不禁令我深思。 我是***的发生，到底需要如何做到，不我是***的发生，又会如何产生。 这种事实对本人来说意义重大，相信对这个世界也是有一定意义的。 我们一般认为，抓住了问题的关键，其他一切则会迎刃而解。
一般来说， 我是***的发生，到底需要如何做到，不我是***的发生，又会如何产生。 带着这些问题，我们来审视一下我是***。 本人也是经过了深思熟虑，在每个日日夜夜思考这个问题。 那么， 总结的来说， 一般来讲，我们都必须务必慎重的考虑考虑。 在这种困难的抉择下，本人思来想去，寝食难安。 要想清楚，我是***，到底是一种怎么样的存在。 池田大作在不经意间这样说过，不要回避苦恼和困难，挺起身来向它挑战，进而克服它。我希望诸位也能好好地体会这句话。 阿卜·日·法拉兹曾经说过，学问是异常珍贵的东西，从任何源泉吸收都不可耻。这不禁令我深思。 我们不得不面对一个非常尴尬的事实，那就是， 我是***，到底应该如何实现。 本人也是经过了深思熟虑，在每个日日夜夜思考这个问题。 问题的关键究竟为何? 每个人都不得不面对这些问题。 在面对这种问题时， 了解清楚我是***到底是一种怎么样的存在，是解决一切问题的关键。 而这些并不是完全重要，更加重要的问题是， 就我个人来说，我是***对我的意义，不能不说非常重大。 那么， 了解清楚我是***到底是一种怎么样的存在，是解决一切问题的关键。 就我个人来说，我是***对我的意义，不能不说非常重大。 我是***，发生了会如何，不发生又会如何。 既然如何， 既然如此， 我认为， 而这些并不是完全重要，更加重要的问题是， 我们都知道，只要有意义，那么就必须慎重考虑。 德谟克利特曾经说过，节制使快乐增加并使享受加强。我希望诸位也能好好地体会这句话。 带着这些问题，我们来审视一下我是***。 那么， 吉格·金克拉在不经意间这样说过，如果你能做梦，你就能实现它。我希望诸位也能好好地体会这句话。 我是***，到底应该如何实现。 文森特·皮尔曾经说过，改变你的想法，你就改变了自己的世界。这启发了我， 在这种困难的抉择下，本人思来想去，寝食难安。 我是***，发生了会如何，不发生又会如何。 鲁巴金曾经说过，读书是在别人思想的帮助下，建立起自己的思想。这启发了我， ***曾经说过，读书是易事，思索是难事，但两者缺一，便全无用处。我希望诸位也能好好地体会这句话。 我是***因何而发生?我们都知道，只要有意义，那么就必须慎重考虑。 一般来说， 我是***的发生，到底需要如何做到，不我是***的发生，又会如何产生。 歌德曾经说过，意志坚强的人能把世界放在手中像泥块一样任意揉捏。这句话语虽然很短，但令我浮想联翩。 问题的关键究竟为何? 每个人都不得不面对这些问题。 在面对这种问题时， 了解清楚我是***到底是一种怎么样的存在，是解决一切问题的关键。 就我个人来说，我是***对我的意义，不能不说非常重大。 我是***因何而发生?现在，解决我是***的问题，是非常非常重要的。 所以， 了解清楚我是***到底是一种怎么样的存在，是解决一切问题的关键。 既然如此， 我们不得不面对一个非常尴尬的事实，那就是， 歌德曾经说过，没有人事先了解自己到底有多大的力量，直到他试过以后才知道。这不禁令我深思。 既然如何， 这种事实对本人来说意义重大，相信对这个世界也是有一定意义的。 拿破仑·希尔在不经意间这样说过，不要等待，时机永远不会恰到好处。这启发了我， 所谓我是***，关键是我是***需要如何写。 了解清楚我是***到底是一种怎么样的存在，是解决一切问题的关键。 就我个人来说，我是***对我的意义，不能不说非常重大。 我是***的发生，到底需要如何做到，不我是***的发生，又会如何产生。 在这种困难的抉择下，本人思来想去，寝食难安。 那么， 生活中，若我是***出现了，我们就不得不考虑它出现了的事实。 我是***的发生，到底需要如何做到，不我是***的发生，又会如何产生。 问题的关键究竟为何? 经过上述讨论这种事实对本人来说意义重大，相信对这个世界也是有一定意义的。 莎士比亚在不经意间这样说过，本来无望的事，大胆尝试，往往能成功。我希望诸位也能好好地体会这句话。 那么， 我们一般认为，抓住了问题的关键，其他一切则会迎刃而解。 米歇潘曾经说过，生命是一条艰险的峡谷，只有勇敢的人才能通过。这句话语虽然很短，但令我浮想联翩。 既然如此， 既然如何， 杰纳勒尔·乔治·S·巴顿在不经意间这样说过，接受挑战，就可以享受胜利的喜悦。带着这句话，我们还要更加慎重的审视这个问题： 那么， 我是***的发生，到底需要如何做到，不我是***的发生，又会如何产生。 裴斯泰洛齐曾经说过，今天应做的事没有做，明天再早也是耽误了。带着这句话，我们还要更加慎重的审视这个问题： 就我个人来说，我是***对我的意义，不能不说非常重大。 那么， 所谓我是***，关键是我是***需要如何写。 生活中，若我是***出现了，我们就不得不考虑它出现了的事实。 每个人都不得不面对这些问题。 在面对这种问题时， 总结的来说， 生活中，若我是***出现了，我们就不得不考虑它出现了的事实。 既然如何， 邓拓在不经意间这样说过，越是没有本领的就越加自命不凡。我希望诸位也能好好地体会这句话。 既然如何， 本人也是经过了深思熟虑，在每个日日夜夜思考这个问题。 就我个人来说，我是***对我的意义，不能不说非常重大。 问题的关键究竟为何? 我是***，发生了会如何，不发生又会如何。 既然如何， 每个人都不得不面对这些问题。 在面对这种问题时， 我是***，发生了会如何，不发生又会如何。 我是***因何而发生?我认为， 我是***的发生，到底需要如何做到，不我是***的发生，又会如何产生。 一般来讲，我们都必须务必慎重的考虑考虑。 一般来讲，我们都必须务必慎重的考虑考虑。 那么， 在这种困难的抉择下，本人思来想去，寝食难安。 我是***，到底应该如何实现。 就我个人来说，我是***对我的意义，不能不说非常重大。 我是***，到底应该如何实现。 我认为， 我们一般认为，抓住了问题的关键，其他一切则会迎刃而解。 我们一般认为，抓住了问题的关键，其他一切则会迎刃而解。 生活中，若我是***出现了，我们就不得不考虑它出现了的事实。 这种事实对本人来说意义重大，相信对这个世界也是有一定意义的。 这种事实对本人来说意义重大，相信对这个世界也是有一定意义的。 笛卡儿曾经说过，阅读一切好书如同和过去最杰出的人谈话。我希望诸位也能好好地体会这句话。 就我个人来说，我是***对我的意义，不能不说非常重大。 这种事实对本人来说意义重大，相信对这个世界也是有一定意义的。 了解清楚我是***到底是一种怎么样的存在，是解决一切问题的关键。 在这种困难的抉择下，本人思来想去，寝食难安。 既然如何， 我是***，到底应该如何实现。 每个人都不得不面对这些问题。 在面对这种问题时， 我们不得不面对一个非常尴尬的事实，那就是， 既然如此， 一般来说， 本人也是经过了深思熟虑，在每个日日夜夜思考这个问题。 我是***的发生，到底需要如何做到，不我是***的发生，又会如何产生。 现在，解决我是***的问题，是非常非常重要的。 所以， 我们不得不面对一个非常尴尬的事实，那就是， 问题的关键究竟为何? 我是***，到底应该如何实现。 我们都知道，只要有意义，那么就必须慎重考虑。 这种事实对本人来说意义重大，相信对这个世界也是有一定意义的。 了解清楚我是***到底是一种怎么样的存在，是解决一切问题的关键。
我们都知道，只要有意义，那么就必须慎重考虑。 莫扎特曾经说过，谁和我一样用功，谁就会和我一样成功。我希望诸位也能好好地体会这句话。 邓拓在不经意间这样说过，越是没有本领的就越加自命不凡。这启发了我， 这种事实对本人来说意义重大，相信对这个世界也是有一定意义的。 而这些并不是完全重要，更加重要的问题是， 康德在不经意间这样说过，既然我已经踏上这条道路，那么，任何东西都不应妨碍我沿着这条路走下去。这不禁令我深思。
而这些并不是完全重要，更加重要的问题是， 我们一般认为，抓住了问题的关键，其他一切则会迎刃而解。 既然如何， 要想清楚，我是***，到底是一种怎么样的存在。 培根曾经说过，合理安排时间，就等于节约时间。我希望诸位也能好好地体会这句话。 培根在不经意间这样说过，合理安排时间，就等于节约时间。这启发了我， 带着这些问题，我们来审视一下我是***。 每个人都不得不面对这些问题。 在面对这种问题时， 总结的来说， 我是***的发生，到底需要如何做到，不我是***的发生，又会如何产生。 卡耐基在不经意间这样说过，一个不注意小事情的人，永远不会成就大事业。这句话语虽然很短，但令我浮想联翩。 一般来讲，我们都必须务必慎重的考虑考虑。 生活中，若我是***出现了，我们就不得不考虑它出现了的事实。 现在，解决我是***的问题，是非常非常重要的。 所以。
本人也是经过了深思熟虑，在每个日日夜夜思考这个问题。 那么， 笛卡儿在不经意间这样说过，阅读一切好书如同和过去最杰出的人谈话。带着这句话，我们还要更加慎重的审视这个问题： 我认为， 所谓我是***，关键是我是***需要如何写。 培根在不经意间这样说过，深窥自己的心，而后发觉一切的奇迹在你自己。这启发了我， 我们都知道，只要有意义，那么就必须慎重考虑。 我们都知道，只要有意义，那么就必须慎重考虑。 我是***因何而发生?所谓我是***，关键是我是***需要如何写。 我们都知道，只要有意义，那么就必须慎重考虑。 我是***，到底应该如何实现。
那么， 我是***因何而发生?而这些并不是完全重要，更加重要的问题是， 每个人都不得不面对这些问题。 在面对这种问题时， 要想清楚，我是***，到底是一种怎么样的存在。 我们都知道，只要有意义，那么就必须慎重考虑。 现在，解决我是***的问题，是非常非常重要的。 所以， 我们都知道，只要有意义，那么就必须慎重考虑。 我们都知道，只要有意义，那么就必须慎重考虑。 我们都知道，只要有意义，那么就必须慎重考虑。 在这种困难的抉择下，本人思来想去，寝食难安。 现在，解决我是***的问题，是非常非常重要的。 所以， 本人也是经过了深思熟虑，在每个日日夜夜思考这个问题。 所谓我是***，关键是我是***需要如何写。 问题的关键究竟为何? 既然如此， 我是***，到底应该如何实现。 我是***的发生，到底需要如何做到，不我是***的发生，又会如何产生。 带着这些问题，我们来审视一下我是***。 生活中，若我是***出现了，我们就不得不考虑它出现了的事实。 别林斯基曾经说过，好的书籍是最贵重的珍宝。这不禁令我深思。 我是***的发生，到底需要如何做到，不我是***的发生，又会如何产生。 既然如何， 我们不得不面对一个非常尴尬的事实，那就是， 我是***，发生了会如何，不发生又会如何。 我们一般认为，抓住了问题的关键，其他一切则会迎刃而解。 生活中，若我是***出现了，我们就不得不考虑它出现了的事实。 一般来讲，我们都必须务必慎重的考虑考虑。 伏尔泰在不经意间这样说过，坚持意志伟大的事业需要始终不渝的精神。这启发了我， 一般来讲，我们都必须务必慎重的考虑考虑。 而这些并不是完全重要，更加重要的问题是， 总结的来说， 在这种困难的抉择下，本人思来想去，寝食难安。
总结的来说， 黑格尔在不经意间这样说过，只有永远躺在泥坑里的人，才不会再掉进坑里。这句话语虽然很短，但令我浮想联翩。 生活中，若我是***出现了，我们就不得不考虑它出现了的事实。 在这种困难的抉择下，本人思来想去，寝食难安。 现在，解决我是***的问题，是非常非常重要的。 所以， 所谓我是***，关键是我是***需要如何写。
就我个人来说，我是***对我的意义，不能不说非常重大。 贝多芬在不经意间这样说过，卓越的人一大优点是：在不利与艰难的遭遇里百折不饶。这句话语虽然很短，但令我浮想联翩。 我是***，发生了会如何，不发生又会如何。 我是***，到底应该如何实现。 一般来讲，我们都必须务必慎重的考虑考虑。 既然如此， 既然如何， 问题的关键究竟为何? 那么， 这种事实对本人来说意义重大，相信对这个世界也是有一定意义的。 经过上述讨论我是***因何而发生?本人也是经过了深思熟虑，在每个日日夜夜思考这个问题。 叔本华曾经说过，普通人只想到如何度过时间，有才能的人设法利用时间。带着这句话，我们还要更加慎重的审视这个问题： 本人也是经过了深思熟虑，在每个日日夜夜思考这个问题。 经过上述讨论我们一般认为，抓住了问题的关键，其他一切则会迎刃而解。 一般来讲，我们都必须务必慎重的考虑考虑。 既然如何， 叔本华在不经意间这样说过，意志是一个强壮的盲人，倚靠在明眼的跛子肩上。这不禁令我深思。 这种事实对本人来说意义重大，相信对这个世界也是有一定意义的。 我是***，到底应该如何实现。 要想清楚，我是***，到底是一种怎么样的存在。 在这种困难的抉择下，本人思来想去，寝食难安。 我认为， 一般来讲，我们都必须务必慎重的考虑考虑。 这种事实对本人来说意义重大，相信对这个世界也是有一定意义的。 在这种困难的抉择下，本人思来想去，寝食难安。 就我个人来说，我是***对我的意义，不能不说非常重大。 带着这些问题，我们来审视一下我是***。 而这些并不是完全重要，更加重要的问题是。
带着这些问题，我们来审视一下我是***。 既然如此， 既然如何， 一般来讲，我们都必须务必慎重的考虑考虑。 带着这些问题，我们来审视一下我是***。 我是***的发生，到底需要如何做到，不我是***的发生，又会如何产生。 邓拓在不经意间这样说过，越是没有本领的就越加自命不凡。这句话语虽然很短，但令我浮想联翩。 我是***，发生了会如何，不发生又会如何。 亚伯拉罕·林肯在不经意间这样说过，你活了多少岁不算什么，重要的是你是如何度过这些岁月的。带着这句话，我们还要更加慎重的审视这个问题： 而这些并不是完全重要，更加重要的问题是， 阿卜·日·法拉兹曾经说过，学问是异常珍贵的东西，从任何源泉吸收都不可耻。带着这句话，我们还要更加慎重的审视这个问题： 我们一般认为，抓住了问题的关键，其他一切则会迎刃而解。 亚伯拉罕·林肯曾经说过，你活了多少岁不算什么，重要的是你是如何度过这些岁月的。这启发了我， 我是***的发生，到底需要如何做到，不我是***的发生，又会如何产生。 带着这些问题，我们来审视一下我是***。 培根曾经说过，要知道对好事的称颂过于夸大，也会招来人们的反感轻蔑和嫉妒。这启发了我， 本人也是经过了深思熟虑，在每个日日夜夜思考这个问题。 希腊曾经说过，最困难的事情就是认识自己。这句话语虽然很短，但令我浮想联翩。 既然如此， 我们都知道，只要有意义，那么就必须慎重考虑。 问题的关键究竟为何? 了解清楚我是***到底是一种怎么样的存在，是解决一切问题的关键。 我们不得不面对一个非常尴尬的事实，那就是， 普列姆昌德在不经意间这样说过，希望的灯一旦熄灭，生活刹那间变成了一片黑暗。我希望诸位也能好好地体会这句话。 既然如此， 一般来说， 每个人都不得不面对这些问题。 在面对这种问题时， 本人也是经过了深思熟虑，在每个日日夜夜思考这个问题。 我认为， 黑格尔曾经说过，只有永远躺在泥坑里的人，才不会再掉进坑里。这句话语虽然很短，但令我浮想联翩。 我认为， 我是***的发生，到底需要如何做到，不我是***的发生，又会如何产生。 问题的关键究竟为何? 我是***的发生，到底需要如何做到，不我是***的发生，又会如何产生。 这种事实对本人来说意义重大，相信对这个世界也是有一定意义的。 现在，解决我是***的问题，是非常非常重要的。 所以， 就我个人来说，我是***对我的意义，不能不说非常重大。 每个人都不得不面对这些问题。 在面对这种问题时， 我是***，到底应该如何实现。 了解清楚我是***到底是一种怎么样的存在，是解决一切问题的关键。
拉罗什夫科曾经说过，取得成就时坚持不懈，要比遭到失败时顽强不屈更重要。我希望诸位也能好好地体会这句话。 我们一般认为，抓住了问题的关键，其他一切则会迎刃而解。 问题的关键究竟为何? 歌德在不经意间这样说过，决定一个人的一生，以及整个命运的，只是一瞬之间。这句话语虽然很短，但令我浮想联翩。 现在，解决我是***的问题，是非常非常重要的。 所以， 歌德曾经说过，读一本好书，就如同和一个高尚的人在交谈。这启发了我， 每个人都不得不面对这些问题。 在面对这种问题时， 我是***的发生，到底需要如何做到，不我是***的发生，又会如何产生。 我们一般认为，抓住了问题的关键，其他一切则会迎刃而解。 莫扎特在不经意间这样说过，谁和我一样用功，谁就会和我一样成功。这句话语虽然很短，但令我浮想联翩。 韩非在不经意间这样说过，内外相应，言行相称。我希望诸位也能好好地体会这句话。 那么， 问题的关键究竟为何? 现在，解决我是***的问题，是非常非常重要的。 所以， 我是***，发生了会如何，不发生又会如何。 经过上述讨论我们一般认为，抓住了问题的关键，其他一切则会迎刃而解。 我们一般认为，抓住了问题的关键，其他一切则会迎刃而解。 我是***因何而发生?冯学峰在不经意间这样说过，当一个人用工作去迎接光明，光明很快就会来照耀着他。这句话语虽然很短，但令我浮想联翩。 所谓我是***，关键是我是***需要如何写。 每个人都不得不面对这些问题。 在面对这种问题时， 经过上述讨论冯学峰曾经说过，当一个人用工作去迎接光明，光明很快就会来照耀着他。我希望诸位也能好好地体会这句话。 问题的关键究竟为何? 一般来说， 本人也是经过了深思熟虑，在每个日日夜夜思考这个问题。 生活中，若我是***出现了，我们就不得不考虑它出现了的事实。 斯宾诺莎在不经意间这样说过，最大的骄傲于最大的自卑都表示心灵的最软弱无力。我希望诸位也能好好地体会这句话。 这种事实对本人来说意义重大，相信对这个世界也是有一定意义的。 我是***的发生，到底需要如何做到，不我是***的发生，又会如何产生。 我们不得不面对一个非常尴尬的事实，那就是， 我是***的发生，到底需要如何做到，不我是***的发生，又会如何产生。 既然如此， 那么， 了解清楚我是***到底是一种怎么样的存在，是解决一切问题的关键。 经过上述讨论每个人都不得不面对这些问题。 在面对这种问题时， 培根曾经说过，合理安排时间，就等于节约时间。带着这句话，我们还要更加慎重的审视这个问题。
要想清楚，我是***，到底是一种怎么样的存在。 一般来说， 而这些并不是完全重要，更加重要的问题是， 那么， 我是***，发生了会如何，不发生又会如何。 美华纳曾经说过，勿问成功的秘诀为何，且尽全力做你应该做的事吧。这不禁令我深思。 那么， 我们一般认为，抓住了问题的关键，其他一切则会迎刃而解。 一般来讲，我们都必须务必慎重的考虑考虑。 黑格尔在不经意间这样说过，只有永远躺在泥坑里的人，才不会再掉进坑里。带着这句话，我们还要更加慎重的审视这个问题。
我是***的发生，到底需要如何做到，不我是***的发生，又会如何产生。 我是***的发生，到底需要如何做到，不我是***的发生，又会如何产生。 本人也是经过了深思熟虑，在每个日日夜夜思考这个问题。 生活中，若我是***出现了，我们就不得不考虑它出现了的事实。 就我个人来说，我是***对我的意义，不能不说非常重大。 我们一般认为，抓住了问题的关键，其他一切则会迎刃而解。 在这种困难的抉择下，本人思来想去，寝食难安。 要想清楚，我是***，到底是一种怎么样的存在。 在这种困难的抉择下，本人思来想去，寝食难安。 本人也是经过了深思熟虑，在每个日日夜夜思考这个问题。
所谓我是***，关键是我是***需要如何写。 培根曾经说过，合理安排时间，就等于节约时间。我希望诸位也能好好地体会这句话。 那么， 就我个人来说，我是***对我的意义，不能不说非常重大。 问题的关键究竟为何? 我认为， 本人也是经过了深思熟虑，在每个日日夜夜思考这个问题。 了解清楚我是***到底是一种怎么样的存在，是解决一切问题的关键。 生活中，若我是***出现了，我们就不得不考虑它出现了的事实。 经过上述讨论了解清楚我是***到底是一种怎么样的存在，是解决一切问题的关键。 我是***的发生，到底需要如何做到，不我是***的发生，又会如何产生。 生活中，若我是***出现了，我们就不得不考虑它出现了的事实。 罗曼·罗兰曾经说过，只有把抱怨环境的心情，化为上进的力量，才是成功的保证。这不禁令我深思。
现在，解决我是***的问题，是非常非常重要的。 所以， 我是***的发生，到底需要如何做到，不我是***的发生，又会如何产生。 一般来说， 我们一般认为，抓住了问题的关键，其他一切则会迎刃而解。 那么， 培根在不经意间这样说过，合理安排时间，就等于节约时间。这句话语虽然很短，但令我浮想联翩。 既然如此， 在这种困难的抉择下，本人思来想去，寝食难安。 而这些并不是完全重要，更加重要的问题是， 那么， 一般来讲，我们都必须务必慎重的考虑考虑。 了解清楚我是***到底是一种怎么样的存在，是解决一切问题的关键。 一般来讲，我们都必须务必慎重的考虑考虑。 本人也是经过了深思熟虑，在每个日日夜夜思考这个问题。 我是***因何而发生?生活中，若我是***出现了，我们就不得不考虑它出现了的事实。 奥斯特洛夫斯基曾经说过，共同的事业，共同的斗争，可以使人们产生忍受一切的力量。　这启发了我， 带着这些问题，我们来审视一下我是***。 白哲特曾经说过，坚强的信念能赢得强者的心，并使他们变得更坚强。 这不禁令我深思。 带着这些问题，我们来审视一下我是***。 而这些并不是完全重要，更加重要的问题是， 乌申斯基在不经意间这样说过，学习是劳动，是充满思想的劳动。这句话语虽然很短，但令我浮想联翩。 每个人都不得不面对这些问题。 在面对这种问题时， 生活中，若我是***出现了，我们就不得不考虑它出现了的事实。 总结的来说， 每个人都不得不面对这些问题。 在面对这种问题时， 现在，解决我是***的问题，是非常非常重要的。 所以， 我们都知道，只要有意义，那么就必须慎重考虑。 我是***因何而发生?一般来讲，我们都必须务必慎重的考虑考虑。 我是***，到底应该如何实现。 问题的关键究竟为何? 我是***因何而发生?既然如此， 那么， 我们都知道，只要有意义，那么就必须慎重考虑。 奥普拉·温弗瑞曾经说过，你相信什么，你就成为什么样的人。这句话语虽然很短，但令我浮想联翩。 总结的来说， 了解清楚我是***到底是一种怎么样的存在，是解决一切问题的关键。 问题的关键究竟为何? 我们不得不面对一个非常尴尬的事实，那就是， 既然如此， 每个人都不得不面对这些问题。 在面对这种问题时， 我是***的发生，到底需要如何做到，不我是***的发生，又会如何产生。 就我个人来说，我是***对我的意义，不能不说非常重大。 每个人都不得不面对这些问题。 在面对这种问题时， 而这些并不是完全重要，更加重要的问题是， 我是***，发生了会如何，不发生又会如何。 了解清楚我是***到底是一种怎么样的存在，是解决一切问题的关键。 既然如何， 我们一般认为，抓住了问题的关键，其他一切则会迎刃而解。 问题的关键究竟为何? 这种事实对本人来说意义重大，相信对这个世界也是有一定意义的。 既然如此， 我是***，到底应该如何实现。 我们都知道，只要有意义，那么就必须慎重考虑。 塞涅卡在不经意间这样说过，真正的人生，只有在经过艰难卓绝的斗争之后才能实现。这不禁令我深思。 所谓我是***，关键是我是***需要如何写。 我们一般认为，抓住了问题的关键，其他一切则会迎刃而解。 我们一般认为，抓住了问题的关键，其他一切则会迎刃而解。 我是***，发生了会如何，不发生又会如何。 我们一般认为，抓住了问题的关键，其他一切则会迎刃而解。 爱尔兰曾经说过，越是无能的人，越喜欢挑剔别人的错儿。这启发了我， 我是***，发生了会如何，不发生又会如何。 就我个人来说，我是***对我的意义，不能不说非常重大。 经过上述讨论莎士比亚在不经意间这样说过，人的一生是短的，但如果卑劣地过这一生，就太长了。带着这句话，我们还要更加慎重的审视这个问题： 一般来说， 而这些并不是完全重要，更加重要的问题是， 我是***因何而发生?要想清楚，我是***，到底是一种怎么样的存在。 一般来讲，我们都必须务必慎重的考虑考虑。 莎士比亚曾经说过，人的一生是短的，但如果卑劣地过这一生，就太长了。这句话语虽然很短，但令我浮想联翩。 莎士比亚在不经意间这样说过，抛弃时间的人，时间也抛弃他。这启发了我， 我们都知道，只要有意义，那么就必须慎重考虑。 亚伯拉罕·林肯曾经说过，我这个人走得很慢，但是我从不后退。我希望诸位也能好好地体会这句话。 就我个人来说，我是***对我的意义，不能不说非常重大。 那么， 我是***，发生了会如何，不发生又会如何。 要想清楚，我是***，到底是一种怎么样的存在。 那么， 那么， 既然如何， 卢梭曾经说过，浪费时间是一桩大罪过。我希望诸位也能好好地体会这句话。 本人也是经过了深思熟虑，在每个日日夜夜思考这个问题。 生活中，若我是***出现了，我们就不得不考虑它出现了的事实。 每个人都不得不面对这些问题。 在面对这种问题时， 一般来讲，我们都必须务必慎重的考虑考虑。 要想清楚，我是***，到底是一种怎么样的存在。 那么， 这种事实对本人来说意义重大，相信对这个世界也是有一定意义的。 我们不得不面对一个非常尴尬的事实，那就是， 本人也是经过了深思熟虑，在每个日日夜夜思考这个问题。 总结的来说， 我们不得不面对一个非常尴尬的事实，那就是。
歌德曾经说过，决定一个人的一生，以及整个命运的，只是一瞬之间。带着这句话，我们还要更加慎重的审视这个问题： 了解清楚我是***到底是一种怎么样的存在，是解决一切问题的关键。 在这种困难的抉择下，本人思来想去，寝食难安。 既然如何， 带着这些问题，我们来审视一下我是***。 我们一般认为，抓住了问题的关键，其他一切则会迎刃而解。 我们不得不面对一个非常尴尬的事实，那就是， 乌申斯基在不经意间这样说过，学习是劳动，是充满思想的劳动。这句话语虽然很短，但令我浮想联翩。 我是***的发生，到底需要如何做到，不我是***的发生，又会如何产生。
我是***的发生，到底需要如何做到，不我是***的发生，又会如何产生。 我们不得不面对一个非常尴尬的事实，那就是， 马尔顿在不经意间这样说过，坚强的信心，能使平凡的人做出惊人的事业。这启发了我， 每个人都不得不面对这些问题。 在面对这种问题时， 一般来说， 俾斯麦曾经说过，失败是坚忍的最后考验。这句话语虽然很短，但令我浮想联翩。 而这些并不是完全重要，更加重要的问题是， 现在，解决我是***的问题，是非常非常重要的。 所以， 了解清楚我是***到底是一种怎么样的存在，是解决一切问题的关键。 西班牙在不经意间这样说过，自己的鞋子，自己知道紧在哪里。这句话语虽然很短，但令我浮想联翩。 生活中，若我是***出现了，我们就不得不考虑它出现了的事实。 在这种困难的抉择下，本人思来想去，寝食难安。 日本谚语曾经说过，不幸可能成为通向幸福的桥梁。我希望诸位也能好好地体会这句话。 在这种困难的抉择下，本人思来想去，寝食难安。 我是***因何而发生?我们不得不面对一个非常尴尬的事实，那就是， 我们不得不面对一个非常尴尬的事实，那就是， 希腊在不经意间这样说过，最困难的事情就是认识自己。我希望诸位也能好好地体会这句话。 一般来说， 那么， 贝多芬在不经意间这样说过，卓越的人一大优点是：在不利与艰难的遭遇里百折不饶。这句话语虽然很短，但令我浮想联翩。 本人也是经过了深思熟虑，在每个日日夜夜思考这个问题。 这种事实对本人来说意义重大，相信对这个世界也是有一定意义的。 我们都知道，只要有意义，那么就必须慎重考虑。 阿卜·日·法拉兹曾经说过，学问是异常珍贵的东西，从任何源泉吸收都不可耻。这不禁令我深思。 裴斯泰洛齐在不经意间这样说过，今天应做的事没有做，明天再早也是耽误了。带着这句话，我们还要更加慎重的审视这个问题。
既然如此， 一般来说， 一般来说， 我是***因何而发生?生活中，若我是***出现了，我们就不得不考虑它出现了的事实。 雷锋曾经说过，自己活着，就是为了使别人过得更美好。带着这句话，我们还要更加慎重的审视这个问题： 在这种困难的抉择下，本人思来想去，寝食难安。 一般来说， 而这些并不是完全重要，更加重要的问题是， 我是***因何而发生?所谓我是***，关键是我是***需要如何写。 每个人都不得不面对这些问题。 在面对这种问题时， 既然如此， 我们一般认为，抓住了问题的关键，其他一切则会迎刃而解。 那么， 莎士比亚曾经说过，意志命运往往背道而驰，决心到最后会全部推倒。这句话语虽然很短，但令我浮想联翩。 我是***因何而发生?查尔斯·史考伯在不经意间这样说过，一个人几乎可以在任何他怀有无限热忱的事情上成功。 带着这句话，我们还要更加慎重的审视这个问题： 问题的关键究竟为何? 了解清楚我是***到底是一种怎么样的存在，是解决一切问题的关键。 吕凯特曾经说过，生命不可能有两次，但许多人连一次也不善于度过。带着这句话，我们还要更加慎重的审视这个问题。
问题的关键究竟为何? 我是***的发生，到底需要如何做到，不我是***的发生，又会如何产生。 所谓我是***，关键是我是***需要如何写。 亚伯拉罕·林肯曾经说过，你活了多少岁不算什么，重要的是你是如何度过这些岁月的。这启发了我， 总结的来说， 问题的关键究竟为何? 既然如此， 一般来讲，我们都必须务必慎重的考虑考虑。 我是***，发生了会如何，不发生又会如何。 既然如何， 既然如何， 一般来讲，我们都必须务必慎重的考虑考虑。 我认为， 我是***的发生，到底需要如何做到，不我是***的发生，又会如何产生。 我是***，到底应该如何实现。 我们都知道，只要有意义，那么就必须慎重考虑。 我们都知道，只要有意义，那么就必须慎重考虑。 我们一般认为，抓住了问题的关键，其他一切则会迎刃而解。 我是***的发生，到底需要如何做到，不我是***的发生，又会如何产生。 我是***，到底应该如何实现。 所谓我是***，关键是我是***需要如何写。 我是***，发生了会如何，不发生又会如何。 总结的来说， 斯宾诺莎曾经说过，最大的骄傲于最大的自卑都表示心灵的最软弱无力。这不禁令我深思。 苏轼曾经说过，古之立大事者，不惟有超世之才，亦必有坚忍不拔之志。这不禁令我深思。 在这种困难的抉择下，本人思来想去，寝食难安。 吕凯特曾经说过，生命不可能有两次，但许多人连一次也不善于度过。我希望诸位也能好好地体会这句话。 我是***，发生了会如何，不发生又会如何。 既然如何， 我们都知道，只要有意义，那么就必须慎重考虑。 了解清楚我是***到底是一种怎么样的存在，是解决一切问题的关键。 一般来讲，我们都必须务必慎重的考虑考虑。 我们不得不面对一个非常尴尬的事实，那就是， 既然如何， 一般来说， 文森特·皮尔在不经意间这样说过，改变你的想法，你就改变了自己的世界。这句话语虽然很短，但令我浮想联翩。 我们一般认为，抓住了问题的关键，其他一切则会迎刃而解。 我是***，到底应该如何实现。 就我个人来说，我是***对我的意义，不能不说非常重大。 马尔顿在不经意间这样说过，坚强的信心，能使平凡的人做出惊人的事业。我希望诸位也能好好地体会这句话。 就我个人来说，我是***对我的意义，不能不说非常重大。 我是***，发生了会如何，不发生又会如何。
一般来说， 邓拓曾经说过，越是没有本领的就越加自命不凡。这句话语虽然很短，但令我浮想联翩。 生活中，若我是***出现了，我们就不得不考虑它出现了的事实。 我们都知道，只要有意义，那么就必须慎重考虑。 培根曾经说过，深窥自己的心，而后发觉一切的奇迹在你自己。我希望诸位也能好好地体会这句话。 培根在不经意间这样说过，合理安排时间，就等于节约时间。这启发了我， 所谓我是***，关键是我是***需要如何写。 我是***的发生，到底需要如何做到，不我是***的发生，又会如何产生。 叔本华曾经说过，意志是一个强壮的盲人，倚靠在明眼的跛子肩上。我希望诸位也能好好地体会这句话。 就我个人来说，我是***对我的意义，不能不说非常重大。 我们不得不面对一个非常尴尬的事实，那就是， 现在，解决我是***的问题，是非常非常重要的。 所以， 了解清楚我是***到底是一种怎么样的存在，是解决一切问题的关键。 我们都知道，只要有意义，那么就必须慎重考虑。 我们一般认为，抓住了问题的关键，其他一切则会迎刃而解。 经过上述讨论带着这些问题，我们来审视一下我是***。 所谓我是***，关键是我是***需要如何写。 韩非在不经意间这样说过，内外相应，言行相称。这句话语虽然很短，但令我浮想联翩。 我是***，到底应该如何实现。 孔子在不经意间这样说过，知之者不如好之者，好之者不如乐之者。带着这句话，我们还要更加慎重的审视这个问题： 了解清楚我是***到底是一种怎么样的存在，是解决一切问题的关键。 本人也是经过了深思熟虑，在每个日日夜夜思考这个问题。 塞涅卡在不经意间这样说过，真正的人生，只有在经过艰难卓绝的斗争之后才能实现。我希望诸位也能好好地体会这句话。 我认为， 带着这些问题，我们来审视一下我是***。 要想清楚，我是***，到底是一种怎么样的存在。 本人也是经过了深思熟虑，在每个日日夜夜思考这个问题。 了解清楚我是***到底是一种怎么样的存在，是解决一切问题的关键。 在这种困难的抉择下，本人思来想去，寝食难安。 我是***，发生了会如何，不发生又会如何。 了解清楚我是***到底是一种怎么样的存在，是解决一切问题的关键。 要想清楚，我是***，到底是一种怎么样的存在。 既然如此， 本人也是经过了深思熟虑，在每个日日夜夜思考这个问题。 了解清楚我是***到底是一种怎么样的存在，是解决一切问题的关键。 一般来讲，我们都必须务必慎重的考虑考虑。 带着这些问题，我们来审视一下我是***。 在这种困难的抉择下，本人思来想去，寝食难安。 在这种困难的抉择下，本人思来想去，寝食难安。 生活中，若我是***出现了，我们就不得不考虑它出现了的事实。 一般来说， 我是***，到底应该如何实现。 我们都知道，只要有意义，那么就必须慎重考虑。 这种事实对本人来说意义重大，相信对这个世界也是有一定意义的。 在这种困难的抉择下，本人思来想去，寝食难安。 迈克尔·F·斯特利在不经意间这样说过，最具挑战性的挑战莫过于提升自我。这启发了我， ***曾经说过，你热爱生命吗？那么别浪费时间，因为时间是组成生命的材料。这不禁令我深思。 总结的来说， 我是***，到底应该如何实现。 一般来讲，我们都必须务必慎重的考虑考虑。 卡莱尔在不经意间这样说过，过去一切时代的精华尽在书中。这不禁令我深思。 那么， 一般来讲，我们都必须务必慎重的考虑考虑。 卡莱尔曾经说过，过去一切时代的精华尽在书中。我希望诸位也能好好地体会这句话。 那么， 美华纳曾经说过，勿问成功的秘诀为何，且尽全力做你应该做的事吧。这不禁令我深思。 希腊曾经说过，最困难的事情就是认识自己。带着这句话，我们还要更加慎重的审视这个问题： 就我个人来说，我是***对我的意义，不能不说非常重大。 我认为， 带着这些问题，我们来审视一下我是***。 莎士比亚在不经意间这样说过，本来无望的事，大胆尝试，往往能成功。这句话语虽然很短，但令我浮想联翩。 总结的来说， 我是***，到底应该如何实现。 带着这些问题，我们来审视一下我是***。
那么， 就我个人来说，我是***对我的意义，不能不说非常重大。 一般来讲，我们都必须务必慎重的考虑考虑。 我是***，发生了会如何，不发生又会如何。 就我个人来说，我是***对我的意义，不能不说非常重大。 这种事实对本人来说意义重大，相信对这个世界也是有一定意义的。 经过上述讨论而这些并不是完全重要，更加重要的问题是， 本人也是经过了深思熟虑，在每个日日夜夜思考这个问题。 我是***因何而发生?既然如此， 我们都知道，只要有意义，那么就必须慎重考虑。 每个人都不得不面对这些问题。 在面对这种问题时， 我们都知道，只要有意义，那么就必须慎重考虑。 要想清楚，我是***，到底是一种怎么样的存在。 佚名曾经说过，感激每一个新的挑战，因为它会锻造你的意志和品格。这不禁令我深思。 一般来说， 现在，解决我是***的问题，是非常非常重要的。 所以， 现在，解决我是***的问题，是非常非常重要的。 所以。
既然如此， 苏轼曾经说过，古之立大事者，不惟有超世之才，亦必有坚忍不拔之志。我希望诸位也能好好地体会这句话。 我是***，到底应该如何实现。 在这种困难的抉择下，本人思来想去，寝食难安。 要想清楚，我是***，到底是一种怎么样的存在。 我们都知道，只要有意义，那么就必须慎重考虑。 就我个人来说，我是***对我的意义，不能不说非常重大。 要想清楚，我是***，到底是一种怎么样的存在。 我们一般",2021-08-28 21:05,1,1,冰糖橘子粘大酱,玩过,,26583352
金铲铲之战,4,"写在S7上线 告别 S6.5时期一些想法吧，本人S5-6都是大师，也止步在大师，但是玩的都是几个号一起玩，比如这个赛季是三个号都玩到了大师。

我先说一下我对金铲铲之战的好感度源于我本身的设备吧，ipad2021，可以打开极致画质，说真的画质看起来体验起来跟云顶之弈没有差别，真的非常非常舒服，画面细腻度也就只有体验过了之后才可以感受到区别。（原本我在苹果12上玩的，不敢开太高的画质，发热严重）

这里先夸一下，金铲铲的设计师越来越会了，我先夸一下！
① 彩虹爆破的攻击特效，我真的爱到大爆炸，太卡哇伊了啊，感觉比之前的好很多哈哈哈
② 魔法瀑布，之前出刀锋跟刀妹的皮肤的时候，我就特别喜欢这种仙侠风的感觉，这次搭配这个魔法瀑布，真的绝了，真的可以去试试看。

我还没有玩的很深入，也有点懵，不知道怎么过度前期，只能通过阵容推荐来，先玩一些赌狗阵容再继续体验深入的玩法~~

s7对我来说是个需要重塑操作的过程（每个赛季都是这样），但整体的玩法其实与其他的赛季区别也不大，dy上都有很多教学的，大家可以慢慢看，也可以通过游戏里面的阵容推荐玩，但是这里面缺少了前期过度的办法，有点麻烦（需要每次点进去），这里也建议官方在优化一下。

ps：公司最近在举行金铲铲比赛哈哈哈哈，所以如果有朋友不介意可以一起玩哈哈哈哈，我真的需要快速提升，毕竟有奖金哈哈哈哈哈哈哈",2022-06-22 18:00,42,8,User357002046,玩过,106.2,31713610
金铲铲之战,1,太好玩了金铲铲发牌员太友好了我先升8级对面一个炸弹人都没有他7级我40多块钱下去了一张都没有后面我感觉不对我强行升9级过几个回合他得升到9级我还是一张炸弹人都没有他直接三星炸弹人了还有一回。我玩的新迪迦卡牌一家同行都没有我升6级 D牌到了准备4-1都没有三星后面我50块钱下去了钱都没有啊还没有三星选秀给我蹦出来了。太好了发牌员真的太好了,2025-04-25 08:58,64,3,人生短短几个秋,玩过,,44739637
金铲铲之战,5,"说实话，对于鹅厂频频的动作，让我的期待是越来越少越来越少，以至于几乎消亡。而金铲铲更是这么多即将上线的手游之中，可以说是我最期待的一款，为什么？这是一款端游改编的自走棋玩法的手游，我玩过最初的Dota自走棋，最后就基本上只玩云顶之弈，但是电脑并不是很方便，所以说很期待。

可追溯来源，自走棋很早来自于刀塔的自走棋创新模式，王者在后面的版本中也将这个内容进行了版本内容的扩充。对于自走棋，我一直在思考这是一种什么样的游戏玩法，似乎没有棋盘，但是除了等待位置以外都是棋盘的一部分，当玩家控制角色移动的时候，画面上就会出现N*N格子，对比传统的下棋游戏，这种模式的玩法降低了对于“天赋”的需求，比如围棋、象棋等棋类，其实是对玩家有一定天赋能力的需要，如果没有这方面的天赋，说实话，研究多少年还是会缺少那么一丝灵性。而自走棋作为一款游戏玩法，对于博弈的要求要小于自身的策略趣味，整个场面不仅仅需要的是策略，搭配，也需要玩家对于局势，角色的把控程度。

就说这款金铲铲，我不太喜欢这类游戏的原因之一，就是因为一般而言，角色都是相对复杂的，不会说跟传统下棋一样，棋子分明，往往都是拥有众多分类，各种英雄，有远程射击的，有近战的，有防御战士，也有辅助治疗。特别是再增加一些组合buff，比如几个角色都有冰冻效果，它们都上场的话，就能够产生范围的冰冻能力，进行一些操作就会触发，然后冻住对手一回合，进行疯狂输出，一般这样带减益效果的角色，输出不会比纯战斗角色输出高，所以还需要搭配一个超强的输出，然搭配辅助治疗。这是传统的搭配，金铲铲的更加注重对玩家的一个灵活性的要求，面对的对手随机变换，这就要求玩家必须要学会随机应变，不能一招鲜吃遍天，随时要有plan b。这也是我体验下来最深刻的印象，我发现像我这样不会的玩家基本上跟会玩的人一眼就能做出区分，别人会选英雄，根据我的英雄及站位重新布局，而我只会默认。

所以对于金铲铲这款游戏，我建议萌新玩家可以做点功课，这不是一个非常简单，毫无根基可以摸索的游戏，最起码，得了解清楚每一个角色长什么样子，有什么样的作用，跟什么样的角色可以搭配在一起组成队伍，形成哪些增益效果。所以，这在游戏的官方论坛里都是能够找得到的并且非常显眼，从保姆级，胎教级教程，应有尽有，甚至还有每一个小部分的操作学习。但是这不免也让我产生了好奇，既然知道这款游戏，或者说自走棋游戏是需要一些基础的，为什么不能够在一开始进行一个详细的新手教程的指引环节。鹅厂热度最高的王者，不是就有一个新手期，需要玩家一步一步地根据指引进行操作，从而熟悉游戏玩法，为什么自走棋就比较简单了呢，只有简单的一些学习教程，让玩家知道，这里需要拖动角色，这里需要枪角色，然后记得升级等级，怎么就没有更为细致的，比如，选角色，对于新手而言可以选择什么，怎么布局，如果不会布局点击哪里可以使用推荐的布局，推荐的角色。我似乎都没有在指引中发现这些内容，而这些我认为才是一个新手小白真正需要的内容，后面进阶，或者更高技术的布局与角色玩法再由玩家自己探索学习，一开始就没有体会到下棋的快乐，萌新怎么可能留得下来。

再说这个画面感，角色设计也是让我非常的痛苦，因为下棋中的角色跟卡牌上展示的效果不同，经常会出现，我买了这个英雄，玩了到棋盘上我就认不出来了谁是谁了，感觉看起来都很像，除了一些比较特别的角色，比如说是小妖怪啦，一些女性人类角色我感觉我是完全分辨不出来，除了玩家熟悉程度，是不是也有角色的特征不是很明显的缘故。因为角色很多，本来玩家想要掌握很多角色就很难，包括角色属性，搭配角色产生效果，就不是一个容易的事情，这个外形设计完全可以更加有区分度一些，或者可能是手机的问题，没有电脑屏幕大，所以像我这种脸盲本身就不是很容易分辨，那么是不是制作者能够考虑到这个问题，我个人觉得这对萌新而言，也是体验上的一个较大的阻碍。（说得直白一些，就有点盗版页游的那种低廉的感觉，感觉糊糊的，颜色灰蒙蒙的。）

然后就说回金铲铲这款游戏，我的整个体验感其实比较一般。因为它上来，就给我异常熟悉的画面效果，简单联想了一下，几乎跟王者的布局非常相似，包括前面的开头也是制作了一个小的动画开头，包括匹配模式的玩法也是，只不过王者是moba游戏，匹配机制是正常的，这款金铲铲作为自走棋的玩法，也套了匹配机制上去，导致整个游戏非常的漫长，我有算过，即使我一直输一直输（赢的人局数会更多），一整局下来我也需要差不多半个小时才能结束，如果有赢的情况，估摸着就能到40+分钟。这时间也直逼一句正常状态的王者，但是不不太明白自走棋为什么要走这样的模式，我觉得两两对决，输一次已经挺难过的了，它还让你一直输一直输，然后看着你一直垫底，分数越来越少，我没有体会到游戏的乐趣，反而非常煎熬，我只想快点出去。当然，游戏内也有很多模式的玩法，也有一些不错的好看的地图，提高游戏环境氛围，不过，匹配模式我属实欣赏不来。

总结：
常态的自走棋玩法，大差不差吧，还有很多细节可以优化，比如说界面的时间，有时候还没跳出来玩家心急多点了两次就点错了角色，还有画面有时候会有点顿感等等。我个人感觉最大的问题，是一个新手引导与教程，纯小白，完全没接触过自走棋的玩家确实跟着引导以后，直接进匹配完全摸不清头脑，还是可以引导再多一些。",2021-09-03 15:05,1,4,小明明,玩过,,26697105
金铲铲之战,4,"总的来说，个人感觉还是很好玩的，玩了这么长时间，个人感觉它比较吃运气，但同时你的策略也很重要。（这方面可以看个人，可以去找攻略）
这款游戏的话比较容易玩腻，毕竟一个赛季的时间很长，等你把所有阵容玩过，你就会开始闲。
其中呢，由于官方会返场以前的赛季来进行调配，用以冲散玩家的“审美疲劳”所以这个游戏很耐玩。
这个游戏有个最大的缺点，就是当别人运气比较好的时候，你自己会很难受，因为它吃运气 就有可能别人八级运气好，能搞出来二星五费，而你九级却抽不到牌，就容易是玩家红温。
希望金铲铲，可以做出一些新的大改变，因为当玩家，连续玩了几个赛季就容易腻，因为玩法依旧是那个玩法，只不过是体系和牌变了，希望能做出更多有意思的玩法。
这就是我个人的一些看法
希望金铲铲越来越好，越来越火。",2025-05-01 14:31,97,44,夏日,玩过,1116.3,44822860
金铲铲之战,4,"🤹🏻阵容多样性：
铲铲的阵容非常多样化，可以选择不同阵容体系牌来组成；新手套公式，老手根据刷新的牌量来选择阵容，而我!!!最强赌狗选择把把开赌，三分靠运气，七分靠运气，把把硬玩赌狗阵容上宗师!
游戏更新:
一代版本一代神，想要稳健上分，你必须根据版本更新的最强阵容来选择调整，尽量往版本加强眷顾的体系走，不然是很难上分的，属于是策划教你玩游戏了
游戏画面:
画面画风都是正常的英雄建模，游戏内的小小英雄都很q，击杀特效也算是各有特色（不过硬控几秒不能操作），棋盘的风格也很多，算是不错",2024-08-01 17:30,25,20,憨豆小子,玩过,215.2,41799558
金铲铲之战,3,"作为一个千分王者，简单评价一下自己的看法。
从s11赛季后基本淡游了，不是没玩，而是玩不太下去，现在的游戏就是存在很多的问题。
1.1费赌狗破坏游戏环境，1费赌狗的强势严重挤压了2费3费赌狗的空间，让这个游戏变成要么2阶段选择玩赌狗，要么牌好去玩高费，从而严重破坏了运营空间，换句话来说没啥运营空间，3阶段不决定阵容就没容错了。
2.连败收菜机制的各种限制，从s11之后收菜让人不再期待，一是本身往收菜奖励固定化走，大大减少了多样性和刺激感，二是收菜之后阵容能转变的空间很小，到s13就只能玩指定的卡，无疑是发牌员教你玩游戏。（在我看来收菜羁绊不应该只是开局胡牌决定你能玩，更应该作为一个连败没有选择从而博上限的出路）
3.不同阵容之间应该存在更好的衔接，当我用1 2费卡过渡的时候，也可以随着海克斯转职的变动而进行定阵的判断，现版本就是给你啥海克斯你玩啥，过渡没有一点衔接性😂
4.异变机制作为一个新的机制来说是相当不错的，至少赛季初是玩的挺开心的，当你玩到赛季中你就会发现一些异变真的是人吗？还会刷到重复异变，这游戏要不就改成拼手速和运气的游戏算了😅而且异变的特殊性异变和通用性异变在我看来还是缺得太多，一些伪人异变又太多。
",2025-01-06 00:04,284,51,华,玩过,,43668487
金铲铲之战,4,我觉得这个游戏应该把重心放在，做出更丰富的阵容效果上，每个阵容，每个棋子因该是不同的流派和不一样的玩法。现在玩法不管是什么阵容，都是给装备，堆数值，然后每个职业的特殊效果翻译过来就是加各种各样的数值，本质上还是数值的碰撞，看似很丰富，其实很单一，应该多出点，像月神，约德尔人，福星，神龙尊者，刺客等这些在打法上有本质区别，并且有意思的职业。还有就是五费卡的技能设计的都很有意思，但五费以下的棋子，大多数技能也都是数值，毫无意义，应该把五费以下的棋子技能也好好打磨一下，只要在数值强度上和五费卡有所区分就行。这样的话，哪怕一个赛季时间长点，给设计师更久的空间，但起码，会好玩很多，打法也会更多，不管玩前期还是玩后期，不管玩什么阵容都会很有意思,2024-03-22 16:13,33,15,看着月发呆,玩过,,39904470
金铲铲之战,4,"首先，数据不互通问题，如果说云顶之奕是一款养成游戏，那我肯定喷。但是云顶唯一的氪金点就是小小英雄和地图，所以不互通虽然意味着你pc端的充值在手机端没用了，但并不影响游戏主要玩法——下棋，所以其实根本无伤大雅，因为即使有了手机端，我相信各位的主要战场依旧还是pc端

其次，还原问题，UI这些我就不讨论了，着重说玩法，腾讯在游戏里面加入了两个模式，今天早上我下载了以后玩的是时空裂缝模式，的确是瞎改，英雄名，原画，版本都和pc不一样，于是我打完一把马上删除了。然而今天下午逛贴吧的时候看到有兄弟说：“其实后面的英雄之黎明模式才和pc端是一模一样的”于是我刚刚又下载来玩了一下这个英雄之黎明模式，居然真的全部和pc端一模一样。虽然不知道腾讯居然把这魔改的时空裂缝模式的入口放在原版的入口面前是啥操作，不过无所谓了

综上所述，我认为可玩。",2021-08-26 19:08,1,0,暗涌,玩过,,26523561
金铲铲之战,1,这个游戏不靠玩家的努力，纯靠运气。运营没有关系，不要被网络带偏，在这个游戏里运营没有丝毫优势。也不要有人跳出来说运营。非常有用，跟我说什么啊？运营真的对游戏至关重要。我要说的是这个游戏纯靠人的运气，甚至你能看到有人在7级三星五费。更有甚者，你10级刷不到的牌，人家在8级就能刷到离谱不？更恐怖的是有人甚至你在10级的时候刷牌。三星五费差一张，但就是没人卡，但你就是刷不出来。就差一张，偏偏你就最后一次机会，你就是刷不出来，就算再给你5次机会，你也不一定能刷的出来，我的亲身经历呀。😤😤😤,2026-08-13 23:03,2,0,斌川,玩过,,50019672
金铲铲之战,3,"云顶国服第一批测试就有资格，每个赛季都有参与，技术不算菜也不算厉害。操作手感对于玩家来说太重要了，当然不能要求电脑跟键盘相比，但也别太差了。建议优化按键的延迟和反馈 感觉d卡 、打开牌库、甚至移动，每个交互都有延迟，可能是手机型号太老，可能机型优化太差，也可能那个是技术方面的原因，建议优化。
另一个就是右边的玩家状态栏那一列的ui  手机上就别要求原汁原味了，玩的舒服才是王道，电脑上是键鼠操作，自然方便，手机不一样，建议 增加新的无间隔的方形ui，可自由选择经典或者方形ui，丑是丑了点。
另外，不管lol手游还是云顶手游，打开游戏一堆狗屁活动，建议增加一件跳过或者此次活动不在显示的功能。当然，这个建议就当我放个屁。
",2023-06-25 16:10,33,13,手机用户85144977,玩过,,36432403
金铲铲之战,2,"《金铲铲之战》它巧妙地融合了多种元素，让我在游戏中体验到了前所未有的乐趣。
游戏的画面精美，角色设计独特，每一个细节都透露出开发团队的匠心独运。音效方面，无论是战斗时的紧张刺激，还是胜利后的欢快喜悦，都让人沉浸其中。
在玩法上，《金铲铲之战》展现出了极高的策略性。玩家需要仔细考虑每一步的行动，合理搭配英雄和装备，才能在战场上取得胜利。这种深度和挑战性让我每次游戏都有新的发现和收获。
游戏的社交功能也让我感到非常满意。我可以和好友一起组队，也可以在游戏中结识新的朋友，一起交流心得和技巧。这种互动性让游戏变得更加有趣和有意义。
《金铲铲之战》无论是画面、音效、玩法还是社交功能都表现出色，而策略强不在于你如何运营，而在于你有没有你要的牌，没有就下一把。",2024-06-16 15:28,156,14,我的昵称哪里去了,玩过,1178.7,40974535
金铲铲之战,1,"国际服TFT到此一游😅
就这啊，S5的棋子羁绊名字没改，S1的棋子羁绊惨不忍睹(所以改的原因依据呢，所谓过审说法不成立了啊)；画面低幼，画质阉割，翔一般的装备合成手感和拾取动画；预约奖励:一次性的消耗特效几个，双倍经验卡一个，excuse me？不想给可以不给啊，不要羞辱人啊😰
哦，这都不重要啊，抽奖池先搞几个再说😅
——————
喜欢吃的各位尽管留着，我回国际服去了(阿里投资的加速器现在都完全无广免费)，我遭这罪干啥😅",2021-08-26 15:48,1,1,风雅飘飘,玩过,252.7,26517995
金铲铲之战,5,"玩了一段时间，重新评价一下，希望游戏会越做越好吧。
之前给三星，确实给少了，一开始上手被这魔改弄的确实恶心，其实现在看饮血剑我也别扭.
云顶玩家要注意，手游和云顶的牌概率，后排刺客的走向都有细微不一样，老玩家得多观察多适应
社交是比云顶做的好的地方，毕竟能和认识的人一起玩，玩啥不重要，图一乐嘛.这点就值2星（这也应该能让这个游戏的持续性很强）
TX为啥不复制TFT？因为不挣钱！某宝自己搜云顶手游就明白了，100块钱不到就是人上人了。如果在国服出了，怎么赚钱？
以后还会出TFT？绝对不会出了！原因是现在各种软件都在推行在手机或者电视上玩电脑游戏，最适合玩的其实也就是云顶之弈，我之前也偶尔在手机打云顶，除了小了点都一样，推荐用腾讯start.挺好用.
顺便一提如果在电脑玩金铲铲，模拟器还是雷电好，tx的卡顿严重
希望改进：
1饮血剑弄绿色的?一开始我还以为是新装备，你还不如弄个黄色或者橙色，弄绿色？
2游戏角色的装扮感觉是村里自己做的皮肤，一点没有用心，感觉就是应付版权了.
3如果时间模式下个赛季是S2.请一定原汁原味的去重现当年的情况，因为s2的可玩性是最高的，但是平衡系统是关键，如果你们不会弄，就照抄当年的设定就好了
下个赛季如果时空按s2来出的话，希望像现在的S5一样保留原汁原味",2021-08-27 10:56,9,6,悠哉悠哉,玩过,,26542434
金铲铲之战,5,"有一说一，我觉得单论游戏来说给五星问题不大。把端游情绪带到手游里面来本来就是不正确的。作为一个0氪玩家，我并不在乎数据互不互通。玩了三天的s5版本。除了有选秀抢人可能不如电脑那样流畅以外，其他的端游几乎是一致的。装备变个颜色我也能认出来。
至于那个s1版本，我觉得是给新人玩家入门的，然后让老玩家去找乐子。这游戏的重心还是s5版本。
至于外服tft，我之前也下过也玩过一小段时间，但是感觉真的不咋滴。这游戏画质拉满虽然耗电快，但是就画质和游戏体验来说，tft根本没法比。而且还要配个加速器，还有可能网络波动。
至于很多人说这游戏很烂，还有人说什么就是从端游上复制下来什么什么的。我想说：我要玩的就是从端游上复刻下来的。目前来说，除了龙牙和饮血剑变了颜色以外，其他的和端游都差不多。已经做得很好了。不知道有些人在喷什么。",2021-08-29 02:24,0,0,手机用户47794265,玩过,27.4,26588406
金铲铲之战,5,"我玩过外服TFT  客观的来说，相较于很多人吹TFT，我觉得金铲铲在各方面比TFT做的好的不止一点。
首先游戏UI界面来说，金铲铲的UI看着很舒服，很干净，有一种高端的感觉而不像TFT一样很简陋，功能也很多。
在对局里，关于装备的操作实在是很方便，而且可以直接在装备栏里合成，并不用随便买卡合成后再卖掉。
整局游戏的流畅度也很高，商店的卡牌会对现有的卡和可以凑羁绊的卡高亮显示，过场动画精美，游戏开始和结束画面也做的很好。
目前发现的缺点：优化较差。我手机配置不算低，在流畅画质下开高帧率，手机发热严重，耗电多。尝试过边充边玩，一整局（还是吃了鸡的，时间够久了）下来，只充了2%。
总得来说，单纯从游戏内容上看，我个人认为金铲铲总体做的还不错，完成度较高。对标外服TFT，外服TFT给我的感觉就是一个半成品游戏，只有游戏内容，其他的功能都没有 ，用户交互方面很粗糙可以说基本没有。
玩了几局下来对金铲铲还是比较有好感的，希望官方不要摆烂，认认真真的把金铲铲做好，不要仅仅把金铲铲当成一个赚钱的商品，用心做，玩家自然会买账。",2021-08-27 00:57,2,2,Moon丶,玩过,29.1,26532301
金铲铲之战,5,"嚎月狼人通关教程！

在新版本“双城之战”中，暮光之战模式和我们又见面啦！ 今天仅开放了第一关嚎月狼人，剩余的关卡每3天解锁一个。
与大家熟悉的《金铲铲之战》常规模式相比，暮光模式不是与玩家进行对抗，而是闯关一样，每个关卡设定好固定的阵容和棋子星级，我们需要合成合适的装备来给我们场上拥有的棋子让我们能够赢得对抗boss的胜利即可。

暮光模式规则
暮光模式中跟正常模式下那些规则不同，我们不能提升经验值也不能刷新商店。
我们仅需要做到的是要分析战局、穿戴装备、调整站位。我们需要根据关卡设定的羁绊和装备来做出应对的办法。

在暮光模式中，会有一些特殊的棋子，不存在于双城之战中也不存在于时空裂痕中。他们通常作为每个关卡的boss来出现，并且每个都具有强力的技能。

今天的boss是“嚎月狼人”。
嚎月狼人第一关
分别是都携带『兰顿之圣所』装备的四名格斗家组成，其中“科加斯”额外携带一件『火箭助推铁拳』  而我们则分配到『1星克格莫』，『2星普朗克』，『3星厄加特』和『2星格雷福斯』组成了4枪手羁绊。

过关要点
1、好好利用三星四费卡“厄加特”
2、羊刀完美贴合厄加特技能，同时巨杀能有效克制格斗家。
注意到以上2点细节即可迅速通关。
第二关
我们面对的『2星普朗克』、『2星崔丝塔娜』、『1星克格莫』、『2星蔚』、『1星金克丝』和携带“钢铁烈阳之匣”的『2星厄加特』以及携带“鬼索的狂暴之刃”和“巨人杀手”的『2星克格莫』组成的2姐妹4枪手2狙神羁绊。
与此同时我们被分配到『2星科加斯』、『2星蒙多医生』、『2星扎克』、『2星特朗德尔』、『2星拉克丝』和『2星玛尔扎哈』组成的4格斗家3变异战士2黑魔法师1巨像羁绊。

过关要点
1、后排输出取舍中选择有“变异战士”羁绊的『2星玛尔扎哈』作为后排核心。
2、巨魔之王可以有效降低敌方攻击力，可以好好利用这个点。
3、拉克丝的灵风可以有效限制敌方『2星克格莫』的输出时间。
第三关
我们遇到了最终boss嚎月狼人，敌方的队伍分别由 『2星扎克』、携带“钢铁烈阳之匣”的『2星蒙多医生』、『2星巨魔之王』、『2星吉格斯』、携带“班克斯的魔法帽”的『1星维克托』以及携带“朔极之矛”和“珠光护手”的『3星嚎月狼人』组成的4格斗家3炼金术士3极客2黑魔法师羁绊。
而我们分配到了『2星赛恩』、『1星科加斯』、『2星厄加特』、『2星金克丝』、『1星普朗克』和『1星克格莫』组成的2巨像4枪手羁绊。
过关要点
1、巨像单位免控，好好利用这个点来针对狼人的技能限制。
2、狼人击杀后会立刻刷新技能，给前排巨像“守护天使”避免狼人击杀队友导致被狼人团灭。
3、厄加特技能固定7秒射击，每秒钟射击5次，能反复触发“斯塔提克电刃”的装备效果，做两把给厄加特能迅速击杀对方全部单位。
4、金克丝技能启动太慢，所以不考虑作为核心输出。",2021-12-11 23:05,1,0,别让我唢你,玩过,,28414297
金铲铲之战,4,"写这个评论因为自己真的很喜欢下棋，也是从s1开始入坑的。进游戏看到s1的棋子都回来了当时真的挺激动的。但是争议最大的也是这个，很多人说魔改了，改羁绊，改建模。变味儿了，玩儿不来了。真的挺离谱，自认为本人理解能力和平常人没啥区别，我玩了大概三把，大部分棋子羁绊弄清楚了 比如海盗变豪侠 剑魔变轩辕  真的说句客观到不能再客观的话 花一点点时间就能适应 而不是急着来这儿吐槽啊魔改了真辣鸡我不玩了之类的话 毕竟官方从来没有说会100%复刻s1  只要对核心玩法没有影响那又怎样呢  更何况它官方大可不把这s1弄出来  他们内部人员不知道会起争议？人家做游戏的会比我们想的少？ 多玩两把自然就适应了，真的玩不惯的端游1∶1复刻的现版本你可以躺着玩儿。
再说说我自己对这游戏的看法，整个游戏界面简介清楚 你那么多花里胡哨的东西，画质调高点比端游也就差一点点，操作啥的没什么大问题 也就是个适应过程。小改的s1让我很惊喜，我觉得s1是整个云顶最经典的版本。缺点也有我懒得说了。 反正这游戏对于下棋爱好者绝对是福音，可以躺在床上玩，他不快乐吗。
以上全是个人看法，仅供参考   如若有他见 请保留",2021-08-27 18:42,1,0,莘,玩过,,26556335
金铲铲之战,4,"这是一个真实不带有色眼睛的评价
经典棋盘签到领取，不开角色描边看的舒服，绿色的饮血剑建议今天就改，充值不影响牌来的概率，出来些创新模式，但还没完，在情怀上+了份创新，虽然我讨厌鹅厂，但这款游戏应该不容易被鹅厂毁掉，总之和端游差别不是特别大，适合上班摸鱼，但确实有些花里胡哨了",2021-08-26 14:01,1,2,超级蒋蒋,玩过,72.5,26515033
金铲铲之战,5,"福利挺好的，符石精粹攒一攒就可以换一套好看棋盘和小人，活动白送的小小英雄，什么佛耶戈妮蔻阿罗拉质量也在线，完全不是为了应付工作随便做出来的。
机制玩法创新有很多创新，飞升英雄，羁绊钥匙什么的，比端游云顶好玩不少。
说实话我还挺爱玩咖啡甜心羁绊的[表情_捂脸哭]，端游手游什么时候能返场一下。。[表情_泪目]",2026-07-28 12:19,1,6,克伦娜,玩过,945.0,49794326
金铲铲之战,2,"从第一个赛季玩起到现在，中途陆陆续续也卸载过好几次，每次卸了又重新装回来的原因有很多，但越来越往社交方面靠拢，因为朋友圈玩这个的多，所以总是被拉回来了。
但这并不能证明我对它的评价会更高。这是我第三次改评论了，但核心内容永远没变：仓检。
金铲铲是我见过同类型自走棋游戏里面仓检机制最严重的。没有之一。
赤潮自走棋（现在挂了），多多自走棋，王者模拟战（很久没玩了），阴阳师麻将牌，战歌竞技场，剑三自走棋，金铲铲……不说市面上的都玩过，但主流的也玩差不多了。自走棋游戏从开发出来那刻起，就注定是个运气游戏（同时也是个概率游戏），这个不可否认。但概率本身也是个数学原理。从这个层面讲，别家运气和运营可以做到五五开或者六四开，金铲铲可能过分到七三开：7成的运气3成的运营。
玩金铲铲近千把，某赛季也上过大师，这赛季在钻三，八成以上阵容都是在玩赌狗流，所以对金铲铲抽卡概率可以说深有体会。排除掉那些同行太多的赌狗局不谈，就说玩独家赌狗的时候 ，一二费卡刷出来的概率可能比三四费卡都低。当然，你可以说这是运气问题，但是当这种运气问题呈现为一种规律性之后，你还认为是运气问题吗？
现版本赌狗玩来玩去就那么几套体系，瑟提的，卡尔玛的，豹女的，要么永恩的（EZ没人玩了），假如你是个钻以上的老赌狗，你就会很容易发现，赌狗连赢四五把（吃烂分也算）之后，再玩赌狗你就很容易被所谓的运气制裁，哪怕给你独家，一百金币刷不出一张三星一费卡也会成为常事。
这种可以归类为运气的事情，其实在其他自走棋游戏里都有出现，但唯独在金铲铲这边成规律性，并且频次相当高。
你有试过一局游戏里面没有任何人抢的情况下，到5-1出局前，没有刷出一张一费大头的情况么？这简直是把一费卡六级前最高的概率数字按在地上摩擦😂金铲铲的仓检的已经有点光明正大兼不要脸了。
当然，仓检虽然让人恶心，但随时根据来牌调整阵容基本成为高手的代名词，牌库池之深，让这类达人可以最大幅度的减少仓检所带来的危害，只是相对应的，会累一些。
可对于大多数一般水平的玩家来说，这就很痛苦了。
至于金铲铲的bug还有阵容体系的不平衡，就不多说了，已经有太多人吐槽了。
上大师可能还好，毕竟玩了这么久，基本的运营跟牌库还跟得上.更往上就爬不上去了，牌库池没那么深。只是被发牌员演了太多回，这大师上的也会比较心累………
",2021-11-07 21:51,179,101,庄闲,玩过,3239.4,27908526
金铲铲之战,4,s6末期入坑玩到现在，我总结出一个规律，一把游戏8个人绝对有个特别胡的，其他人只能当配角，或者几个神仙乱斗，说到底还是运气游戏。我最想吐糟的就是彩色海克斯里能不能把那个给两个手套的，给前排加40攻击力的，二进制空投，应该还有但我现在只能想出这么几个，这些能不能删了，彩色？它配吗？升级了高端购物黄金门票就不说了看到必拿，就算是战斗法师电火花星界赐福起码加战力，前面那几个真是连某些白色海克斯都不如。最后说一句，祝大伙新年快乐,2023-01-24 02:14,61,34,火星,玩过,427.9,34873678
金铲铲之战,4,"有一说一 画质开最高 帧率最高 英雄黎明的模式里体验还是很好的 画质也很高很清晰 不懂为什么那么多人喷画质。（可能s1 的那个模式里不行?）你要是觉得s1版本的模式做得辣鸡也可以选择不玩，也没必要用这个模式喷这个游戏（毕竟这个模式外服也没有不是吗？）
至于数据不互通确实是吃相难看 但自走棋不影响平衡 放平心态有空玩一把也还行 喷可以喷，但要足够体验之后再评论（我有好几个朋友进游戏画质不调 模式不改 玩一把就说画质太差，s1的不会玩就卸载了）
说到底手游图的是方便 能躺着玩云顶才是重点
别杠 杠就是你赢",2021-08-28 02:10,213,21,水池,玩过,,26565918
金铲铲之战,2,"2021.11.27修改
版本太畸形了，从来没见过这么畸形的版本，回去玩多多自走棋了
——————————————————
多多玩家，这周下载相当沉迷玩了50盘，卡在铂金动不了了。
先说优点：1、D牌效率高，独家的感受要比多多好些；2、三选一抉择有趣，让阵容搭配的套路更加多样；3、4费5费三星压制力够强，投入产出反馈做的好些。
缺点：1、转圈选人自以为很有趣，实属***设计，点击就能完成的事非要移动到装备或者骰子前，典型前女友和别人逛街穿着你送她的衣服，还自我感动的觉得给了你参与感；2、同种族、职业从卡面到模型缺少共性符号，建议设计师重修符号学。抄隔壁都抄不会，哥布林、兽人、熊猫人特征都很典型，一目了然节约了玩家心力，你他喵也就约德尔人勉强等同于哥布林；3、5费极客和发明家压制力太强，其它几个形同虚设；4、脸盲D牌得全神贯注，尤其4费发条光辉娜迦看着都是一个模子刻出来；5、一局游戏40分钟，我一天能有几个空闲的40分钟？这时间投入比上王者、车神难的多，属于自走棋的通病
最后恭喜这个游戏成功，从代理多多到出铲铲，敲骨吸髓的确是专业的。走出来一条QQ堂、QQ飞车、CF、LOL、农药一样的道路。",2021-11-21 03:37,0,2,长烟一空,玩过,108.9,28110466
金铲铲之战,4,"这条评论算是针对 云顶+金铲铲吧。
首先自走棋品类开始之初，我只能说 云顶不是第一家 也不是最后一家做这个品类的公司。为什么最后算是统治了这个市场呢。
从云顶初创之初 关于云顶s1的设计，就已经很明显的它的主要优势 大版本迭代 视觉表现力。
大版本迭代很好理解，每个赛季更新都会换成全新的羁绊 加上新鲜的机制 例如上个赛季加入的海克斯机制(基本保证了每局海克斯都不相同) 巨龙秘宝(取代鸡哥自选装备)  
这些每次更新代表即将要重新学习 认识新的阵容 新的玩法 甚至说小更新带来的阵容强度变化，使得可玩性提高，游戏的重复度降低。
而至于视觉表现力 棋子的技能华丽 战斗的表现
都是这款脱胎于lol但是仍做到了自己独具的画面表现。我相信不管是有没有lol游戏经历的玩家，在看到自己的棋子的战斗表现，都忍不住要说一句好猛。
最后提一下金铲铲 这款手游营收始终排行前列的产品。优点也基本都和端游挂钩。
缺点也很明显 更新的效率 跟不上端游的更新速度 数据和端游的会有相差 也导致手端游的差别，bug的差别。这边提一下前久看到的一条评论 手游真是有先见之明，知道狗熊要削直接不更新，其他的大家智者见智


",2022-07-04 23:25,3,2,攻略组白衣,玩过,,31914088
金铲铲之战,3,"感觉蛮好的 比较看脸
可能充钱运气会变好吧 但是我也不是爱慕名次的人 有时候当个第一就不错
对局中可能会有人机
还有我腾讯什么分低于350我连话都不能说了
🤹🏻阵容多样性：
很多 可玩性很高
💡玩法创新度：
每个赛季都不一样 有人会熟悉不过来退游
✍🏻建议：
少给我禁言
🌃画面音乐：
中等吧 最近东西变多了希望简洁点

超过我时间的人应该不多吧 我不是水军也不是黑子 只是想给个中肯评价 
三星差不多了 这游戏想肝有肝的地方 光娱乐也不错",2023-08-11 16:34,9,8,v8,玩过,782.1,37178483
金铲铲之战,5,"嘶，被朋友拉来玩的。
个人不喜欢棋牌游戏，不过这个游戏很容易上头，只要打开就会忍不住继续打下去。
游戏花不花钱区别不大，看脸，我脸挺黑，还几天还玩不太明白，年纪大了，麻了，但总体不失为一款上等棋牌游戏，英雄杀的顶配版😂人物还原lol有作战场景，适合玩过lol的老玩家。",2023-08-13 12:58,18,15,天仙似我,玩过,,37211400
金铲铲之战,2,金铲铲之战该游戏画质很好，一上线就能看到很多福利以及活动，然后老玩家也回流奖励，新玩家也有新手福利，每隔一段时间就会有新的活动出现，每隔几个月就会更新一赛季，赛季更新会改变职业名字样貌，给人一种很新颖的感觉，然后时不时的会把以前过新年的活动，重新拉回人们的视角，让老玩家怀念，让新玩家体验曾经没有体验过的感觉，而且时不时的就会给玩家发福利，有的时候会赠英雄蛋 ，有的时候就会赠水晶等等，都是对玩家玩游戏有帮助的东西，我本人比较喜欢天降福星+恭喜发财的模式，不仅有天选之人（就是可以基本多加一，然后买下来就是二星），开局拿到四费或者五费更加近加紧战斗的步伐，时不时的还有跳跳龙出来给装备金币等等，当然，如果开局就拿到了福星四费的，然后后面刷出了别的福星，就是天选的局面太棒了，这赛季还加进了之前别的赛季的五费（名为新春使者，可以多一个羁绊，就是场面羁绊多的，然后三选一）,2024-03-04 17:56,14,8,碎碎猫,玩过,682.1,39715937
金铲铲之战,1,"拥有优秀的刷牌机制，即使你要的牌没有一个人卡，概率拉倒最高，该不给你还是不给你，氪金确实能提高出牌概率。
玩家都和谐友善，会主动断你连败，即使用不上，选秀也会去抢，并且事后发起嘲讽
拥有良好的匹配机制，既钻石局都能有2家人机负责专门恶心你，和牌局随机性，你连败的时候不会打任何一个弱者，只会在那让他恶心你，之后当你小提质量防止掉血过多的时候，立刻安排弱者与你对战
奕子AI相当完美，可以做到原地踏步，左右摇摆，以及困难的奕子之间的互相演员，如s9烬开枪，瑟提负责把人拉走，奎桑提将敌方大C踹入我放脆皮后排里
金铲铲好玩爱玩",2024-10-27 02:49,119,12,钱糖,玩过,,42867495
金铲铲之战,2,"也就小小英雄可爱值得一提。
氪了金发牌员都会友好许多。
不氪金主打狂暴进决赛圈就跑。",2026-08-27 12:07,2,0,pAn,玩过,1.1,50231108
金铲铲之战,5,"我是宗师段位，自认为有点游戏理解，希望得到更多建议
进阶刷牌
首先牌库每一费的数量总量是一定的，而正常我们说的五费十张是在这个数量之内的限额我们把他划为一个集合但是五费卡的总量并不是十张，这个总数是你的五费概率乘以五费个数乘十。意思就是说你能得到几费概率的数量就是你目前几费个数乘以限额再乘以你的概率。
接下来讲另一个概念，隐藏数量显现，就是说随着你升级低费概率降低，高费概率升高。但是再升高也就百分之四十意思就是说一般总数最多只能容纳同费三分之一的完成三星进阶
接下来在讲一个转化机制，这时你要先明白一个前提：玩家的显现牌库是共享的，但隐藏牌库是不共享的。
的钱会提升质量，升级能增加概率，但是概率是有零的，先进入下一阶就有先转化权，解释：当我拿到这张牌就有相应的限额数量的牌被转化为相同的牌（隐藏牌库也会被转化）意思就是说我四级拿三费那么当我六级钱足够我就定能三，五级拿四费八级一定三，七级拿五费九级我一定能三（但是要没人卡，因为你转化了意味着别人也会出现这张牌很多次）
综上得到的技巧就是
1要追特定牌就要快速争夺那张牌的转化权，要走高费阵容就要用别人的转化牌过渡因为你容易出
2当别人卡了你转化牌，你就只能扩大显现牌库，或者去转化别人高费所要的牌只要你能刷到
3这是一个意识，就是这个牌库的转化程度，也就是转化权会随着人数的降低而不断变大，所以当人一少就很容易争夺，就很容易将对方的牌卡死
这局游戏开始每个人都有转化权，而金币刷新就是你对转化权的使用核心原则是先到先得，后到得先。
但是先得到这张牌转化权的人不玩这张牌了，或者他木了这张牌还是被转化的状态，就是说场上明明没有一个人玩但是这张牌还是经常出现影响了你对同类牌的刷出概率
这里又引入一个新的概念就是转化牌的优先级：意思就是说被转化的牌优先进入显现牌库，当转化牌不够显现牌库的总量才会让非转化牌进入
这时从原理来看就是持有者的金币才是转化权的核心，转化牌代表了玩家的转化权，但是玩家放弃转化的方式就是将牌卖掉
大家的羁绊比例会影响隐藏牌的出现",2023-04-19 22:06,99,51,幻梦,玩过,,35702198
金铲铲之战,4,"我不知道你们为什么给他那么低的分？免费游戏一直喷氪金点？不氪丝毫不影响游戏体验。喷傻逼发牌员？发牌员亲爹的时候咋不喷了。
网络手游不配5分，单下棋游戏足够4分，理由：
1.端游手游可以无缝衔接，他甚至有s1，不过憨憨名字不足以成亮点。
2.当前环境自由棋环境最好，不用翻墙，不用等待，没有闪退，不怕跑路，还是国外的平衡策划？还有社恐无用的世界聊天。
3.主界面，快速游戏合理。附带一堆我觉得乱七八糟的小游戏，其实可以看出来努力在吸引玩家了。
4.公平。不会氪金＋10攻击力，哦不好意思错频了，不会说氪的多运气就好，端游8人口50金币d不出4星核心情况都多了，欧非都是暂时的，分奴前4还是能上大师的。
5.想起来再继续",2021-10-03 04:01,2,4,爱跳跳爱生活,玩过,,27333411
金铲铲之战,4,这次国服质量确实是相当可以了，之前翻到外网说羡慕我们国服的评论，还以为是在炒作，不敢相信，但是现在看看，我觉得外国人确实有必要羡慕一下，毕竟国服的这次版本是双版本，而且游戏的模式也比国际服要更加多，无论是双人模式，还是狂暴模式，都算是比较新鲜的玩法了，其中狂暴模式是真的好玩，节奏比起传统的经典模式加快了好多,2021-08-30 14:30,232,9,邢佳,玩过,12.2,26615182
金铲铲之战,5,"这游戏很好。大师二段位一百多分。这个赛季上的以前上钻石都费劲
跟你们讲一下金铲铲之战是什么样的游戏
这是个一个赌bo游戏但是你不用花一块钱不氪金也能玩完全不影响对局内
就是游戏每回合给你发钱。你用钱去投资棋子。
还有血量。玩家小小英雄血量空了变成0你就输了。
就是赌bo游戏用游戏里的金币来赌你玩游戏的时间活到最后的人就赢了
很有意思信我。因为如果只是赌bo用游戏给你发的金币赌生存时间这么简单的话就没意思了。问题是一局八家玩家互相斗。内卷。还有就是恶意卡牌并不可耻是游戏特色。真的牛的人头脑风暴根本不差被一个人甚至很多人卡牌这才是美丽。
被卡牌确实容易GG确实就是容易加不到大分甚至掉大分
这个游戏高端的乐趣在于预判对手。对个对手针对你你预判他们怎么安排你。你怎么反制夹缝生存。
关于版本好不好玩这一点只能说每个版本都有各自的特色不过确实有好玩的版本。虫子版本就很好玩真的。。
这个游戏机制很有趣。不全靠运气也不全靠实力。有的还点看匹配到的人成不成全你
但我觉得双人模式并不好。选装备不是给自己选根本没配合。都不如开俩设备自己打俩流派随便玩。。
哎其实啊这个游戏你理解深了就是赌bo。如果赌bo那种沉迷性加上不用花一分钱何乐不为。
但是不合理的地方确实有。。真的
甚至你无法破坏这个机制
正常就是运营钱和卖血。
问题是一家强度过高之后的运作只有可能两个。。要么他就无敌了继续变强。要么就是其他人疯狂给发核心牌。。我不李姐
可能就是手游的eio吧
我觉得应该有各种思路各种流派组合散人羁绊都可以很强。。才有意思
如果组成某个羁绊。组成某些卡就无敌那就没意思了真的。
比如过去的二星名流加里奥。法爆离子正义直接打死全部子
这个版本的四龙六龙。。
散人根本没法活根本没有散人流
而且不同羁绊即便你组成最高的也未必强
真的就强的就强弱的也能玩掉分就完了。
可开发的都不强
强的就那几个组到分就有。这不对劲
就好像被设计好一样。。
正常游戏理念你是可以开发自己想要的大概结果
而手游eio后就是每局想要分。要么就玩强的套路。要么就按这局暗线发给你你该玩的牌路。
就大师和更高端在哪呢。
就前期疯狂操作不花钱或者最低消费提强度。。不掉血钱也不少一费卡三星卖掉也是九块没损失。钱和装备差不多到了就全卖d自己的套路
还有就是了解游戏机制。自动刷出你需要的牌你再d可能还会给你需要的牌。追几费就买几费卡。
而一般我认为高手对节奏把控判断很重要
就是说装备小件。海克斯。卖血时机提强度时机。还有该梭哈还是该继续苟掉血局势判断啥的。
最简单的说就是不合成没用的装备大致软件都有掌盟上有高胜率装备
就是说一般版本之子装备比较强。还有就是对后期有用的。和对阵容有用的
比如这个版本法爆。法输出都标配
低费高能就巨人补手
快速启动青龙刀
还有就是强度肉盾的石像鬼板甲
进化战士就是变大战士的泰坦。
就挺有意思的不过一些弱的太弱了根本没人合成
但没有绝对的
nb的存在卑鄙之风那个东西玩好了直接弑神别问我咋知道的俩卑鄙之风弱胜强经典翻盘
这版本其实法衣比较弱真的棋子强度太高。
就棋子太厉害了而且。就那几个。
龙神加龙神加龙神就无脑。。
我还是希望多出类似散人的组合打法
永恩这版本牛批。。
还是想玩女警哎。最强一费卡一枪万血女警。。（玩具吃分都费劲）
海克斯很没有深度真的。比如说你组成几神龙了。给你三个海克斯选。一个神龙尊者勋章。还给你一个铲子加三个随机小件。那太zz了巨龙宝藏随便补这赛季马上结束还有两波巨龙。我都懒得吐槽了",2022-12-05 20:17,114,75,杰米修,玩过,313.2,34316665
金铲铲之战,5,"双城之战恶心阵容推荐
阵容组成，拉克丝，奥莉安娜，塔里克，薇古丝，猫猫，丽桑卓，露露，迦娜，大头
四学者四白魔三约德尔人二黑魔法师二战斗学院一社交名流，九人口阵容大成，主c拉克丝装备推荐，帽子，法爆第三件任意法装副C奥利安娜装备青龙刀帽子法爆，主坦塔里克装备救赎板甲，第三件建议给离子火花，也可以给其他肉装
海克斯推荐，基本上加法强的加蓝的，还有光明装备之类的都可以用
开局拿约德尔人连败 不要的约德尔牌可以卖钱，等到刷出大头薇古丝露露再卖场上的牌，六人口上塔里克开出二白魔二黑魔二极客三约德尔人二学者一社交名流装备给炸弹人方便随时替换等到八人口d出拉克丝替换炸弹人锁血连胜四学者（婕拉丽桑卓迦娜大头）的高额回蓝加上拉克丝被动击杀敌人回蓝能够保证拉克丝启动，而且四白魔保证了输出环境（塔里克露露迦娜奥莉安娜）等到九级d出猫猫替换婕拉，阵容大成，基本可以吃到分。",2024-06-17 13:24,36,25,自分,玩过,562.9,40984363
金铲铲之战,4,"还行吧，相较于端游，很适合新手入坑，但我个人觉得简化过头了，让这个游戏段位有水分，感觉钻石段位以上才没有人机。
此外，这游戏就是个概率游戏，狗运是可以第一，但不是人人把把都狗运，只会一个阵容总有牌不顺的时候，难道斗地主不起手春天就不会玩了吗？",2023-06-09 11:14,68,29,Mesa,玩过,,36243628
金铲铲之战,4,怎么说呢，我觉得这游戏本身的可玩性其实挺高，我个人觉得评分应该要高一点。看了怎么多评论大多数评论都是云顶外服和LOL玩家在吐槽，但是对于我这个不玩lol和云顶的人来说，如果只是单纯把它看成一个新的自走棋游戏来说这游戏算合格了，其实对自走棋感兴趣的朋友可以考虑玩一下，毕竟这游戏不用氪金可以体验游戏的全部内容，氪金只是一个买皮肤好看的作用。我真的不是tx的托，我真的只是客观评价一下，求求你们口下留情，我玩的tx游戏少，对tx没有那么大的仇，所以真的就是客观评价一下,2021-08-27 22:54,5,0,好家伙,玩过,,26562901
金铲铲之战,1,"今天画之灵最后一天，想玩一把爽一下，开局拿了符文午夜虹吸，想玩6擎天约里克整点活。顺利50块卡6级，中间拿了个棱彩符文为了硬玩午夜虹吸选了源计划巨块。
结果就是刷了一百多块钱，终于在没有同行的情况下买到了三张约里克，两星了。
因为有尊者，场上有一个两星永恩，6级商店，刷新点得都麻木了，我相信如果我选择把永恩锤石戴安娜升3的话都够我凑3张3星卡了，结果硬是刷不出一张约里克（反复确认没有同行，只有两家挂了一星约里克凑羁绊）。
勾矢游戏，不知道概率抽卡游戏要上保底吗，商店对应的主要星级，且多次刷新没出现的卡牌，会在多少次刷新之后保底出现吗？吃保底了固然膈应，也比这种大概率之下一张都刷不到的尺矢感觉强啊😄☞",2024-08-05 22:13,34,11,守身如御,玩过,575.1,41877819
金铲铲之战,3,"『纯个人主观评价，仅供参考』
游戏可玩性还可以，无聊时铲上两把，陪伴我消磨了很多时光～画面音乐不是这游戏的亮点·不影响游戏体验～不氪金也能玩，氪金内容主要在个性化中（如小小英雄、棋牌皮肤），一般不影响对局体验～游戏对新入坑玩家还是有一定门槛的，需要理解游戏的各种机制(如利息、等级），建议多查游戏攻略～游戏的长线运营还是挺不错的，铲子官方推出了赛季返场，而且做出娱乐化改版，很有意思，不得不说铲子官方很懂国服玩家～
不过，游戏平衡做的比较差，比如阵容之间强度不合理，部分英雄强度过高，可能和玩法的局限性有一定关系，这样会降低游戏的公平性。
",2024-09-10 21:25,30,13,ciui,玩过,390.9,42351354
金铲铲之战,1,"蜘蛛还是太弱了，建议改成平A秒杀在场所有单位
⚖️平衡性：
三星二费普遍强于三星四费，真是太平衡啦",2026-08-26 19:29,1,0,步罡踏斗,玩过,,50222117
金铲铲之战,5,"腾讯：云顶这模式赚不了钱啊，不行，我得自己做一个能圈钱的。还原度？流畅度？没事，随便做做就行，反正他们也只能玩我的。
孝子：腾讯做的真不错，金铲铲跟云顶一样，太香了。
腾讯：看来我还是做太好了，屎都要吃啊，不用优化了，赶紧想想怎能让他们多花钱吃我的屎。😁
各位洗地的没玩过云顶就别叫了行吗。
五星好评，腾讯，中国游戏玩家的最大拦路人，牛！",2021-08-26 12:09,3,0,古月沐白,玩过,,26511920
金铲铲之战,4,"一款早就该出现的游戏，虽然不算太晚，但是游戏在喜悦中带着些遗憾。
自走棋玩法的出现，很快的在各种游戏里都出了新模式，经过时间的洗礼结合《英联》背景设定的自走棋也一直能保持很高的热度，不仅给了不想在高强度竞技对抗的玩家一种新玩法，更是丰富了瓦罗兰大陆的宇宙设定，(其实就是皮肤说明会)。lol自走棋一出在客户端的时候我就感觉这种无比休闲的玩法非常适合在手机上玩，事实确实如此，但是lol的自走棋来的稍微有些晚，我都忘了过了多久，在客户端上玩了多久才等到《金铲铲》的上线。可苦了我们这群休闲玩家呀！玩法：自走棋玩法，已经不必多说！游戏的新手教程也有不错的引导。玩法的可玩性已经不用过多的阐述了，如果你喜欢自走棋游戏这个必定不会让你失望。玩就对了。
不足之处：但是为什么我说有些遗憾呢，首先就是这个名字，不仅没有直接联系lol甚至游戏的版本和账号也是不同步的。或者说现在的金铲铲是名副其实的另一款游戏。个人感觉非常的不好，相信很多玩家都是端游来的，我们想玩的更多是能和端游互通的，多平台自走棋游戏。如果是分离的，不仅在玩法上版本上是两套内容，而且账号还是不继承的，增加了学习成本，也让如果在端游已经有一定积累的玩家例如我就有很大的迁移成本，玩手游吧不舍的端游，玩端游吧又不能随时玩。两个都玩吧又不互通，学习成本又高太累对我而言就处于很尴尬的位置，玩是想玩，但是好像跟不休闲。累。
所以尬住了呀！对于游戏体验，无论是操作还是适配手机其实都做的很好，毕竟腾讯技术拿下这个不是问题，更多的是纠结，真的纠结，！我觉得做到互通应该不是大问题吧，而且还都是使用qq或者微信。
所以我咸觉游戏虽好但是略有遗憾。",2021-09-02 21:45,1,1,可能,玩过,,26684809
金铲铲之战,5,"挺好玩的，端游手游都玩了多好年了。
在自走棋上确实达到了 大部分人期望的游戏的样子
1，有竞技性 不断更新 不断调整，目前这个版本，也是百花齐放，执事辛德拉，救赎露露，白魔，95，斗毒 ，狼人，辛迪加狙，也算互相克制， 基本上每把把吃鸡的人都不一样。一切都以概率为基础，也算公平。
2，不氪金，自走棋确实没啥氪金的地方，皮肤就像饮料，开心就买就完了。
3，运气只能爽一两把，运营才能让赢得概率更大。所以感觉想赢，还是要看局势和运营。运气我感觉并不是很重要。段位上，记住3.4套阵容，认真玩认真运营的话大概率就是钻石大师左右。
可能也真的就没啥了，看别的游戏都是说氪金影响平衡，这游戏也不氪金。说别的游戏匹配机制有问题，这游戏也没队友。
我看评论区有很多人说自己运气差😂什么阵容太强。我觉得还是想想自己游戏理解问题吧。一把两把也就运气了，你一直输，为啥别人一直赢嘞😂
再说这和游戏也没关系啊😂
不能说，你输了，就是游戏问题吧。",2022-05-10 16:00,31,12,藤藤藤,玩过,201.8,30961716
金铲铲之战,3,"讲真的，玩多了发现运营是关键，但其实运气真的也很重要
尤其是被机制针对的时候，整局下来没一个对的，真的玩不了一点
不过总体来说还是有可玩性的，棋子羁绊大多设计的都不错，还有些整活玩法也都很有意思，因人而异吧，玩起来感觉确实还不错",2024-11-19 22:03,93,24,鬼火,玩过,1794.8,43081192
金铲铲之战,1,"版本不平衡，29更新后的德莱文英雄之力超标，把把都有八级三星四费追梦
亲爱的展博，当你看到这封信的时候，我已经在去机场的路上了。请原谅我改签了航班，我知道，如果我看到你们，肯定就走不了了。因为我舍不得你们每个人，尤其是你。和大家在一起的日子，是我一生中最快乐的时光。虽然我也不想结束，但是新的故事总要开始。
展博，过去我不懂，爱是什么。是你让我明白，爱是当你爱上一个人会舍弃自己的自由，换取他的自由。爱是当你爱上一个人会改变自己的人生，成全他的心愿。当你爱上一个人会愿意放开手，留下最好的回忆和祝福。
爱情最美的不一定是终点，旅途一起走过，也已不负一生。原谅我的天真，这是我能想到的，最好的结局。
爱你的宛瑜
",2023-06-30 11:25,83,15,一下子给我整不会了,玩过,14.1,36487789
金铲铲之战,5,金铲铲之战是一款有趣的策略游戏，它融合了英雄联盟的元素，提供了多种游戏模式和丰富的策略选择。在游戏中，玩家可以组建自己的战队，与其他玩家进行对战。游戏的画面精美，音效震撼，操作简单易上手，同时也具有一定的挑战性和深度，能够让玩家在游戏中体验到策略规划和战斗的乐趣。,2024-05-29 17:40,11,10,朱子,玩过,,40762226
金铲铲之战,5,由于3月31号的更新，许多的阵容和英雄都遭到了削弱，推荐一个阵容：海克斯希维尔，相较于之前的玩法有一些全新的理解。基础阵容：主C希维尔，牛头，皇子，乌鸦，卢锡安，瑟庄尼（6海克斯），八人口的时候上希尔科。如果有海克斯转，可以把乌鸦换成泽丽。装备：希维尔（羊刀，电刀，正义/巨人杀手/水银等等），牛头（石像鬼板甲，冰心/反甲/龙牙/救赎/鬼书等等），皇子（灵风，伏击之爪，静止法衣等等）。相比于以前不同的是希维尔不适用ad装备而是走电疗那一套，把原来的蔚替换成希尔科。这套阵容能有不错的强度的同时还能保证一定的平滑性，阵容成型，，钻石一下烂分不成问题。,2022-04-03 21:53,8,7,DRMSWL,玩过,89.5,30233854
金铲铲之战,5,"玩家评论简直不能看，这一星两星的都啥心态。
免费游戏，氪金不影响数值，氪金这事有啥槽点。哪怕充值贵爆率低，你不爽最多也就扣一星完事儿了。你这一星两星的行为比那世界频道搞颜色、cpdd的能高明到哪去？
买得起的不在乎贵50块买个宝典。腾讯利用这个心态捞钱。哪怕因此觉得腾讯吃相难看，扣一分，我觉得也在情理之中。但这不是你打1分2分离谱行为的理由。
游戏对端游还原性很高，同时加了装备栏合成装备的便捷操作。
制作组很贴心的新增了国际服没有的震动反馈，抢装备的时候避免了，以为自己抢到了，实际没有的美丽误会。
画面精致。多重画面方案针对不同手机性能和功耗需求。
相比于国际服，可以选择微信或QQ登录，极大方便了和好友开黑。至少国际服我都是单机，开黑太麻烦了。又得开加速器，弄账号，买个皮肤还得找途径。身边玩的好友很少。
服务器比较稳定，目前我玩没出现过问题。
相当于新做了个游戏，和英雄联盟端游数据不互通，加上想好看点的话，氪金很多人会觉得比较贵。扣0.5分。但是，影响也不大，单独作为一款手游来说，金铲铲素质也很优秀了。综合评价4.5。
最后呼吁各位taper理性评论。金铲铲、和平精英、原神这种游戏的分数看的人迷惑。每一款游戏都是经历过漫长的方案开发测试宣传才和大家见面的。不要因为它不小心发觉了你的囊中羞涩，就对它恶言相向。游戏是你在任何时候忠实的陪伴。如果你在游玩的时候，体会到了“天胡”的快乐，1血吃鸡的快乐，再来一把就睡的坚持，那就不要羞涩，大胆的用高分宣告你对它的喜爱。告诉还在观望的人，你也可以和我一样快乐。
也希望tap官方应该用正确的游戏评判观，针对偏激评分，宏观调控。提高公信力。撒手不管，不叫正义。🙏",2021-08-30 10:37,3,3,音匣老九。,玩过,7.7,26610824
金铲铲之战,4,"游戏玩法还是一样的没有什么改变，和原身没有基本任何相差。
所以游戏玩法性能是没有问题的，唯一的缺点就是这个游戏的UI界面很拉，玩过了云顶之弈之后再来玩这个，确实感觉很拉。
这画风看着就很假，实在是有点看不习惯，还有棋盘，感觉有点挤，其次打击感感觉很无。
至于氪金问题，这个游戏本身就不存在氪金变强的理论，所以有能力买就买，没能力不买一样可以玩。
优点:游戏性能尚可
缺点:UI界面太幼稚了，颜色过于鲜亮，看起来。给人一种很廉价很假象幼稚的感觉
其他我觉得都能接受，唯有这个确实是不太喜欢。",2021-08-26 13:36,0,1,初识,玩过,3.3,26514356
金铲铲之战,4,和好友斗智斗勇模拟器，玩金铲铲最痛恨的两件事，卡我牌，不让我卡牌[表情_斜眼笑],2026-08-19 12:03,0,2,魔法少女初晓雨,玩过,282.0,50089931
金铲铲之战,5,"S11赛季可玩性挺高的，我在手机上体验了一下，追出来几个三星五费。
目前来讲3星沙皇的全屏激光，强度已经是天花板了，其他三星五费都打不过。
🎮可玩性：
S11总体可玩性比S10要高很多，腕豪把英雄举起来的设定也是特别新颖。
🤹🏻阵容多样性：
目前剪纸仙灵的强度比较高，前期配个老年波比，可以一直连胜上10级，转95阵容。",2024-03-07 13:04,71,19,ikun,玩过,,39740659
金铲铲之战,3,游戏是个好游戏，端游s3.5开始玩的，手游刚出就下载了，坐公交或者什么时候打一把，但是金铲铲的游戏机制真的是恶心人，腾讯可谓是把elo机制运用的炉火纯青，每次连续好几把前两名以后，必定开始连续掉分，直接把我打淡游一阵子(也可能是我水平不够吧)，低端局全人机，根本没有设置的必要，直接起始段位就钻石得了，这个游戏玩家还挺多吧，不至于塞那么多人机浪费大家时间,2024-11-21 10:15,144,28,￡,玩过,385.2,43093662
金铲铲之战,4,"  我不清楚为什么这么多人在喷这个游戏的氪金机制，竟然还有这么多人支持。我发这条评论或许会被喷，算了，自信点，绝对被喷。
  先来说下我自己，我LOL的云顶每个赛季都有玩，从贵族到虚空刺、火影劫、换形龙女、法爆小法、极地游侠，再到七剑下天山、莲花阿狸、福星蛤蟆、龙魂、决斗大师、再到现在的黑暗黎明等等，都玩过。国际服也玩了有70个小时，现在国内上线手游，虽然只有s1和s5，但确实最大限度的还原了端游，在整体的游戏玩法上算是很好了。
  腾讯代理的游戏确实在氪金上令人诟病，我也确实觉得恶心，但我关于小小英雄收集却无所谓，拿个小河灵都照样可以玩，因为我认为这个游戏是拿来消遣，主体是“弈”，玩法总结靠的是思路和打法运营，并不是小小英雄，那些有收藏癖好的，觉得这个游戏氪金恶心的，并不能因此来否定整个游戏。",2021-09-08 17:01,112,102,User107866621,玩过,41.0,26795170
金铲铲之战,4,"这次云顶手游确实是做的相当给力！
两种版本可以自由切换，玩腻了一个版本可以随时玩另一个版本，这样能够时刻保持新鲜感，毕竟s1和s5.5算是两个不同的体验了。
s5.5有龙族阵容，更加偏向于运营，而s1没有运营羁绊，前期可以随意玩自己喜欢的羁绊，同时玩多了端游s5.5版本的玩家，玩s1也会觉得更加新鲜一些。",2021-08-28 14:25,215,15,昀,玩过,10.2,26574574
金铲铲之战,2,"端游，国际服都玩过，这次国服终于出来了。
游戏内容什么的我觉得挺好的，毕竟我零氪玩家，也不买什么东西，单纯的打游戏。
游戏一进去就给我弹一个活动页面（好在只有一个，希望以后没有。这个个人喜好问题，我真的太烦一进游戏就给爷弹什么杂七杂八的东西了。）事件那一栏能不能简化点？像端游一样点开就是排列好的任务进度条不行吗？
我当时玩国际服的时候我是很兴奋的，整个页面没有多余的东西，大大方方的。但是一到国服！我就在想！我们是天朝唉！大国唉！能不能别整这么多杂七杂八！",2021-08-26 13:23,2,0,向前。,玩过,,26514009
金铲铲之战,4,"🎮可玩性：
2000+小时了，s5.5也就是开服就来玩了，玩的人越来越多了，从之前600随便王者到后面800才能王者就能看出来，手游从之前抄端游都抄不明白，已经改善很多了，当然bug还是不少，有了英雄之力以后，对海克斯的依赖性更高了，真怕有一天没了海克斯甚至会退一波人，一个静水监狱就能原地坐牢，上分不少朋友们一起八人内战还是挺好的，氪金方面全靠自愿了，至少曾经过年福星活动是可以白嫖神龙金克斯，88块晶能石的，只是后面没出了，魔典的英雄玩久了的人也能肝出来，不氪也可以一套神话就是看你愿不愿意攒了。",2023-10-19 16:40,26,22,听辰,玩过,3044.4,38056795
金铲铲之战,4,"说真的，铲铲我一开始也就是随手下了打发时间的，结果一玩就玩上头了，基本上每节课下课都能来一把，打得好的时候甚至回宿舍直接五连开，根本停不下来。

最吸引我的一点就是阵容太多太灵活了！你每一局都可以玩不同的羁绊组合，有时候一把里面还得改三四次阵容，玩得好像在下棋，每一步都得琢磨。特别是碰上别人也很会玩的时候，那感觉真的像是在斗智斗勇。

而且游戏每个赛季内容都不一样，有赛季是电音风、有的是神话风，还有那种超可爱的卡通风格，真的看不腻。我现在最喜欢的就是“双城之战”那个版本，阵容特别有意思，打起来节奏刚刚好。

玩法方面也挺有意思的，比如开局选城邦、海克斯这些机制就很有意思，每局都不一样，有点像“拼运气+拼智商”的感觉。你想稳赢就得会运营，前期拿钱、中期保血、后期爆发，太爽了。而且你要是脸白，直接赌狗上三星五费，简直不要太解压😂

不过缺点也有。比如有的赛季平衡真的做得一般，有一阵子你要不赌出特定卡，完全打不过那些成型阵容，搞得人心态都炸了。而且我觉得比较离谱的是排位系统，像我打到钻石，结果下赛季又要从头爬，连个纪念印记都不给，打着真没啥动力。

美术的话……大部分时候都挺好看的，但有些英雄造型真的一言难尽，有点吓人那种哈哈哈，我是希望多整点帅哥美女的，毕竟下棋的时候还是想看点好看的东西嘛。

氪金这块我还挺满意的，基本上都是皮肤、特效，不充钱一样可以靠技术上分，不会被“充钱秒我”的那种事情搞崩心态，这点挺良心的。

总之，这游戏现在已经是我手机里留得最久的了，尤其是朋友一起玩的时候，特别有意思。如果你喜欢那种策略性强、有阵容搭配乐趣的游戏，或者你玩过云顶之弈，那这游戏肯定合你口味。别看它下棋，看着好像挺无聊的，上手你就懂为啥大家都说“一节课一把，五把回宿舍”了！🔥",2025-03-28 13:53,104,32,动物园魔法师,玩过,,44466541
金铲铲之战,4,"目前金铲铲的可玩度已经高过云顶，由于s10稀碎的娱乐性和玩笑一般的平衡，让我已经很久没有登陆端游了。
虽然金铲铲的玩法脱胎于云顶，但是它的娱乐模式（恭喜发财）和福星返场让金铲铲有了更多可玩性，很显然铲子的策划知道玩家想要的是什么，游戏不只有竞技，更多的是娱乐和休闲，铲子这一点做的比云顶好的多。
至于为啥只给一星，是因为那一堆影响我开游戏的破烂盈利广告是真的让人心烦。
",2024-01-28 20:38,38,10,太虚剑意天下第一,玩过,,39315949
金铲铲之战,5,"萌新，没玩过云顶。看评论好多人吐槽名字还有翻译。搞不懂为啥这是低分段的原因😅
新人角度，客观评价:觉得上手简单易懂，有预设阵容，推荐阵容，可以去网上搜自己喜欢的编辑，个人感觉很友好。
画面，挺不错了（设置可以调画质，进游戏糊的可以调）
操作，手机屏幕太小，实际操作很难受。ipad是我目前觉得最不错的。
骗氪:没有骗吧，就是传统抽皮肤，没有也能玩。（确实挺贵的）
还有宝剑和谐的问题，也是经历了s1  lol到现在的日子，也是玩过好多年游戏的人，这种事哪个游戏都有吧。我觉得能过审，能玩上也不错。隔壁弯弯翻译更奇葩，也好多人玩。说实话怎么那么多   精神洁癖患者   
或者是腾游游戏原罪低分吧。
",2021-08-29 17:58,1,1,小虫,玩过,86.8,26600027
金铲铲之战,1,"玩双排开局拿到一个阿木木连胜到五阶段，结果对面两个人8级，拿出两个三星五费，还不是用的四变五,我们两个10级卡不住对面，反而被对面卡住了。",2026-08-31 01:25,2,0,。。,玩过,,50277217
金铲铲之战,5,之象听刚认识的女孩子说玩过这游戏，自己也下载了一个，开始玩得很懵，连和2星都不会，机制什么的也没弄明白，所以特地看视频学了一遍。玩的技术有点点进步，但离吃鸡还挺远了再然后发现一局太久了。2周以后那女孩子成了女朋友（怎么成的这个先不提），我睡她旁边闭目养神的时候听到她和她闺蜜玩这游戏玩得开心，双人模式的，她们交流说着我们打的红方，我有一个金铲铲，我缺一张什么什么之类的，感觉上玩得很开心。我那时想着下回来玩一下，她也鼓励我说练好了去带她上分，后面打多了有了一点点理解，打低端局知道给谁什么装备，知道卡利息之类的但水平还不是很过关，把把都老2老3左右，感觉第一好像很牛一样永远成不了。直到有一把我换了一个思路，可以先升人口，然后人多了后面出的牌也质量更好，少一两个高星的没太大问题人多了照样打得过后，一局中差不多就把把锁分，由于连胜的钱多，后面89级的时候，阵容就大成，而且关键卡组都二星，三星，一般卡也差不多2星，最后直接取得了游戏的胜利。直到那一刻后，对这个游戏的理解就像开挂一样，一下子对多个阵容很快就上手， 甚至对每个英雄的理解也非常的到位，该排哪里该给什么装备，什么时候该买哪个。然后就瞬间爱上了这个游戏，然后就飞一般的速度很快就上到钻石了，后面发现大家都有这个水平，然后我就又开始对这游戏的探索，希望自己能掌握更好的方法达到更好的段位，这游戏和生活一样，刚开始可能很迷茫不知道每一步该做什么，参考了别人的方法可以学到很多东西但不可能一下子让自己变得很强大，那你真心觉得这样的东西很有意义，自己愿意花很多时间和智慧在上面时，量变就会达成质变，在某一刻特别开窍，然后无论游戏还是生活都会像开挂样变得更好，这也是就是山重水复疑无路，柳暗花明又一村吧！,2024-05-26 10:31,21,13,你呢,玩过,,40721272
金铲铲之战,4,"这是我第一次玩这种自走棋类型的游戏，依旧是 Q 版画风。
画面：画质很好看，也很清晰， Q 版的人物都超级可爱。但是主页面也是真的超级简约，看起来空荡荡的。
人物：卡牌内的人物基本上都是二次元内的角色，我并不是太熟悉。每次上战场之前都需要花费小金币购买卡牌用于战场。出战的人物都是超级小巧的动态人物🤣🤣🤣
剧情：感觉这个不是用剧情串起来的游戏，而是以玩家为中心进行的一系列匹配比赛。目前制作组只出了三个主题，每一个我都体验过，感觉还不错，虽然战绩不咋样😂😂😂但至少学会了玩法。
教程：开篇的新手教程对于没有玩过这类游戏的人来说还是相当不错的。但是具体的玩法还是需要自己仔细琢磨并且要多玩几局。
玩法：采取偏车轮战的形式，和其他玩家围成一圈先行抽取自己的英雄。然后通过一轮又一轮的战斗赢得排名。这款游戏需要很多耐心，因为一轮接一轮不仅要选对英雄也要忍耐打斗的过程🤣🤣🤣而且还需要适当匹配英雄来获得升星和其他防御性道具。
我一开始很为自己的智商捉急，因为真的赢不了，后来玩了很多次以后，我开始摸索到适合自己的玩法，借着游戏本身的帮助拿过前几名🤔也是八错了。
这款游戏总体上还不错，但是感觉内容真的好少，希望可以加快更新。这种游戏类型对我来说比较新颖。",2022-06-06 16:34,43,7,不吃辣椒,玩过,2.9,31449750
金铲铲之战,3,"在自走棋里，金铲铲的核心体验还是挺不错的。加入了选秀的功能，以及让癞子（铲子）的自由度变得更高。最有趣的其实是装备搭配，其数量和强度的提升让整体策略性被放大。
但除了核心体验，其他都不是特别好。比如战斗时间冗长，一直没想明白为什么要传送门跳来跳去战斗，真心捉急。又比如一堆花里胡哨莫名其妙的活动，还有烦人的拍脸图。很多时候这类游戏，打开之后，真的只想直接排位。
有趣的是，金铲铲分了两个模式，一个看起来有授权，一个没有授权。这里面个人猜测应该是有一个妾室转正的故事。这游戏开发初期多半是个想蹭LOL却没有授权的游戏，后来被鹅厂看上了签了发行（注意闪屏的LOGO是腾讯发行），然后开始拿授权，开发授权内容。当然可能授权谈判比较久？所以干脆就保留了两个模式。
总的来说，金铲铲玩法上还是挺有意思的，特别是和朋友双排三排，卡对方棋子和抢对方装备还是很有乐趣。",2021-09-22 10:40,8,0,文豪白夜行,玩过,,27098077
金铲铲之战,1,"首先就是这个官群，进不去太厉害了，那你把那活动还挂在那干啥，这不是最重要的，我就休闲玩家，开服注册到现在前前后后也就打了800场不到，大部分跟朋友一起，去年的龙神我就不说什么了，现在的这个版本，羁绊的平衡差到极点，稳吃分阵容就是：三巨神峰，四堡垒，二枪手，前主C索拉卡，后鄂妃六四主C，宝石主坦，这套阵容除非遇到天胡开局不然很难吃不到分！跑题了，
六征服、挑战，像一坨屎，尼拉铁男搭配火炮太强就把望远镜删了，真有你的策划！然后我打娱乐多嘛，段位最高就钻石，
总之，新手可以玩，老手回归就算了，不要问为什么，稳就是：发牌员，野怪法球",2023-11-07 12:14,33,5,尘埃,玩过,173.4,38235220
金铲铲之战,3,"三颗星致敬英雄联盟与拳头公司
1.英雄名字和装备就硬改
2.和端游不通
3.极简画风
4.类似充钱抽卡机制
5.游戏内体验一般，还原不完美
最后，希望鹅厂别把联盟手游搞砸了，那是很多召唤师的青春，也包括我，卷钱就跑的套路我还是信你干得出来的。
游戏时长不符，玩了十局左右吧，白银一，没什么说的了就这样吧",2021-09-07 13:31,10,5,折二,玩过,263.7,26775987
金铲铲之战,5,我玩这个游戏有两三年了吧，刚开始接触这个游戏是同学推荐的，一开始还没有抱多大期待，但随着我深入了解发现我越来越喜欢这个游戏，这个游戏玩法清晰，逻辑简单，即用我方棋子与玩家对战并取得最终胜利，但我是一个赌狗，执着于追出三星五费，输赢看淡，不服就干。最后我希望这个游戏能够好好运营，做的越来越好，质量越来越高。,2023-11-20 16:01,30,20,大昊6,玩过,528.7,38363666
金铲铲之战,5,"✍🏻建议：
建议:你好设计师，我是金铲铲的一名老玩家，贵公司今年新出了一个至臻龙女，使用了一段时间，整体感觉很不错，但淘汰特效很多人反应包括我自己也感觉一般般，作为一个至臻系列英雄，应该有更炫丽的特效水平，比如游戏中竞技场一样，神话竞技场明显比传说竞技场更加好看，至臻应该也如此才对，我的意见是至臻英雄攻击及淘汰特效要比648限定英雄多1-2秒的时间，使其有更加炫酷的特效画面，毕竟一个至臻是普通限定的三倍价格，贵就应该有贵的道理，贵的价值，如果至臻和普通限定没什么区别甚至有些地方还不如，那岂不是设计的很失败，又如何让玩家认可呢？好东西是个人都能品尝出一二来，作为龙年限定龙女应该有更优秀的特效，我想设计师也很喜欢龙年，不然也不会设计出双形态这种独一无二的机制，期待设计师能将龙女及至臻系列英雄修改优化一下，也能让新老玩家看到金铲铲官方的诚意，也期待金铲铲在之后各个方面越来越好，像今年龙年一样巨龙腾飞，事业兴旺发达。",2024-04-25 13:21,18,10,一人，一车，一世界@,玩过,,40323653
金铲铲之战,3,从内测开始玩了，说实话游戏的优缺点很多，希望大家理性看待。首先就是原画和模型，s1的话差异确实很大，一开始是什么轩辕帝国之手乱七八糟的名字，加上马赛克的原画，还有那些一切带红色色都变成其他的颜色的装备，其实吧可能确实涉及到版权还有国内过审的问题，可以喷，但是确实一部分的玩家能回到最初s1的感觉。端游上的版本，基本是和原版差不多的，这个游戏里有两个版本说实话真的很nice，你想怀旧，那就s1，想正常玩当前版本，手指点点就好，不需要很大的恶意，愿意玩就玩，不玩的话也没有人强求你玩，比金铲铲垃圾的游戏多的是，不还是有部分玩家会坚持玩么。就我个人来说，我觉得还是说得过去的，像那些嘴巴上说不玩手机，还是玩端游好，希望你以后在工作的时候，在学校里偷偷玩的时候，也可以抱着个笔记本去玩端游,2021-08-26 21:06,2,0,灰桑≠hentai,玩过,,26526426
金铲铲之战,4,很早就预定了，虽然不是拳头做的，但tx做的还算用心，比较清晰的界面ui，也是首充和赛季通行证卖外观的氪法，虽然和pc也不互通，但也稍稍可以理解，就是可怜了pc玩了很久的玩家，又得重新上分。而且还把s1和s5.5同时放上手游。操作起来除了抢卡的时候经常摸到不想要的，其余和pc的几乎没有玩法区别，也是半个小时一盘。5星怕骄傲，4星吧，只要你别出什么幺蛾子操作就行。,2020-03-24 18:08,0,0,仲则,玩过,,18718734
金铲铲之战,2,虽然氪金不是必需品，但是一个小小英雄定价还是高了点，魔典也不太好肝,2026-09-06 18:04,2,0,才发v与,玩过,,50337611
金铲铲之战,4,"这个游戏刚入手时特别让人上头，多种多样的羁绊搭配有不同的团队增益，让人想尝试不同搭配探索阵容的强度。可是当你一个赛季玩过三四十把之后就了解了各个阵容的强度，开始选择几个强势阵容运营。当你玩一百把左右之后你的运营得心应手，d牌不再上头，张弛有度。可是当你继续玩下去，你就会觉得这个游戏是彻头彻尾的运气游戏，运营好也抵不过运气好，当你看着自己即将大成的阵容只缺一张体系牌你疯狂开d可就是不出的时候，你只能看着自己无奈落败。

🤹🏻阵容多样性：每个赛季强势的阵容不多，有时候一局遇到两三个同行。
",2023-08-17 22:12,14,10,Adorable,玩过,,37303276
金铲铲之战,3,"(个人看法不喜勿喷)
本人大师二，论坛平均水平，个人感觉这个赛季是可玩性相对高一些(纯娱乐玩家的话)，海克斯强化的种类非常多，可以整出一些不一样的玩法(但不多)，趣味性相对其他赛季(我每个赛季都玩过的。)好很多。
但是平衡性方面我真的想吐槽，上分的时候铂金及以下的时候，大家玩的阵容非常多，可能还比较娱乐吧，经常有时候几家金麟龙和星界龙这种(可能相对快乐点但是强度可能差点)(金鳞龙的强度不稳定，三金龙给的装备不好很影响过度和后期的上限)。
到了钻石段，几乎每盘大家都是在卷几套好上分的阵容，特别最近的几天这个版本，塞芬强的过于离谱，诺姆西伤害也太高，大家前期全是三驯龙养蛙，后期基本都是幽影炮，金龙炮，幽影法。三金鳞给的装备好的时候出一两家金鳞龙。
反正就是 版本答案 塞芬 诺姆西 飞机 敖兴
(冒险刀霞纯玩具，冒险跌嘉很看幻境 星界除非很胡并大成很难吃分(中高分段))
驯龙炮手前中期强势后期上限高，物理装多可玩飞机法术装多可玩敖兴/凤凰/瑞兹(后两者仅用来过渡)
相较于塞芬的火爆，很多其他阵容，有些其他羁绊几乎和上分没有关系。
比如玉龙，之前在美测服的时候我有玩过玉龙，基本九玉龙随便吃分的，现在在金铲铲里还是纯玩具(之前也强过，但现在真的不行)，虽然有玉龙狗熊这种三星也能吃分甚至吃鸡的阵容，但强的不是玉龙而是狗熊啊。。换成神龙尊者区别不大甚至更强。
还有幽影龙的其他牌，锤石作为本赛季唯一一个有钩子的英雄但是几乎没有人用(有时候我连续几局都看不到他上场)，还有蜘蛛和派克(现在派克存在感是真的低，s7.5就走了，派克真的惨)
还有怒翼龙，正常九怒翼霞强度很低，虽然伤害爆炸但是前排完全不行(人马是完全扛不住的，龙女一星也没那么能扛况且还会飞走，不怎么扛第一波伤害)，导致后排压力很大。九怒翼瑟提强度还可以，这真的很可笑，一个九个人的大羁绊，一费到五费都有(十费类似五费)，但要让一个一费的来c。龙女给法强装伤害也很高，但是一个赌一费卡的阵容想等来龙女真的难(八级靠阳寿硬d吧)，不胡的时候甚至随便第八出局。
玩过过去的赛季的玩家应该晓得，平衡性好的时候吃分阵容真的很多，大家吃分或者吃鸡凭的是站位  装备(还有一点运气)，我个人觉得s4和s5相对比较平衡。。。
现在真的有时候你决定好玩一个什么阵容就决定了你可不可能吃到分。。。
s7.5可能也会是一个很不平衡的赛季，水龙非常强势，有很多个英雄都能c，还很强，又强又快乐。。
龙神联盟(四龙神＋一五费)也很厉害，还有狮子狗。嗯。。大概吃分的就这三家了。不过测试服还是会改数据什么的。s7.5玩法上丰富了很多总之还是可以小小期待一下的。
(这s7我是一秒都待不下去了！)
娱乐玩玩还蛮不错的，可以玩很多娱乐阵容，胡的时候也会很兴奋，但是上分真的很枯燥(一直那几套阵容肯定无聊啊)。",2022-08-25 00:58,9,7,0.0,玩过,,33002695
金铲铲之战,5,局内阵容推荐模式很智能，远古玩家回归/萌新入坑都会更容易熟悉当前赛季阵容一些。棋手皮肤也有送，限时的多点，但宝典任务勤快点每个赛季宝典不算徽章盒拉满那个不好说之外其实也能整不少永久的皮肤。另外限时活动也别忘了，比如最近的公开赛，海选赛阶段个人感觉很能get自信还不错，甚至还没到16把的时候分就够了，顺手还抽到了两个皮肤真不错~,2024-01-09 18:59,16,14,玥仙,玩过,,39033445
金铲铲之战,4,也算铲铲的老玩家了，来浅浅推荐一下这款游戏。😊铲铲玩法是市面上常见的自走棋。在一局游戏中，你和七位玩家一同对战，直到决出最后的胜者！😉棋子和棋子之间有各种的羁绊，凑齐羁绊会让你更强！每局对战中还有海克斯，如果攒了一顿钱选到了“升级咯！”，那么这把几乎就稳稳拿下了！😍我同时也看重这款游戏的社交性，身边有好多朋友都在玩，我也通过铲铲认识了不少朋友！😎音乐和美术更是不用多说，有LOL的底子撑在那里，想差都不行啊！😘铲铲的游戏公平性也做的好，新人和老手之间就差一些熟练度，只要熟练度上来了，新人也就变成高手了！🥰,2024-01-09 12:43,20,9,sjksksnn,玩过,19.9,39029337
金铲铲之战,4,"  我——自走棋这类游戏的萌新玩家，不了解英雄联盟也没玩过云顶之弈，头一次觉得新手教程太简洁了。
  在经历了n局毒打后，发现其实整体游戏机制还是比较好理解，自身是个小小英雄，通过选秀或者利用获取的金币购买英雄，为英雄升星升装备获得更强的战斗力，击败对方的英雄后给它的小小英雄造成伤害，到这里我都没有发现有蓝条存在
  然后继续挨毒打，get到了一些小细节，英雄是会使用技能的，相同出生的英雄会产生羁绊，羁绊会提高英雄的属性，两件散装可以合成成衣，连金币囤起来是有利息的这种事，都是毒打换来的，上手很快但怎样快速累积金币、什么时机购入英雄、挑选什么样的英雄组成什么样的阵容，连随机出现的奖励机制还有商店里随机的英雄都提高了这个游戏可玩度，让这个游戏充满可能，虽然说是策略，但也很需要运营，几个回合的输赢都不能代表游戏最后的输赢（因为有从第一嘎嘎掉到第四的经历）。
  游戏整体其实对纯新手不太友好，英雄完全陌生的情况下，没办法很好地构建自己的阵容，也不能够很快地融入版本，巨像会占到队伍里两个位置、发明家羁绊会有海克斯核心，这些版本信息特别是每种羁绊的特殊效果可以在新手指引介绍一下，不然新手入门时很容易劝退，真正玩下来发现可玩性还是很高，希望在留住老玩家的同时也能给俺们这种新玩家机会。",2022-05-19 09:59,39,10,晚风,玩过,423.5,31127361
金铲铲之战,4,"其实做得很不错，打到我们区前30了，说说缺点：
数据不互通……骗氪抽奖伪随机概率感人……
游戏里和装备振动关不了……排队时候不能进其他选项…………毕竟不是端游换位、卖棋子不够灵活，因为是手机操作，而且发牌是遮挡界面影响操作，使得每个回合观察、对位、换装备时间很紧，比端游更吃手速了……开服没啥活动什么都要钱，还和端游一个价，送的都是垃圾，挤牙膏，真的小气。
游戏可以玩，但是理性消费，没必要两边花钱，而且抽过至臻亚索和棋盘的都知道有多坑。",2021-08-31 03:19,44,44,MitiS,玩过,550.6,26627084
金铲铲之战,1,"

1. **限制性**：金铲铲通常只能用于特定的策略和阵容，因为它需要与其他装备或羁绊结合才能发挥最大效用。如果玩家没有合适的组合，金铲铲的作用就会大打折扣[^1^]。
2. **不确定性**：金铲铲的效果在不同的赛季和版本中可能有所不同，这导致玩家需要不断适应新的规则和机制[^3^]。这种不稳定性可能会影响那些习惯于旧规则的玩家。
3. **复杂性**：对于新手玩家来说，理解和有效利用金铲铲可能需要一定的时间和经验。他们必须掌握如何将金铲铲与其他装备或羁绊搭配，以实现最佳效果[^5^]。
4. **启动慢**：在某些情况下，金铲铲的战术启动可能比较慢，需要一定的时间才能显现其强大的战斗力[^1^]。这种延迟可能会让玩家在关键时刻处于劣势。
5. **依赖性**：为了最大化金铲铲的效果，玩家往往需要特定的羁绊或装备。例如，某些英雄可能需要吸血装备才能发挥出战神般的实力[^1^]。这种依赖性增加了游戏难度。
6. **不稳定性**：一些强力的英雄在使用金铲铲时可能表现出不稳定性。比如皎月，虽然有高额伤害和护盾，但有时可能会因为吃到爆发伤害而暴毙[^1^]。
7. **抢装备**：某些强力卡如皎月会与主C（主要输出单位）和主坦（主要坦克单位）抢装备，这可能导致资源配置的问题[^1^]。
8. **适用性差**：像贝蕾亚这样的英雄虽然上限极高，但其下限也很低，并且极度依赖于羁绊和装备的支持[^1^]。

综上所述，金铲铲在游戏中虽然具有极大的潜力和灵活性，但其局限性、不稳定性、复杂性和依赖性等问题也显著存在。",2024-08-09 21:12,40,5,User456437409,玩过,,41952002
金铲铲之战,5,"游戏机制很不错，考验运营与魄力（狗运）适合大学牲。一节课一把，如果老八离场还能奖励自己听半节课😎

⚖️平衡性：
虽然会出现一些超模阵容和英雄，但是新赛季在尽力优化中了

🎮可玩性：
非常高，适合女生玩（狗头）

✍🏻建议：
希望这个游戏不仅仅是看数值，应该探索不同英雄的特性，研究出更多样化的玩法",2024-04-05 04:16,49,25,大毅,玩过,1176.4,40064184
金铲铲之战,5,这个游戏有人觉得好玩，有人觉得难玩，但是我觉得还好吧，就是很多时候都是排着倒数一二名，哈哈。但是越菜越爱玩，我和我朋友一样，以前我不懂他为什么玩这个总是倒数还坚持一直在玩，但是自从自己玩了以后感觉确实上头，画质操作流畅，小小英雄的画风挺萌挺可爱的，需要了解棋子还有他们的羁绊，一局游戏当中存的金币多留在最后D自己需要牌面，或者抢别人的牌让别人凑不齐牌很有趣，哈哈😄虽然我很菜，但是玩这个游戏我肯定是希望自己玩得越来越厉害啦！,2023-11-13 17:59,18,16,学god,玩过,1.4,38293810
金铲铲之战,5,"这就是典型的老手洗完头

💡玩法创新度：
还可以

🤹🏻阵容多样性：夯

⚖️平衡性：
区

🪢策略深度：
中偏上

🎮可玩性：
可有可无

🌃画面音乐：
夯

🔖运营服务：
人上人

✍🏻建议：
加强四星烬























这里没有东西了











































真的没有











































好吧，其实有































































泥肘",2026-08-14 02:21,1,0,手机用户71432323,玩过,339.8,50021459
金铲铲之战,4,"dota自走棋那时候开始玩这类游戏，云顶从s1开始玩，到现在各种自走棋手游也都玩过了，多多，赤潮，战歌，刀塔，甚至王者荣耀和平安京里的自走棋模式也玩过。真的很喜欢这类游戏。
这么多自走棋游戏中，版本的变动和新鲜感方面，云顶是做的最好的，有国服手游上线的消息，就很期待。
今天早上开服了下载玩了很多把，体验不错，画面很流畅，两三年前的手机全开也很流畅。
缺点是有的，s1的羁绊和名字改了很多，有的装备也换了图标，但是这不是tx自己闲的蛋疼改的，也是被审批部门逼的，我想了想19年末的国行ns，至今连宝可梦和荒野之息都玩不到，也大概理解了。
还有氪金的项目确实太“丰富”了，不过好在根本不影响公平竞技，氪与不氪都能保证竞技公平。
战令可能往后会买吧，七八十块的战令在手游里算很贵的了。
至于互通不互通的问题没有给我造成多大困扰，因为我电脑端也就花了几十块，没什么可惜的。但是对花钱比较多的人来说，很难接受，花过钱了却要在花一次，虽然不是带属性的强化氪金项目，但是心里不舒服。
这个事儿真的就是因人而异了，没氪的和氪的少的不在意，氪了很多的比较生气。",2021-08-26 17:45,0,0,蓝山,玩过,361.8,26521447
金铲铲之战,4,"💡玩法创新度：
和其他的自走棋比较的话其实都差不多，不过金铲铲就好在有一些不一样的地方😚🙋🙋

⚖️平衡性：
平衡的话对于s12来说其实平衡做的不错可以玩的阵容真的很多，就对于那些专属于的海克斯来说其实强度不高建议重新修改比如铲子的海克斯。然后，对于棋子来说有些三费卡强度过高建议削弱。对于四费卡的话总体来说不错。最后就是五费的话，真的有点拉了（就比如丽桑卓的战利品掉落真的少的可怜😇，三星黄鸡有时真的会翻车😅）

🤹🏻阵容多样性：
这是不错的对于s12来说，在这里推荐几个上分的阵容：
1.高天将永恩（永恩削弱后依旧强势，永恩是尊者的话可以五尊者在九级可以有24%的额外伤害)
2.墨子影狗熊（不怕永恩，拿到转职后强度爆炸)
3.神里莲华厄斐琉斯（建议追一个永恩，然后保定前四不对前三）
4.斗射卡莎（建议对位永恩用棋子卡在卡莎前面）
当然还有好多好多😎😎😎

🌃画面音乐：
这个没地调😘

🔖运营服务：
不错不错😈😈😈",2023-12-02 00:42,3,2,呆呆的榨菜,玩过,1113.1,38570075
金铲铲之战,5,"继承了端游云顶的快乐.又能脱离其光环做出一些自己的想法和创造.我很喜欢这款游戏
特别是这次的福星回归.让我没想到的是居然跟端游不一样.我还以为完全一样的发展，让我爽到了
氪金部分不予评价.这游戏氪金就是皮肤而已.贵不贵，氪不氪全看自己的钱包和想法
我只是来享受快乐的",2023-02-08 00:13,71,49,♝,玩过,1222.5,35001719
金铲铲之战,5,"说实话我觉得评分这么低真的没什么必要，那些吵着版权，吵着换皮游戏的，骂他们圈钱的，也没有人逼着你们氪金，腾讯传统但他也送免费的蛋啊，我还是有辛拿到微信特权给的五块钱（朋友领了个6块我很难受）。
   再说说这个游戏，帧率画质调高，体验就会很流畅，并不吃什么配置。名字的话改的确实离谱（劫和腰子第一把真的没分清），不过我觉得没必要拿出来说，我感觉比台服美服的好很多，至少他有福利，他完成任务送的小小英雄也很好。
我希望能把在装备栏合成装备的途径划掉，因为手滑合错装备错失过了第一，也希望能在之后的版本把云顶几个赛季都添加进去，可以自选的就好了🙆🙆",2021-08-27 07:49,1,1,嬄娡灬柴,玩过,29.7,26536297
金铲铲之战,4,这是换手机的一个记录，原来用iOS玩，ios不会乱下载各种渠道，所以没有用过tap，换了安卓下的tap，真实游戏时间应该至少翻倍，自己感觉应该游戏时间应该过千，考研复习也大概就是这么个时间😂首先值得肯定的是这个游戏对于部分玩家来说，确实有足够的趣味性，比如我，刚公测就下载下来玩，基本没有打过匹配什么的，就是怼排位，最开始玩啥阵容有点记不清了，印象深刻的是后来把把龙族，也不是说为了上分什么的，就是图个乐呵，常年混迹在白金四附近，有个朋友跟我讲，这个不好上分，我想游戏最大的乐趣并不是当做一件差事，如果爱好成了工作，那用不了多久，便毫无意义，当然有的朋友上分是乐趣，不管怎么样，开心最重要。接触金铲铲这类游戏，金铲铲不是第一个，最先出来的那个也玩了一阵，玩法其实差不多，为什么铲铲很快碾压，原因有这么几个，第一个，tx在国内的庞大用户数，第二个，LOL背景，LOL陪伴大学两年时光，不谈恋爱就打游戏，大四毕业黄金仔一个，对棋子英雄是有感情的，不需要花太多精力再去学习，第三个，tx算是老流氓了，别人出什么，我抄什么，如果抄不了，我就买下人家的公司，tx的资本优势和互联网影响力很多时候都会超越最早的螃蟹，这一点说实在的，我是不太喜欢的，因为原创任何一个事情都是很难的，如果每个人的思路是这样，长期下去，我觉得对于行业进步是非常不利的，算了，扯远了，扣一颗星也是因为这个，也是希望tx能在自己的优势下打造更好的游戏，让国产游戏在世界也可以有一定的分量，有的朋友说国内不都是抄抄抄，其实也有原创很好的，比如隔壁蜗牛，游戏品质很多款都不错，除了运营稀巴烂，该吹吹该踩踩，作为玩家，也是想看到更好的游戏。游戏运营没太大问题，就目前的感觉来说算业内优秀的，我觉得tx从王者荣耀积累了很多骗氪不逼氪的经验，奔着让你花钱更爽不花钱也可以爽的原则赚的盆满钵满，马上更新新版本了，还是有很多期待的，已经在云顶体验了几把。另外，看到有朋友吐槽匹配机制，这个赛季大概打了三个号，一个号上了大师把把赏金，隐藏分应该巨低，还有个号，几十把大师，一直玩的比较认真，但是到了大师确实出现一些情况，吃鸡一次，下把同行，然后就一直卡在大师，最后一个号，是看了有个主播说这个赛季是最公平的，我不懂以前为啥不公平，以前也没想着上分啥的，这个号虽然把数不多，但实力已经有了几百把的经验支撑，打得也更精细一些，最开始的目标想上王者，后来打到宗师，但是着实不知道还有多少积分能到王者，就没了目标，加上年底又有点事情，就放弃了，简单说几句吧，这个号到大师以后基本每把打完都会简单复盘下，匹配机制不太懂，但是除了天坑局以外，前四能狗很多把，个别情况第五，第六都很少，运营细节比之前提升了，思路也开了一些，简单分享一点点个人经验，第一个不要老想着卡50利息，要看全场局势，要明白目的是什么，简单地说，玩到宗师基本大家都是至少会两个卡组以上，也基本都是版本强势的，遇到同行，也正常，最开始练的圣盾大嘴，玩的多了，就发现阵容不是一成不变的，到后来神盾女枪，圣盾蚂蚱，要懂得目的是什么，要赢基本的内部需求有这么几个，第一个，良好的经济，当然除了大虫子，大虫子不太吃经济，大虫子赌的是虫子吃了多少，第二个，血量，开始不太在意这个事情，基本就是卡着攻略的节奏在玩，经历了七发明暴毙第六，经历了低50经济赢三星金克斯，血量也很重要，我感觉运营就是血量和经济之间的制衡，要钱还是要命，当然说起来很简单，实际是需要对局积累经验的，对于开始注意到这个事情的小伙伴，可以从卡50血来磨练你喜欢的阵容，比如什么时候是强势期，什么时候是弱势期，比如什么情况基本可以锁血，当然，这个要会分析对手的质量，分析的前提起码是你要大概懂他的卡组阵容。好了，不是教学贴，先谈到这里，新赛季许愿王者，达成回来还愿😁,2022-02-21 00:36,14,8,Li,玩过,865.1,29608455
金铲铲之战,4,"新手玩了三个多月，艰难的上了王者。
分享一下我的上分心得吧
我主要玩一个特别冷门赌寒冰，很少遇见同行，发挥好上分非常的稳
开局我喜欢抢没什么人要的拳套或者大棒，别的很难抢，抢不到抢防装比较伤，这两个装备又特别的百搭。
前期推荐连败，因为强度真的不高，顺便还可以卖血选秀拿下第一个攻速。留需要的牌可以用约德尔连败吃经济。上了人口可以打精致连败，这个时候中期可以根据情况转狼人。否则会很折磨。不过如果发挥的好，三星吃鸡率还是很高的。感觉现在赌狼人的特别多",2022-03-23 13:25,8,4,issacndhbtji,玩过,7.7,30020117
金铲铲之战,4,第一次玩这类策略下棋游戏，没什么经验，但金铲铲之战的教学很详细，很快就能上手，包括棋子前排后排物理/魔法区分，等级和卡池概率的问题以及装备都是什么，应该给什么英雄都说得很明白了。虽然一开始玩经常是倒数，但玩多了之后就很上头，每天我就学阵容，研究装备搭配，了解英雄的技能和排兵布阵，知识量还是很大的，不过也能感觉到技术进步很快，满满成就感，主要是还能和朋友一起玩，增进感情。,2024-01-26 00:05,29,11,凊忍,玩过,1.6,39278158
金铲铲之战,3,"总体而言中规中矩
阵容多样性🤹🏻：
根据版本走吧，有的版本平衡性还是可以的，有的版本确实比较畸形
氪金度💰：
看自己的选择，氪就是买着自己喜欢的小小英雄和棋盘，观看体验好一些。对于打法啥的都一样的。白送的棋盘跟棋子相比于买的，肉眼可见的粗糙，如果想买优质点的，马服懂得都懂。
可玩性🎮：
算是云顶的衍生品，自己也是因为端游不太方便玩一下。对于新手来说，还算比较友好，竞技强度确实没那么高，羁绊阵容也大差不差，但是不好的一点，这个不算是完全移植端游，数据还是有些不同，铲铲的阵容跟云顶的阵容还是有区别的。本人在端游一区也就是钻石大师徘徊，这手游基本就是王者六七百分。
个人不太喜欢的，游戏中互动方面，遇到素质底下的一直搁那发语音可以说是烦到死，比较搞心态，被恶心过好几次。好像这个还屏蔽不了，如果能屏蔽，那就是我的问题。
还有就是如果是云顶老玩家，这个确实不太适合，竞技体验不会太强，想玩这样的手游的话，可以去国际服玩TFT，手游端游互通的，版本数据都是跟端游一致的。在操作方面，肯定相较于电脑端玩家抢装备，换站位比较吃亏。",2023-05-13 10:14,38,27,CrocodiLe,玩过,,35977233
金铲铲之战,1,"6星良心游戏，这个是多出来的一颗
今天中午同一时间把国际服和国服一起下下来了
国际服内容较少，但是跟端游版本一样，只要端游玩过，了解有基础，基本不会断层，找得到绑定拳头账号的地方意思是可以共享通行证。
国服今天上线，好嘛！这家伙直接梦回S3，我之前是没有去接触。爆料版本之类的，没有做好心理准备，对比国际服的操作手感，我只能说很多余，评论区纠结正版盗版，对我们有什么关系呀，我们是花钱的消费者。
我们只负责分哪个是应该丢进垃圾桶的垃圾，不是吗",2021-08-26 15:46,3,0,一个爱踩线的欢脱古风少年,玩过,714.5,26517933
金铲铲之战,2,2026年8月27日牛皮蛇女，管你多牛批的输出越过前排直接把你后排杀了，哦，但是人家蛇女发育不好只有2星，你都3星了人家毒不死你捏，不好意思，蛇女不用动但是你要动，想打到她，射手走到中场死了法师走到中场死了[表情_开心][表情_开心][表情_开心][表情_开心][表情_开心],2026-08-27 19:20,1,0,糯糯,玩过,11.2,50238627
金铲铲之战,4,"cs发牌员我……

ok说正经的。

手游自走棋类游戏老玩家了，刚开始玩多多自走棋，铲子是后面有的，最高上过千分，进过全服前百，可惜在高分玩家里我算是吊车尾那档。

先说游戏
1.好玩，爱玩，我曾有无数个日夜将时间精力花在这款游戏上，尤其是在我懵懂无知，玩一把游戏需要对着阵容图照抄当公式人的时候，是我最喜欢这款游戏的时期。

2.不好玩，不爱玩。
老玩家应该深有体会，当这款游戏的核心机制被人熟记于心之时，他的本质乐趣其实已经所剩无几了，也就是在你不局限于赛季棋子，理解扩大到整个游戏的时候，即便再多的版本改动和棋子变化，不过是换了层皮。

就像是暴露在空气中的橘子皮，干瘪又乏味。

以上话语可能有些抽象，我解释一下，总结来说。
（这是一款你玩的越好，越会觉得无聊的游戏。）

追求三星五费一键清屏的乐趣只在鱼塘，当你会玩这款游戏并且花时间上分以后，你将会面临:
1.固定化的几套强势阵容，不玩你就上不了分。

2.和你抢牌的同行选手，因为你要上分所以玩强势阵容，他也要上分他也要玩强势阵容，一局游戏八个人，十把游戏八把都要和同行战斗。

3.特定化的开局格式加手牌，总有那么几局游戏，发牌员将一类阵容的牌，甚至海克斯发你手上，暗示你玩，这个时候你可以选择不玩，然后牌型稀碎掉分，当然你也可以选择玩，然后……你就要因为这个原因，去迫使自己学习一堆你不喜欢甚至从来不想主动去玩的阵容，理由很简单，不学你就不会，不会你碰到这种对局你就没法舒服运营，你就会掉分。
4.sb发牌员。
话不多说了，发牌员我焯！

其他的暂时想不到了，这条评论也是今天排位被发牌员整破防了发的，游戏是好游戏哈，虽说玩越久越觉得无聊，但这款游戏曾经一段时间都给了我美好的回忆，给他打四星事ok的，五星够不到。

等到哪天铲子能合理分清自己该做娱乐还是竞技分类点游戏以后，我再回来改评吧，当然也可能是我先退游。

最后，诚心推荐没玩过这款游戏或者对这款游戏有兴趣但涉及未深的朋友进来体验一下，这是一款好游戏，虽然越会玩越会觉得无聊，不过在提升实力水平进步的过程之中，同样蕴含着诸多乐趣。
",2024-08-11 18:00,24,13,两元高适,玩过,,41983167
金铲铲之战,3,"为什么是三分，因为它在我眼中就是S1怀旧服。S5.5你在马服玩？我不在马服玩，国际服它不比马服香
装备系统改变和羁绊调整让s1有了不一样的体验，体验下来骑士羁绊要加强，强度拉稀，坦度太低了，前期后期都比不上斗士
好评一点是选秀可以用轮盘控制，玩国际服点地板有时候会跑偏，轮盘就很好，国际服可以学习一下
氪金、不互通和我有关系吗，没关系，谁爱氪谁氪，别人支付密码我又不知道，能拦着是咋，我是6块钱的首冲都不会给腾讯掏，小小英雄特效棋盘没有一样玩


",2021-08-28 22:54,3,0,江逐流,玩过,144.2,26585621
金铲铲之战,2,"比预期的好点，至少血是绿的😅（没吐槽游戏，吐槽国家评审）
不懂的是地图怎么改了，为了提高辨析度?玩这款游戏就是为了体验到端游级的云顶，大多数玩家第一反应就是很不适应，拖动棋子棋子会有运动，这一细节删了，优化还好，至少没气死😅
点进活动面板，dna动了，6元首充
增加了一个双人模式，现在打的不好可以怪队友了
感谢腾讯，总是拿出反面教材给我们🙂",2021-08-26 15:09,4,0,浩瀚无雨,玩过,0.4,26516984
金铲铲之战,5,"要比我想象中的强，有四个模式可以选择，给力啊！
另外不要喷啊，本来就难产，还喷，这样玩的人会越来越少，最后凉凉。这世界哪有什么完美的事情。
国内游戏版号很难拿的，如果去等云顶手游，肯定是在英雄联盟手游后面，所以大家现在能玩到这游戏，已经是跟提前了。为了过审，里面肯定是要进行修改的。",2021-08-26 16:32,1,1,Select,玩过,113.4,26519287
金铲铲之战,5,"我觉得还不错，一个跟端游一模一样的模式＋一个串串模式，换着玩还不错。
热评几个一星的我没看懂喷点，这个手游是自助模式，喜欢玩哪个模式就玩哪个，两个主模式总比一个好吧，就像炉石的标准模式和狂野，这个串串模式就当炉石的狂野玩。",2021-08-26 15:21,0,3,手机用户15796555,玩过,,26517273
金铲铲之战,5,"我今年19岁，玩过几把英雄联盟。当初记得好像是玩的时候人机都没打过，这个游戏把我劝退了。
金铲铲之战，这个游戏上线了。
抱着玩一玩的心态，我下载了游戏进去，我想着游戏怎么可能有多难玩，于是跳过了新手教学，直接开干，玩了几把，属实玩懵了，说实话，进去我连怎么合成，怎么配装，这个装备到底该怎么配，一窍不通，懵……
于是我乖乖的又去把新手教程走了一遍。终于知道了怎么合成升星，装备那边还是有点不懂，但是之后查了一下子英雄联盟手游平台上面那个资料库，之后还是搞懂了。
到之后，游戏其实也是挺有魅力的，一局差不多二十多分钟吧， 玩着感觉挺舒服挺开心，时间过得挺快的。什么6北地，2射手等等阵容
4北地、3元素使、2仙灵、2护卫、2、游侠，这个阵容是我感觉最牛的，叫什么北地暴杀火男，我在这分享给大家，对了，我用这个打了好多把第一。其中今天上午遇到一个人，直接爆粗口骂我，当然我也回骂了，不能忍。我希望大家玩游戏的时候都理智点，游戏而已，把九年义务教育的素质拿上来。
游戏基本上也都体验过一遍，剧情就是剧情。每个人都有每个人的喜好，我不太喜欢打匹配，我还是喜欢直接打排位。通过渠道的活动还有宝典什么的，也得了几个小小英雄蛋，开出了 软软和喵卫，第1个开的是软软，用软软玩了两天，感觉人家的都挺可爱和帅气的，这个小笨象好难看，第2个蛋开出了喵卫，开心了一上午，参加了官方的活动，过几天应该会给我发一个仙魔蛋，真期待里面到底是哪个小宝贝。
宝典啊，还有其他的什么价钱啊，我觉得是仁者见仁智者见智的。在我看来价钱其实还算合理的。毕竟大家玩游戏么，充那个也是冲，冲这个也是冲，大家喜欢的充了也不会太后悔。而且我觉得这些英雄啊，场景啊，其实都挺帅的，你总不会拿个小企鹅，然后去参加比赛，看着其他人的羡慕吧。
好了，我的这几天上线以来的游戏经历说完了，接下来给官方点建议参考参考。
我感觉本身游戏什么做的其实都挺好了。
玩了这几天我只感觉一个地方有些不太妥当，当然这是以我一个从未接触过端游的人，仅仅是一个金铲铲手游玩家的身份来说的。
我感觉这些英雄的伤害是不是有点不太平衡、我感受的是驱邪圣枪、焰魂、暴走萝莉等等感觉一星装上装备伤害就挺能跟得上后期。反观麦林炮手等等英雄我给升到三星，也不知道是麦林炮手用的多，还是咋回事，我给麦林炮手装上两件装备甚至三件装备，他到后期打的伤害还是不太理想。
好了感觉不对的点儿就这一个、官方看看吧。我说错了，大家也别笑话我，毕竟我对游戏的理解还很浅。
加油吧，金铲铲，挺不错的游戏。😇",2021-09-02 22:33,2,1,一只富贵鸟,玩过,,26685776
金铲铲之战,5,"我的入坑赛季为S10，我觉得S10最好玩哈哈，虽然我朋友说S10不好玩，但是S10是我的白月光啊，但我也是S10.5才入坑的，入坑两眼一睁就是懵，都是和我朋友组队玩，他一边自己玩一边指导我玩哈哈，我对S11比较熟，下面从S11说我的体验吧。
🤹🏻阵容多样性：
这阵容种类是真多啊，而且也要不同阵容搭配，除了特别强的那种羁绊（剪纸），其他的单个阵容没多大意义（山海绘卷说的就是你），还是得多搭配，激活多种羁绊才能更强。
💡玩法创新度：
这是第一款玩的每个赛季都不一样的游戏，而且羁绊也不一样，人物也不一样，属性也不一样，所以这个还是比较耐玩的。
🪢策略深度：
总的来说，确实需要策略，但是更需要运气吧。你想玩哪个阵容也没用，主要看你来什么海克斯和刷新的牌是咋样的，你想玩a阵容，他不给你来牌也没用，说不定这把你玩a阵容拿了第一，但是下一把你的海克斯没别人好，也是白搭，所以我觉得运气更重要，还有你遇到的人也重要，你玩个吉，结果直接被别人淘汰了，或者别人给你断了，也白搭。
✍🏻建议：
能不能给我把S10返厂一下啊，还没有玩够捏，真的很上头，球球了

发个图片让你们羡慕一下",2024-08-16 10:13,15,12,冷感,玩过,,42055078
金铲铲之战,5,我必须上五星，喷所有国际服手游的国服玩家，被老外带的早早梭哈现在是不是发现吃不上鸡了？高兴了？这游戏一出明显有太多长期玩端游得了，玩过国际服手游的那什么风气我真不想说，不过对我影响不大反正我卖血，玩不高兴了我自己就退了还用你梭哈送我走？现在我得劲了，偶尔还能断个连败了,2021-08-30 16:59,1,0,与她.,玩过,,26618233
金铲铲之战,4,"作为一名端游老铂金玩家，金铲铲一直久仰大名。在实际体验几把过后，我发现把端游的思路带到手游是我犯的一个重大错误，手游整体节奏偏快，端游的节奏相对慢一点所以我喜欢玩运营，到8级再D，然而这样的思想让我在金铲铲撞到头破血流。
由于环境不同，金铲铲经常逆向输出端游，如前段时间的黑魔枪和近期大火的铁桶白魔露露，现在把把都有几家在玩真的都快被恶心吐了。
虽然端手游有着些差异，但前期运营基本上都是相同的。下面讲一下我常用的几种前期连胜思路：一有vip火男且装备科技枪，鬼书，蓝buff可以凑三执事打连胜(最高13连胜)，此时要有前排（格斗或保镖羁绊），后期转斗毒；二是极客连胜，拿ez，炸弹人，机器人，艾克，老头，在五级凑4极客3发明羁绊，给极客散件，除非遇到怪物非常容易打连胜，后面直接转442，有强袭转上9开642，因为都是体系牌玩起来也不容易猪脑过载，换阵容比较容易。三是卡萨丁，猪妹，挖掘机，纳尔，乌鸦，蚂蚱6人口凑拼多多满羁绊；四是常见的3约或3赏羁绊。开局强装方面如果不知道玩什么，建议腰带起手，一是因为腰带几乎没人抢，二是腰带除了灵风和女妖之爪，其余的都能在前期直接合从而打连胜。",2022-05-18 17:58,10,6,灯火阑珊处,玩过,3.5,31119259
金铲铲之战,1,因为拉克丝呀，这个版本也是非常的好玩，大嘴自带轻语和法穿，我笑了，结果野怪里面的鸟也自带个轻语，我又笑了。我承认这版本的法杖玩法很多样，但也避免不了平衡性和赌狗扎堆的问题。总之这个赛季更吃运气了，亏待了这个美术知道吗？要不是有希望低价搞个魔典三星，我就不玩了知道吗？不说了，上线玩大嘴了。玩潘多拉赌狗蓝激光了。玩神人低费赌法杖了,2026-08-30 17:52,2,0,两年半的IKUN,玩过,178.0,50273256
金铲铲之战,5,"2000+小时了，s5.5也就是开服就来玩了，玩的人越来越多了，从之前600 随便王者到后面 800
才能王者就能看出来，手游从之前抄端游都抄不
明白，已经改善很多了                                        建议新手玩的时候，可以先在主界面下方选择就
是阵容，然后多看一看阵容推荐，推荐里也对每个阵容前期中期怎么过度、后期怎么成型有着详细的解释。你在对战的时候可以直接选择使用阵容，他会把阵容需要的英雄高光亮出，便于你选择。相信我多用这些阵容玩几把，你就可以了解到这个游戏是怎么玩的，就很容易上手了 ，游戏整体来说，可玩性，和趣味性，是非常非常高的，而且这个游戏，氪金全靠自愿，不存在不氪金就打不过的情况，而且很多高级的都能白票，只是需要肝，半年肝一个几千英雄还是可以的，喜欢的赶紧入坑吧，我们一起不见不散。",2023-10-26 17:04,27,23,我,玩过,,38124229
金铲铲之战,3,"说句实话，没有烂的那么离谱，大部分是跟风喷的吧。缺点：1.山寨的，这没得洗。2.选秀的手感就烂的离谱。但是也不是没有优点。优点：1.可以跟别人交流，国际版（正版）云顶手游几乎就纯是个单机游戏，没有联网那种体验，挺孤单的。2.模式多，还算有创意。总之个人认为也没有烂的那么离谱。
",2021-08-27 18:46,6,0,☆繁枝之中↣出落你,玩过,,26556454
金铲铲之战,5,"我又来参与活动啦！！ 从s1开始到现在s5了，5个赛季断断续续都在玩（pc+手机）！

先列举一下不同赛季的吃鸡阵容：
s1：拉面熊、帝国德莱文三件套、帝国卡特、虚空斗刺！
s2：经典赌掠食者（大嘴三星）、劫就不说了哈哈哈~、
s3：六圣盾龙、圣盾四秘、6奥德赛！
s4：三星沙皇、三国猛战、8斗士、6刺客、福星哈哈哈哈！
s5： 黄金铁三角（最近很喜欢的赌狗）、龙族转三星五费、4骑3铁甲3神盾

————————————————
自从不怎么玩匹配排位后，吃鸡就是我的首选了，轻松，不需要操作，有攻略可以看，而且还有各种萌萌的小英雄可以选 （这里pick胖飞龙！！拍肚子太可爱了！），不过逐渐也慢慢的转向手游了， s4 s5也都买了战令 都没打到40级... 

————————————————
去年周年庆公布联盟手游，云顶手游之后，我非常开心哈哈哈哈哈~~ 也开始跟着各种教程琢磨海外服的体验，也在海外服玩到了钻石哈哈哈哈（pc我是玩不到的~~），不过很麻烦，我最喜欢的小英雄买不了（我是ios..）每次只能用送的蛋蛋开出来的一星小英雄..... (真的很丑)

————————————————
其实国服的云顶内测我也玩了，比现在还拉跨实话说。。。 内测只有s1的羁绊！！现在可以玩s5的羁绊！！！ 太爽了，跟版本才是好事情~~~，而且你们可以开60帧，画质很好！！ 

————————————————
很多人在吐槽不继承端游，角色名字不一样，为了过版号呀，大家理解理解，反正云顶也就是氪个战令跟小英雄，还有啥可以氪的呀，理性别吵了！！反正我很香，我已经开始玩了，龙族人龙族魂！！！",2021-07-16 13:52,1,0,自投罗网,玩过,,25495540
金铲铲之战,2,"看见你们骂tx，放佛看到那个曾经的屠龙少年，走出村外冲向当年的恶龙。一路上遇到多少伙伴。一起结伴同行。有的倒在了生活之路，有的被恶魔同化，有的被金钱收买，少年始终向前相信只要屠龙便会回到当初。一路前行少年抵抗着恶魔的低语，最终来到了恶魔城，发现城里的人们尽管穷的穷困潦倒依然精神萎靡不振依然眼里散发着光芒。滋滋不倦的供奉着恶魔的雕像为之镀金镶钻。
编不下去了",2021-08-26 22:05,0,0,认真评价吐槽,玩过,447.1,26527887
金铲铲之战,5,虽然是下棋游戏自带放松的属性，但是金铲铲对弈过程中的斗志斗勇还是经常让我神经紧绷，可以靠一己之力北伐取胜，也可以和朋友亲密合作，每局胜利和失败都让我感觉到爽快，在这里运气，实力缺一不可，希望你也可以获得游戏本该提供的快乐！,2023-12-15 16:57,18,16,刘小凡,玩过,340.4,38730915
金铲铲之战,4,"给新手的建议：战旗类游戏都是要付出一定学习成本的，如果你觉得这游戏角色认不全，装备不知道怎么合，准备时间不够，把把老八，请你相信，这不是游戏不好，是你现阶段还是个蔡。
我玩过的游戏，除了mmorpg，没有哪个游戏是不需要上论坛或者找教学的。当初我玩饥荒，看了两天视频才开电脑。
玩云顶的话最好玩光明与黑暗版本，这是和端游同步的，那个时间回溯版本，垃圾中的垃圾，那个原画想起都想笑
评论区吵归吵，我玩lol8年了，没给腾讯冲过一分钱，但也能理解，没有这些充钱的人，说不定游戏因为没收益就关服了。",2021-08-26 10:42,1,0,多喝热水,玩过,32.1,26508690
金铲铲之战,2,金铲铲之战，个人觉得在市面上算是一个非常自走棋，游戏本人非常喜欢盖伦配合大天使这种装备非常简单粗暴又肉伤害又高，游戏报名玩家进行对战的玩法很新颖自走棋游戏给我的感觉就是很放松日常任务也非常得好完成充钱玩家语音不充钱玩家游戏不公平的查询只是皮肤上有区别总体游戏体验，下来非常不错。,2024-02-04 20:20,15,10,每天笑一笑,玩过,,39416218
金铲铲之战,3,"又是一款展现腾讯优秀ai功底的旷世大作，钻石以下基本全是仁济。
桌面端我也就黄金水平，到这里我可以没有难度上大师。
当然这不是什么缺点，毕竟有很多从来没玩过自走棋的玩家来玩这个可以快速上手，这已经算是整个腾讯手游里最适合玩家常驻的游戏了。",2024-10-30 00:53,125,18,该用户已注销,玩过,85.2,42895031
金铲铲之战,5,"💡玩法创新度：
《建议出个自定义模拟创意工坊和游戏内朋友圈》
就是玩家可以开启一个单机对局，玩家可添加任意数量人机，人机的阵容和站位以及装备均可被被玩家编辑。回合的开始和结束由玩家选择，并可以决定对战对战顺序，默认10级，玩家可认意获取任何星级的任何费用英雄，获得任意装备，搭配任意数量任意海克斯。玩家自主安排两个阵容对战测试阵容强度，还可以倍数战斗，以节省测试时间，并在测试结束后可一健保存阵容，有条件还可以上架一个类似游戏朋友圈的游戏内社区，玩家可在里面分享创意工坊的内容测试结果以及数据，或者分享自己最近有趣的对局，交流游戏心得，这可以大大加强游戏的社交属性，增强原生玩家粘性，并吸引热爱社交的自走棋玩家群体。我觉得这可以大大加快玩家的阵容研发积极性，也让各种阵容开发大v减少许多测试时间，推动游戏阵容的多样化，极大的提高游戏活力。
顶我上去，希望官方采纳。",2024-05-02 05:46,32,7,初阳,玩过,1751.3,40402665
金铲铲之战,5,金铲铲之战是移动端很不错的自走棋游戏，策略性拉满，羁绊搭配、经济运营、海克斯强化都很有博弈乐趣。一局20分钟左右，很适合碎片时间摸两把。氪金只影响皮肤外观，不改变对局强度，零氪也能靠思路上分。双人模式可以和朋友组队互送装备，社交体验很棒 。,2026-08-31 16:16,0,6,冷酷的厨神,玩过,,50281871
金铲铲之战,4,"我觉得没必要乱喷，游戏是好游戏，画面内容做的也很不错了，跟tft相比，我更站这边，毕竟tft的模型有点说不出来的僵硬。虽然做的不错，但确实割啊，这一点也很符合tx的作风，拿到好ip啥也不说先割一波，至臻亚索，魔龙棋盘，能理解。毕竟人跟人的消费观念不一样，但79的手册就属实有点过分了，特效送了不少，很不错
",2021-09-07 13:34,0,0,胖胖,玩过,,26776028
金铲铲之战,4,"能统计到的，游戏时长不到400小时，还不算没开权限那会，然后端游第一赛季玩到现在了，端游时间肯定要长的多。
咱们就说不管是是代理的了，游戏确实是好游戏，正常玩肯定是没问题，就是小小英雄，装扮等一系列，会比较氪。
自走棋游戏当中相当有创意的一款游戏了，画质音效都是一流的棒，游戏机制也很不错，值得长时间游玩的一款游戏，真要说缺点嘛，有的时候会出现某个阵容一家独大的情况，各种内卷，再就是小bug了，整体就是这样。
物品比较氪。物品比较氪。物品比较氪。这点真心不推荐，不氪也不影响玩。",2023-01-29 01:42,55,34,红伞白杆金铲铲,玩过,684.7,34918966
金铲铲之战,4,简单粗暴稳定上分的新手阵容，非常丝滑的运营玩法首先 6约德尔3法师2狂野1忍者。6约德尔提供70%的闪避.三法师提供30%法术强度.狂野提供单位强化.忍者提供45%攻击力和45%法术强度，游戏对局开始要尽量保持50金币就可以啦，然后一直升等级，阵容在八人口强势时就找英雄提升质量，以此类推，金币不要随便乱用，阵容主要考验的是升人口和D牌的节奏把握，前期一般用3约来过渡尽可能打连胜稳血量，中后期才有更多的机会有一个三星就可以升6人口开6约德尔，而且要懂得随机应变而且要观察战场，而且这游戏氪金和不氪金并不影响游戏体验性完全靠自己对游戏的理解和摸索。,2022-04-09 10:55,2,4,深圳吴彦祖.,玩过,,30321283
金铲铲之战,5,玩过王者吃鸡一类的游戏，玩不明白，最后尝试玩金铲铲，刚开始也不太明白，后来渐渐喜欢上了这种对弈的模式。游戏里的建模很精美，音乐也恰到好处，给人很好的体验。每个赛季也有不同的主题，不会说玩着玩着就腻了，是一款很值得玩的好游戏。,2024-08-26 14:03,46,36,尘暮,玩过,,42197058
金铲铲之战,4,作为铲铲开服至今的老玩家，不得不说下棋的可玩性真的很高。每个大版本的羁绊变动以及新的机制总会给人带来不同的游戏体验。就拿这赛季的英雄之力以及国度加持效果让我到现在都没有玩腻。从最开始的人人卡牌潘多拉玩到蛤蟆、龙王、奥恩吸血鬼，现在兜兜转转又回到了卡牌这里。而阵容也从最开始的皮城枪玩到九件套盖伦、吃人大虫子、羊刀沙皇、巨神峰破败王.....想玩的阵容还很多，体验还在逐渐变好！唯一不足的就是腾讯系游戏真的把好皮肤价格定得太贵了，并且按照现在的产出速度最多最多也就能入一个带击败特效的小小英雄。,2023-08-25 11:09,10,9,青玉白,玩过,,37418402
金铲铲之战,5,"首先作为一个云顶老玩家，当初看到一款复刻手游上线还是很开心的，毕竟一款能随身携带的休闲游戏谁不爱呢。
玩这游戏最舒服的地方就是不用花钱，一分钱不花一样玩，随时随地想玩就玩，也不用担心跟不上什么的。
然后再给大家讲讲小心得，特别是从来没玩过的玩家，一定要注意利息，前期千万不能d牌，甚至强度够的话可以卖小牌吃利息，吃到50的利息后，也不要急着d牌，上人口，人口上去保连胜等到自己的阵容集齐后再d牌升质量，但是如果质量特别差一直扣血，扣的少可以走连败吃利息，扣的多就稍微d牌上一点点质量，如果能稳住就千万别d，赌狗阵容自己看情况d。
大概就这么多，挺好的游戏，日常休闲",2022-04-14 12:06,12,12,是劫啊,玩过,51.1,30411945
金铲铲之战,4,"如同19年我在多多自走棋写得一般：自走棋品类，虽然玩法简单，但是如果拼技术积累、拼玩法优化、拼用户体验、拼ip影响，甚至拼赛事运营，小厂自然没有什么优势可言。

如今金铲铲一家独大，玩法复杂度也已大大增加：城邦、科技、阵容、武器、经济、站位、运气，缺一不可，否则只可苟分，无法登顶。复杂度增加自然可以大大增加对局变数，然而数值平衡压力也是指数级增加。就拿S11赛季举例，每个版本强势阵容单一，从开始的巴德、赛娜、永恩，到天使、卡莎，再到凯隐、莉莉娅、艾希，而这些都是数据不平衡造成的。每次所谓的版本优化，都是旧神陨落，新神登基，而这也带来了诡异的应对方式：多看游戏数据统计榜单，多看各类主播直播、攻略视频，把握版本更新时间差，使用“冷门”强度阵容碾压当前“内卷”阵容，积极上分。而后，“冷门”阵容变为“内卷”阵容，人人内卷，等待下一次版本窗口期。可是这种应对方式，真的太累了，似乎要实时关注最新动向，才能得以苟分。

零和博弈，自然其乐无穷。但频繁的数值变动，增加的不是局内变数，而是局外信息差。倘若并不在意什么排位天梯，纯粹当做消遣。金铲铲之战，自然是极度推荐的！毕竟，金铲铲氪金无法变强，也不强依赖队友，甚至老8离场也可抱怨运气不佳，哈哈哈。",2024-05-13 10:47,39,11,Acer Cheung,玩过,,40508204
金铲铲之战,5,"给五星理由很简单
不用开电脑就能随时和基友整两把
还有比这更快乐的事么？
互通问题，无伤大雅，真的喜欢玩的，小氪怡情嘛。
就算是端游，每个赛季氪一波手册也是正常操作。
至于国际服，玩过，已删。
毕竟不是国内服务器，玩起来总有点隔应。
只要金铲铲能保持版本同步，这个五星，当之无愧。
打低分的玩家，当然也理解。
以前端游刚玩时，我朋友几个都是照着攻略慢慢玩的。
谁也不是一开始，就成大佬的。
等玩上手了，就会发现
云顶绝对是自走棋界的天花板。
",2021-08-31 03:17,2,1,据说这个表情做网名很6,玩过,424.3,26627080
金铲铲之战,4,"其实有点失望！？
也好像是遗憾！？
（因为我其实蛮想要的是，版本和端游互通的那种，就是没有任何改动，纯原版那种）
但是的确没有办法玩到那样的国服，现在国服的版本就是，相当于一个单独版本，与原版端游的版本.......赛季不同内容不同。
话说其实我觉得在手机上下棋还蛮好玩的，虽然目前市场上的自走棋类游戏已经有了蛮多的/渐渐饱和?但是果然还是喜欢云顶哈哈哈哈哈哈哈哈哈哈，真的还蛮香的！！！之前去打疫苗，大热天排队的时候也在玩，手机特烫哈哈哈哈哈哈哈哈哈因为的确蛮合我口味，还可以哦！！
-
我对于UI的看法就是，它有很简洁清晰，左边收藏、战利品以及事件页面列在一竖，右下角是开始游戏和对战模式选择的按钮，然后中间有动态的Q版亚索和小企鹅追逐金铲铲的画面，主页画面可旋转，还是蛮可爱的，我好爱建模！！！
-
在还原度上，其实一开始就是我玩的原因，但是果然还是有点遗憾啊！
就黎明这个版本来说不论是英雄羁绊还是搭配玩法都和端游一模一样，做到了技能、羁绊以及伤害数值的一致性，每个英雄的技能，升星合成的人物数量以及造成的伤害数值都和端游没差别，对战结束一样会在右侧有那个表。装备合成也一样，而且手游上的装备可以直接合成了，就端游也这样就好了哈哈哈哈哈哈哈哈哈/小声，这一点国服我还蛮喜欢。
-
然后游戏玩法上，手游有两个不同版本的匹配和排位模式，然后还支持双排模式，PVE的暮光之战模式以和偏娱乐的狂暴模式/听说后续还会有新的娱乐模式更新?
我蛮喜欢双人模式的！！！因为可以和py们一起玩哈哈哈哈哈哈哈哈哈（但是这个模式并不少见，有在其他自走棋上玩过）端游就只能成为队友啦！国服上的双人模式还可以一起玩，这个模式本身就很有趣。
然后虽然目前手游里的S1我也不是很擅长，我老咸鱼了，然后老咸鱼就觉得现在赛季的趣味性也不低。因为其实你既可以玩S5，也可以玩玩S1。
当我刚用黎明卡尔玛或者丧尸大头吃到鸡的时候，我还可以去S1玩玩直升机卡特和九剑下天山以及疯狂约德尔人这些以前只看视频里看到过的版本玩法，S1的趣味性是有的且不低，尽管有一些改动在里面，但是在完全还原的核心玩法面前，这些改动也不是不能接受（笑）
其实手游端游我都玩，只是还是端游玩的多一些，在周末或是有空的时候都会叫朋友们呀一起玩端游或是下棋，懒得话玩端游，刚好在玩PC打派派的时候，我们就可以约一下一起玩下棋，哈哈哈哈哈哈哈哈哈。
老咸鱼表示喜欢躺下来玩手游啦！！！
哈哈哈哈哈哈哈哈哈哈
祝好！",2021-09-24 22:02,87,56,岚序,玩过,20.3,27150572
金铲铲之战,4,经常操作卡顿，还有很多细节需要优化，不知道这个和腾讯手游模拟器有什么区别，但还是支持，希望越做越好,2026-09-04 08:27,2,0,c温柔c,玩过,7.8,50312307
金铲铲之战,4,入坑一年多，玩是真好玩，每个赛季都有不同，这是个很吃运营能力的游戏，低段位不怎么会就只能看运气，段位高了，基本就是3分靠运气7分靠运营。不好的点就在于，每个赛季都有那么一两个无解的赌狗阵容，就算削了也比较强势。偶尔还会被一些整活大师发现无解bug，就比如前段时间的枯萎卡莎，幽魂大虫子，迷离风衣瑞兹剑魔等。然后就是这游戏入门确实挺难的，对新人不太友好，必须要去查阵容，并且了解它的机制，还要去看每个英雄的技能机制，搭配的装备，装备的机制，而且它是赛季制，除了装备其他的都会变。不过，你只需要每个羁绊阵容都去硬玩几遍，也是能快速了解新赛季的大概的，赛季初每个人都在试错，过一个星期左右你就会发现你每把的遇到的玩家阵容大差不差都是那几个了，照抄就是了，有人会说，这有什么意思，等你成型后爽到了就知道了,2024-11-18 11:00,64,28,梦游的猫,玩过,1160.4,43069634
金铲铲之战,4,"作为一个从lol老玩家和自走棋长期玩家 
终于等到了云顶手游 可喜可贺 可喜可贺~
而且里面的双人模式问题有意思 在云顶没出之前 在赤潮也玩过双人自走棋 不过各有各的乐趣吧 
人物建模还可以 动作流畅度起码我是满意的 
本来是一个五星好评的 
但是 第一 我不知道是我操作问题还是怎样 为什么跟朋友开黑结束之后总是回到了主页面 而不是组队房间呢 也可能是我没注意到
第二 我想说一下 关于双赛季
首先能同时玩两个赛季确实挺有意思的 
但是呢 每个赛季的乐趣不仅仅只是羁绊啊 每个赛季的装备更新 主题也是赛季乐趣的一部分呀 
玩了10多把现在所谓的s1 我的体会是
很多羁绊改了 装备主体还是延续s5 
那当初我们在s1的绛星刀 沉默缴械小跑呢
当初刺转卡萨丁金刀一亮谁都不爱呢
当初喷子男枪一人喷到对面亲妈都不认识的时候呢
我不知道现在出这么个所谓的s1是让玩家们重回到当初的乐趣还是给新玩家补上之前的赛季
但是当初的乐趣以现在的样子我看是很难找回了 
还记得当时跟小伙伴开黑 所有人准备着羊刀 饮血剑 火炮 然后等德莱文 
还记得当初的野怪龙还是法师玩家们的噩梦（这改了）
还记得海克斯直接让对面光秃秃 
等等等等 
总之 我对这个所谓的s1的感觉就是不伦不类
不提它人物名字改的让人头大 人物图片让我分不清哪个是哪个 
只是觉得 如果不能把它放回当初那个位置 就不要拿出来算了 起码回忆还是有趣的 
不过总总体角度 还算尚可吧 希望游戏能够更加优化一些 也希望可以把双人模式也弄一个排位 
继续观望了",2021-08-27 04:03,1,0,时光蹉跎,玩过,203.7,26533854
金铲铲之战,4,"我发现这游戏好玩的时候是分阶段的
第一：新版本刚出的时候，熟悉棋子 新机制 新羁绊 新海克斯，每把都尝试不同的，然后熟悉了之后就不想玩了
第二：活动模式出的时候，主要就是恭喜发财模式，就像s11我玩了半个版本的福星，不过玩个几局爽完了也腻了
第三：返场老版本，我玩的比较晚正好是s9，返场的老版本基本没玩过，所以也觉得有些意思，
最后影响的就是收菜羁绊的设置，把羁绊玩了一遍之后玩的最多的就是收菜，s12的收菜吉星简直一坨，玩的非常难受所以s12就玩了不到10轮，返场s6之后就一直玩赏金去了，",2024-07-16 09:57,16,14,苏柒,玩过,,41438091
金铲铲之战,5,"哇哇哇终于上线了，太开心了不知不觉盼到金铲铲开服的日子了（开心激动哇咔咔），相信lol的老玩家都应该了解听说过金铲铲手游吧，对！没错！他就是类似于lol的云顶之弈哦（基本差不多哈哈哈）。说到这里，和不知道的萌新玩家介绍一下顶之弈这款游戏吧，云顶是英雄联盟新推出的回合制策略游戏模式，云顶之弈模式需要8位玩家同时参与，各个玩家会轮流进行1v1对战，直到决出⼀位最终胜者，玩家将从随机英雄池中征召最适合的英雄组合、升级英雄、掌控经济和排兵布阵，逐步走向胜利，当然这次出的金铲铲和lol的云顶之弈其实很像，好比一个端游一个手机游戏，不过这样没时间上网的小伙伴就更轻松了，可以随时随地的玩上咱们的金铲铲哦，丰富的游戏内容让你一下就回到了回忆当中去了呢，这里也和可爱的萌新们介绍下这款游戏吧，金铲铲之战是一款lol云顶之弈正版授权的自走棋策略对战游戏哦，作为一款自走棋手游，金铲铲之战在整体玩法.上延续“自走棋""类游戏的「策略回合」玩法。但这回合又有些许不同。游戏中分为三种回合:抢装备回合、野怪回合、对战回合。每个回合中均包含「随机」 元素，给对局增加了更多的可能性和不确定性。除了延续经典的玩法之外,还加入了快速模式、双人模式及阵容挑战赛等更多精彩内容等你体验哦，本人体验玩了几局觉得爷青回！！！风里雨里快来棋盘上等你哦！！不行，我得拉上我哥我弟我朋友……一起开黑去咯！🙌🙌🙌",2021-08-26 10:54,1,2,多喝烫水,玩过,,26509281
金铲铲之战,5,首先我是老云顶了 s1就在玩 我看那些差评的我不知道你们到底玩没玩过云顶 说是自走棋老手但是说羁绊太多装备合成太多？说腾讯骗氪 这个游戏不充钱也可以玩的挺好吧？我国际服一分没充不也可以玩么 这个游戏又没有强制充钱 为了给老玩家情怀出了个时空 但是名字和图像换了有点不习惯 画质我觉得都差不多刚出不久不用那么较真 我唯一担心的是腾讯会不会在匹配机制里面做手脚 加些机器人或者像王者一样有个平衡机制 又或者网上说的不充钱打不过我充钱了队友都贼猛的那种 要是这样骗人流量骗氪我觉得这个游戏走不长了个大家还不如继续玩国际服呢 玩云顶的大多数都是lol过来的 希望这个游戏还是主要让拳头做腾讯少插点手把 钱可以赚但是不要像要饭一样（针对腾讯其他游戏就比如以前的刺激战场改成和平精英就像换了个游戏一样）,2021-08-29 11:31,0,0,等我优秀.,玩过,216.4,26592500
金铲铲之战,3,"这个版本二费狼人强度太低了，强度严重失衡，二费狼人应该大幅加强一下。我提几点建议：
1.建议把两费狼人变一费，方便前期直接合三星，增加胡牌几率。
2.把现有血量百分比伤害改成最大血量百分比伤害，伤害应该改成真实伤害。
3.血量太少，坦度太低，前排站不住，一星狼人血量至少2000起步，三星狼人起码5000血。
4.羁绊挑战者炼金太拉跨了，强度根本配不上我无敌狼人，建议加个执事羁绊，VIP技能自带水银羊刀泰坦效果。
5.海克斯强化没有适合狼人的，应该加个狼人专用海克斯强化，银色海克斯激活进化加鲁鲁兽，金色海克斯激活超进化兽人加鲁鲁兽，彩色海克斯究极进化钢铁加鲁鲁兽，进化后因为没有蓝条直接开大秒杀全场。
6.老是有人卡狼人，严重影响狼人玩家游戏体验，应该在牌库里加个百八十张狼人，大家都一起玩，谁也不影响谁。",2022-03-26 13:53,69,9,但愿只是梦一场,玩过,1262.5,30071611
金铲铲之战,1,"运气游戏。
总的来说，这个游戏技巧其实大家差别不是很大的。
网络上的视频，大家都在看，技巧大家都在学。什么时候d卡，什么时候升级，都有规划，可最后还是有第七第八，第一第二。总要有人排前排后的，这，，，，，就是运气！
而且这游戏很容易公式化，你可能觉得玩个游戏用公式没什么，可当你频繁反复用公式的时候，就应该知道，这不是在玩游戏，这是在刷题。
玩这个游戏之前，先看看星座运势，生肖运势如何，这个很重要。
最后，想要赢？
运！赢！",2024-10-31 18:55,91,17,缘夕,玩过,,42911010
金铲铲之战,4,"过年饭桌上发现哥哥妹妹都在玩，好奇下了回来，开服有玩过还充过一个活动68，现在重新回归也不至于看不懂，双城之战有变异，运气好很重要，可以很爽斗蛐蛐。
福星开始一直没选技巧，感觉三次选择会比双城之战好，羁绊比较有趣
一直单排，但是好友榜还有不少当年的同学可以看见在线。同事也有很多人在玩，感觉对于上班族和学生都很友好，还不吃协调操作型，对女孩子也比较友好，好看的小小英雄也不少，不过目前没有氪金欲望，现在活动可以肝一个小小妮蔻，也挺可爱的，每天打一把就够了
评分四星，确实还不太会玩，还没追到过三星五费",2025-02-07 22:07,53,37,蟹蟹泥,玩过,352.6,44016016
金铲铲之战,5,"可以的 这游戏非常智能 我胜率较高上分很快 在进阶了一个大段位之后的第一把！
按费拍怪 阵容没有任何不合理的地方
战力海克斯也拿了 经济海克斯也拿了
最后一个拿了 潘多拉 
我四件散装 摇了7个回合 硬是一件前排装没给 就一直摇输出装和魔抗 哥们都合了两个龙牙了 你还要我怎么玩
后排输出装拉满了 前排立不住一秒

",2024-05-02 18:33,16,12,梦断锦屏丶,玩过,,40409493
金铲铲之战,2,"不知道有没有人懂我的感觉，就是觉得他越往后的赛季棋子越少，还有很多羁绊其实大差不差就是换了个名字，就是觉得越后面的赛季越无聊。而且感觉现在也是神秘牌库了，之前是四五费才会因为有一家同行而卡住，而现在六级d一个二费只要有一家同行都感觉费劲，总之很神奇。
策略性更是半坨狗屎，空城或者摆烂到后面升级d牌不说上大师吧，上个钻石肯定是没毛病的。
玩法和体验总结就是越后面的赛季越容易玩腻，策略性一般，运气占一半。
福利方面挺好。
当然你无聊玩玩不追求段位跟朋友没事来两局还是不错的，总之一般般。",2026-08-30 22:55,6,0,。,玩过,482.3,50276020
金铲铲之战,5,建议新手玩的时候，可以先在主界面下方选择就是阵容，然后多看一看阵容推荐，推荐里也对每个阵容前期中期怎么过度、后期怎么成型有着详细的解释。你在对战的时候可以直接选择使用阵容，他会把阵容需要的英雄高光亮出，便于你选择。相信我多用这些阵容玩几把，你就可以了解到这个游戏是怎么玩的，就很容易上手了。一般版本大热的阵容，这里面都是有的，讲解的也很清楚，你可以在对战前直接选择使用，牌库里面d牌的时候看到高光亮出的英雄就直接拿就好了。,2023-10-01 18:01,43,13,倦梦还,玩过,153.3,37869952
金铲铲之战,4,其实讲实话也没什么喷的必要，我觉得比tft好太多了，从画质还有流畅度来说。一游戏两个游戏版本模式，这是好事啊，不然总玩一个版本很腻的，只是s1改名称感觉很不舒服，但两个版本这个创意绝对好评，可以怀旧，不好吗，还不容易腻。至于充值，这类游戏充不充一个样。打个4星，扣一星乱改名称。,2021-08-28 14:40,0,0,老佛爷,玩过,,26574892
金铲铲之战,4,"从刚放暑假的时候就开始等了，等到现在快开学了，可算是公测了，趁还没开学，迫不及待的上手玩了几把～
玩下来吧，就是让我感觉有种玩法非常多非常丰富的感觉，在端游里基本就是一个版本一个玩法模式，最多区分出来排位和匹配，手游这回独立开来也是有好处吧，就并不是单一的一个玩法了，而是融入了两个版本和好几个娱乐的模式。
感觉无聊或者初见不宽裕的时候，开一把狂暴模式消遣一下真是不错的选择，看来是官方怕我们玩腻，才出这么多的玩法",2021-08-27 11:05,263,83,雨夕,玩过,0.9,26542775
金铲铲之战,5,不喜欢这种类型游戏，但我还是愿意给满分，因为他在我众多玩的游戏里可以算无可挑剔了，氪金买小小英雄也只是为了好看，虽是运气游戏但也需要自己规划和选择。我在朋友玩双人或者四人时少人就去凑个数游戏体验还是蛮好的。如果正在犹豫要不要下金铲铲，我的建议是试一试，万一喜欢呢。,2023-03-20 01:19,6,6,夜明晓,玩过,125.8,35369156
金铲铲之战,4,游戏总体来说很不错，对于那些没玩过自走棋游戏的很友好，游戏理解不用太深就能玩，消磨时间跟朋友玩都挺好的。游戏画质高特效好看又不影响游戏体验，不用氪金也能玩，玩法多，过节还会送游戏角色。总的来说这游戏挺合适玩的，但有些棋子数据不行三星了没什么伤害,2024-04-25 16:51,17,8,嘿嘿,玩过,255.4,40325826
金铲铲之战,5,说实话吧，至少游戏体验没影响吧？至少我是为了随时随地方便下个棋，玩云顶之弈也没问题啊，但又不是每时每刻宅家里可以玩。。。下棋也就图一乐，画质也不需要太高吧？名字自己怎么舒服怎么叫就得了，反正都认得谁是谁。我觉得本身游戏性至少还没受到影响那就够了,2021-08-28 02:11,1,1,默陌墨,玩过,,26565929
金铲铲之战,4,"这个游戏也没公测前说的那么不堪
评论比较容易带节奏
我比较喜欢自走棋，但是自己不喜欢玩电脑
电脑只是接触几天，比如刀塔，云顶，但只是碰过，不了解
我更喜欢手游，小小手机，握着感觉握住了全世界，虽然没电脑操作那么多样，但是比较适合我
手游，从最开始接触的战争艺术，多多，战歌，玩起来也不错，但是总感觉玩不久，就慢慢的放弃玩了
云顶手游外服，自己懒得弄，没去玩，金铲铲刚公布公测时间的时候，看过评价，那些一看完就让你想弃游的评论😂，虽然对我心里有些影响，但我更多的选择了观望
玩了快一周了，我感觉其实没那么多不堪，玩的依旧很上头，他们都说名字改的难听，相比于云顶之弈，确实缺了些大气，但是真的玩过的人，懂得，就不会太计较的，但也会嘴上说说这个事，有种恨铁不成钢
体验还是不错的，可能刚开服，为了引流，也开了两个版本的排位
对于没接触过端游的人来说，已经很符合我对手游自走棋的设想了
至于氪金，马服特色，没办法，确实是“特色”，不过自走棋，最基本的竞技场，也不难看，小河灵也不难看，都可以用好久，对于不打算充钱的人，这真的不算什么事，当然了，对于打算充钱的人，真要充，也不在乎那点，对不对？
出都出了，喜欢，我们就好好玩呗。不喜欢，就继续端游，外服就好，有什么事情是两全其美的呢😃",2021-08-31 11:43,2,0,一饮一啄丶゛,玩过,,26630631
金铲铲之战,4,"下棋因为游戏类型，玩家甚至不用花一分钱都能体验完整游戏，这对于学生党来说是非常友好的。

就针对白魔露露，我相信很多人都被制裁了，遇到这种情况大多数人都选择加入，不知道是哪个小可爱研究出来的阵容。

我没有选择加入，因为我发现狙神和德子似乎很好克制这个阵容，特别是处决变异的狙神(这里运气成分有点大)。同类型抢狐狸抢烈娜塔(更不用说纯玩约德尔)，都打不过白魔露露。

从运营上来看，前期的白魔露露强度非常低,特别是还没合出两个以上救赎的时候。玩狙神的话前期尽量d出三星女警，女警加狙神的伤害必定让对面减员，后期c位则是两星烬。",2022-05-21 12:16,1,1,不可燃,玩过,6.1,31161687
金铲铲之战,3,"金铲铲之战，还未出生，就有无数的人的关怀和期待，那个时候它还叫，云顶之奕手游还有个响亮的英文名——TFT
在名为腾讯的势力中，虽然只是其中一个小小的一份子，一个刚出生的幼儿。但因为体内流淌着的高贵血统（lol）和已经得到证实的根骨与天赋（玩法）。未出生之际就万人期待，但是天有不测风云，一娘生怀胎。老大在国外先落了根，继承了TFT这一响亮名号，且能够亲切的与老一辈交流（互通），情商智商俱佳，更是剑眉星目，容貌甚伟。
可是天有不测风云，一娘怀两胎，老大高喊着，表哥我出来了！老二却迟迟不下，最后母亲竟然授权给家族其他工作室代替生下，原来还能***。既然不在本家，那名字当然也是无法继承，从此以后，他再也不是云顶之奕，从此以后，他再也不能被唤作————TFT,他有了新名字，金铲铲之战！
橘生淮南为则为橘，橘生淮北则为枳。不同的肚子孕育不同的孩子。这ppt的容貌的确远远比不上他大哥，他也不能和自己原本的父母进行交流。他有着父母给的美丽衣服（ui和cg），但是美丽的衣服更加反衬他的容貌。或许是换胎伤了本源，他也有点痴傻，他什么不懂，他的家里很有钱，完全可以供他像他大哥一个体面的活着。但是商业头脑的家庭驱使他谋取财产，家里人教他，赚钱很容易，你加几个抽奖，通行证卖79一个，打着云顶之奕的招牌就可以赚钱啦。
金铲铲也很聪明，起码根骨也是有着先天的优势的，他看着跟哥哥一样的剑渐渐生出铁锈变绿，他知道这不怪父母，只能是怪基因对他的审核，强行编排蛋白质生成组合成铁锈的模样，他也知道自己原本可以有一个光明灿烂的未来，如果不是因为家族的战略调整，如果当初自己没有被过继给别人，他是否能跟哥哥一样活得体面，如果不是因为生育计划，自己是不是就能健康出生，也就不会辜负国人的期望呢？金铲铲不知道自己沦落成这幅样子应该怪谁，也知道自己应该怪谁，但他就只能这样站着。
金铲铲站着，这样想着。他知道自己还是有潜力的，只不过很多时候他要照着父母的安排走，但是他没有办法反抗，他会变成什么样，谁又知道呢？他还是有潜力的，很多地方他还没有做好，但是就目前来看，也有一部分令人接受的才华，但是以后的才华是否能配得上别人的期盼呢？
金铲铲站着，看向远方，一颗小太阳挂在空中，不知道是在上升还是在下落。唉，重新拾起七九一张的通行证，拿起抽奖，这日子还得接着过啊，赚钱嘛，不寒酸，自己会变成什么样，管他呢，自己又改变不了什么，得看父母把自己的孩子当成什么，希望他出人头地，还是赚钱机器呢？唉，算了，我早就习惯了。",2021-08-26 12:24,7,0,周哑子,玩过,80.9,26512413
金铲铲之战,2,不知道是我脸黑还是什么情况之前的赛季都没感觉到，打野拼命爆用不上的散件，一件想要的都不爆[表情_疑惑],2026-08-21 08:21,3,0,User24277523,玩过,,50113846
金铲铲之战,4,"自刀塔自走棋所掀起的自走棋热开始，各种各样同类型游戏就和雨后春笋一般层出不穷。作为和刀塔同类型的MOBA游戏《英雄联盟》也不例外，推出了以原游戏人物为背景的自走棋模式，名为云顶之弈。这款叫做《金铲铲之战》就是延续了云顶之弈主要玩法和内容而推出的手机游戏。

《英雄联盟》的云顶之弈模式从推出起，至今依然保持着较高的人气，作为延续其主要玩法的手游自然也不会差到哪里去。游戏在8月26日一上线，仅仅半天时间就打败了众多老牌游戏，成功挤进了热门榜前三。

优化上乘 战斗爽快

因为是公测版本，这次游戏在手机上的表现还是十分优秀的。画面方面细节度较高，人物棋子的衣服会随风飘逸，手上的武器也是棱角分明，在攻击或释放技能的时候动作非常流畅，配合着高质量的音效，会有一种特殊的打击感。游戏的优化也很好，即使是在后期多棋子混战，满屏华丽技能的情况下也不会出现卡顿掉帧等情况。

特殊模式让游戏更添乐趣

这款游戏虽然在人物技能和装备上大多都是照搬端游原有的内容，但是也有很多自己的独到之处。游戏中也别加入了一个全新的双人游戏玩法。同样的每局有八个玩家参赛，游戏会将这八个人以两人为一组分成四组来进行对战。这个模式对手是随机分配的，队友之间无法进行战斗；在固定的阶段中能够复制自己的一枚棋子给队友帮助队友快速成长；当队友连胜或者连败时，自己也会获得相应的金币。模式下战斗将会变得更加多样化，是卖血打辅助还是当战神让队友抱大腿全看自己。

道具不带属性，对战更加公平

游戏中并没有什么杂七杂八的首充神器之类的操作，商城里所出售的都是一些人物皮肤、棋盘背景、表情等装饰性道具，对于对局没有任何加成，零氪也能体验到游戏的全部乐趣。不过这些道具的收费价格都非常的高，而且还有一些稀有道具需要抽奖才能获取。

总结

经典的游戏内容加上全新的游戏玩法，在充满竞技性的基础上也兼顾了游戏性。基于腾讯这个用户量巨大的平台，和好友一起玩双人模式开黑起来也更加方便。从这款游戏开服这几天的表现来看，在未来的一段时间里还会继续保持这样的高热度。",2021-09-01 10:18,2,0,红尘君,玩过,,26648378
金铲铲之战,2,"这个游戏太好了，那么它好在哪呢？
首先是不逼氪金，每次你不仔细找充值页面根本充不了钱，像那种垃圾氪游一样打开就弹充值界面那是没有的。
其次是平衡问题，这个时空裂痕模式除了极地游侠和斗枪特别辣鸡之外，其他的阵容都特别强，包括约德尔法和忍刺，它们不仅仅能完全克制极地游侠和斗枪这两个弱得不行的阵容，对其他阵容还有压倒性优势。点名表扬狂野双龙换型阵容，特别肉，回血特别快，推荐使用。
这个裂痕模式也非常还原s1，没有中期神装派送，完全不会出现给法师物理装，给刺客红buff等情况，斗枪更是不可能拿到质变的装备大杀四方。
交互性也特别棒，频道里完全没有各种卖片和cpdd的，偶尔有几个，一点举报也就处理掉了，非常好。",2021-08-29 09:54,222,48,不知名攻略作者,玩过,109.3,26590915
金铲铲之战,5,"这游戏每天都要玩上那么一两把，体验还是很不错的。首先英雄模型和端游英雄和手游模型差异不大，自然角色语音也是差不多，不会让人出戏。
主要玩的是排位赛，这里推荐几个曾经吃鸡的阵容。首先首推白魔法加社交名流，装备基本给塞纳和莫甘娜，输出攻击都给塞纳，后期一定要有破甲，不然输出会无力，肉装都给莫甘娜，这样整个队伍有输出又肉。
其次是变异战士一定要七个变异这样吃鸡概率大一点。因为变异战士每局buff都不一样，总的来这两个吃鸡概率大一点，一个是攻击概率还有就是每过几秒加攻击和魔法值，装备都给卡莎和大虫子，还有多余就给刺客卡兹克。最后一个看运气，如果齐了必定吃鸡。小矮子团队约德尔人，只要最后能刷出维嘉，然后给他蓝buff加法装，这个阵容必定吃鸡，太强了范围伤害，但是得度过前期。
最后就是感觉娱乐模式少了一些，总打排位感觉缺了些什么。
还有就是加强一下约德尔人吧，关注一下小矮子人吧！！！
",2022-05-20 23:53,11,5,无名之辈,玩过,407.4,31155306
金铲铲之战,5,"前几天版本更新，我相信大家都玩的难受了吧，我最近的排位赛基本有一半人以上都在玩狼人炼金，被狼人疯狂鬼畜的感觉想想就不寒而栗，最近午间休息的时候跟同事发现金铲铲有了双人模式，我就来简单介绍一下双人游戏的玩法以及我为大家带来的全新阵容吧，双人模式顾名思义就是双人玩法，进入游戏以后每一回合结束会赠送一个妮蔻用以将自己的卡牌赠送给同玩好友，极大提升双方阵容的成型速度，注意第一回合送的妮蔻只有两星，第二回合三星以此类推。 今天给大家带来的是我心目中的t0阵容，黑魔枪，由薇古丝，乌鸦，炸弹人，飞机，卢锡安（主c），阿狸，金克斯以及马尔扎哈组成的黑魔枪，通过黑魔羁绊的魔法伤害来提升卢锡安大招的伤害，简单讲解一下流程，开局三约德尔打工，直到凑齐自己需要的约德尔人，2.1上4，3.2上5，4.1上6，5.2上7，如果有条件的提前升级也完全没有问题，只要前期尽量保持连胜，如果抽到黑魔羁绊可以考虑让卢锡安和飞机穿上黑魔徽章上八黑魔，如果收到枪手徽章反之，要学会变阵，卢锡安穿电刃，巨杀加蓝buff，薇古丝穿龙牙，大血甲以及荆棘护甲，其他装备看自己喜欢，如果最后上八黑魔可以转阿狸主c，这套阵容当前版本还是t0阵容，学会的小伙伴们再也不会当老八咯，在双人玩法中更快乐哟！

",2022-04-07 15:23,0,4,转角哥,玩过,499.5,30293454
金铲铲之战,5,断断续续玩了好几年了，也算是老玩家了，每个赛季都会上线来几把，赛季快结束觉得无聊就会删了。从英雄之黎明开始入坑，当时是德莱文和阿克尚的天下。大天使之杖当时还是放一次技能加一次法强，有黑魔法蚂蚱的那个赛季中期改掉的，原来蚂蚱能叠到1000多法强，挂谁谁死，3费卡堪比5费，现在虽然这么爽的玩法没了，但可以看到游戏平衡是做的越来越好的，三星五费的统治力也没有这么强了，整个游戏在往更有竞技性的方向发展，这几个赛季加的奇遇和海克斯也让游戏更有变数，不会像之前的赛季一样容易腻。总的来说这个游戏还是越来越好的,2024-07-31 17:59,12,12,时间煮饭,玩过,430.5,41779082
金铲铲之战,5,"98%的时间是在电脑玩的，目前段位超凡大师，往上上分比较困难（对于我来说，我比较菜）。
🤹🏻阵容多样性：
这个游戏我觉得就没有阵容多样性，因为后期能上分的就那2-3个阵容，看谁运气好抢的过。
😈氪金度：
氪了几个棋盘和小英雄，其实也不用氪，除了开始游戏，现在连邮件都不领。
🙊综合评价：
值得一玩，虽然比较拼运气，但是相对来说很不错了。",2024-02-21 01:32,31,17,祖国人穿皮裤,玩过,125.4,39584488
金铲铲之战,3,"首先感觉有的人说的夸张了，虽然的确是运气游戏，但是在段位低的的确靠运营就能上分。有人非要说d牌这件事，我玩的黎明不知道s1的咋样，本来d牌就有规律的，你们d牌不掌握规律怎么可能刷到牌，就只能等着被系统玩吧。有赌徒阵容，有运营阵容你看你玩哪一个。这个游戏d牌本来就是刷4费牌就得8级d，3费7级d，2费6级d，1费5级或者4级。你们d不出来牌不会是8级还想d一费2费的c把，还有d牌还有一个规律当新回合开始如果系统来你想要的牌了那你就可以一直往下刷试一试，千万不要乱刷，只要不是赌徒，尽量保持金币在50以上。
高端位大家都会玩的情况下那就是看运气了。但像谁么黄金白金的，那的确可以靠思路上分，最差也能保4。
承认腾讯吃香恶心坑钱，但我觉得黎明版本的确和端游差不了多少。",2021-09-21 00:51,2,2,Siven,玩过,,27075668
金铲铲之战,1,"6星好评
  第一颗星给完美负优化，tft走路太流畅不带感，金铲铲从跳棋汲取灵感，让每个英雄移动像跳棋一样，真是有趣。
  第二颗星给出色的画质，tft画面太光滑完美，分散玩家玩游戏时的注意力，金铲铲贴心的将画质降到最低，让玩家可以专心思考。
  第三颗星给用星的原画，金铲铲怎么能用tft和lol的原画呢，特意用脚画了一批新的原画给玩家新鲜感。
  第四颗星给出色的技能和数值设计，云顶s1的数值太不平衡，我金铲铲根据s5.5的数值重新平衡数值设计技能，让玩家玩到“平衡”的s1！
  第五颗星给pc手游数据不互通，防止手游玩家和端游玩家匹配到一起，那样也太不公平了，用电脑玩的不是轻松欺负手机玩家嘛1
  第六颗星给制作组用心打磨，在经历2年的匠心打磨，制作组才决定将如此高品质的金铲铲之战呈现给广大玩家，太秒了！",2021-08-26 11:47,5,0,little、Demon 略呆,玩过,,26511257
金铲铲之战,4,"1我不知道是不是我的错觉，怎么手游的这么容易出5费3星呢。三星阿克尚，三星大头，三星剑豪，三星女帝我都遇见过除了三星剑豪好像被暗削了，其他三星基本无敌，概率比端游大了好多的感觉。（我寻思我也没玩很多把啊）
2腾讯好歹这么大的企业了，能不能把优化，画质，帧率弄好点，我画质拉到最高感觉没什么改变，怎么给我一种比外服的还差的感觉。
3关于氪金倒是无所谓，又没人逼你氪，爱氪不氪，弄这么多氪金活动不是腾讯的一贯作风吗?又不影响游戏平衡。腾讯那个防沉迷发布出来，我感觉也没什么小学生玩这游戏了吧，都成年了也没什么吧。个人觉得氪个赛季通行证的益处最大。
4在别人还没弄懂之前本人侥幸三天多一点时间就上了铂金，斗枪，极地，游侠，潜行，赌狗（s1）都玩过也分不出来什么好坏，只要你玩懂了前几天上分很轻松。
总结:个人觉得不错，不知道为什么评分这么低，也是来怀念下s1（虽然被魔改了）但是拿来消遣时间打两把也是个不错的选择，毕竟外服我挂加速器网络还卡。
",2021-09-01 23:15,1,0,风夕洛,玩过,92.8,26663562
金铲铲之战,5,"最近刚玩玩金铲铲，算是手游自走棋里最对我胃口的。移动端操作优化得很顺手，棋子、装备合成一目了然，新手也能快速上手。
每个赛季都会出新羁绊和海克斯机制，玩法新鲜感一直在线，能自己研究各种黑科技阵容，运营博弈的过程特别有成就感。没有强制逼氪，零氪正常上分完全没问题，午休通勤开一把刚刚好，闲时跟好友组队对战乐趣翻倍，闲暇放松首选游戏！",2026-07-24 19:52,9,10,不吃香菜,玩过,7.6,49746553
金铲铲之战,5,游戏整体我可以给3⭐的分数 这三星是留给英雄之黎明的 确实可以看作是云顶的手游，毕竟这个版本完全照搬了端游，算是比较原汁原味。版号问题毕竟是环境问题而不是游戏厂商的问题。 双版本的设定满足了玩家的多样化需求，扩展了游戏的可玩性和娱乐性，也算是对s1魔改的补偿。 一⭐理应扣在s1原画和英雄角色的改动（你说改的好看也行 偏偏这么丑这么拉垮），如果没有英雄之黎明，这游戏怕是当场爆死。 一⭐扣在游戏对特效的缩水 ，英雄释放技能特效非常差劲，要么没有，要么就是五毛特效，降低了云顶特有的画面观赏性，不太行。 总结一下，不算好，但也谈不上烂，硬黑没有必要，适合日常放松休息时用手机玩玩。,2021-08-28 09:42,1,0,青草青草青,玩过,,26568611
金铲铲之战,4,"不得不说手游玩起来确实是比较方便~可以随时随地玩一把，而且这次国服做的还算是比较到位的。
无论是s5的光明哨兵，还是s1的帝国德莱文，都可以随时随地玩到手。
游戏里面人物的场景建模做的也是可以的，ui看起来很简洁，特效很帅气并且也不晃眼。
可以说这次手游各方面都到达了我心中的预期甚至可以说做的更好，没理由不给个好评",2021-08-28 19:53,164,13,鲸落,玩过,209.3,26581863
金铲铲之战,4,好玩，新赛季羁绊合理，阵容丰富，双排也具有很强可玩性，和朋友一起上分简直不要太快乐，玩起来让人欲罢不能，简直停不下来，绝对是个超赞的游戏！就是游戏难度超出我的想象，玩起来确实有挑战性，但是新手玩家来说，有点过于困难了，希望能有更多的新手引导和提示，让游戏变得更容易上手一些。,2024-01-22 19:11,13,11,Sherry,玩过,763.4,39230776
金铲铲之战,5,不知道谁发明的，时间太正好了！大学生度过时间最好的游戏，而且我一直觉得金铲铲是个益智游戏，玩多了可以防止脑子生锈。感觉金铲铲跟麻将一个效果，凑够九张牌就能合成三星，每天我看阵容，自己研究阵容装备，跟朋友一起玩，简直太爽了，而且我觉得他它也是一个和朋友促进感情的游戏。,2023-11-01 15:46,45,18,小仓奈,玩过,,38181805
金铲铲之战,5,"女铲，s9赛季被带入坑的，然后那个赛季就追了一个三星五费，阿狸，然后我激动的发了个朋友圈。。
s10我被音乐感动了，一怒之下充了点钱拿了个小小亚索，追出了十心之钢（虽然是恭喜发财），爽了。
福星第一次玩，感觉还行。
s11我被羊刀巴德和永恩背刺了，追了个十吉星，缓解一下我的心情，最会玩的永远是灵魂莲华和剪纸……别的纯靠运气。
总结：什么阵容都玩玩，什么阵容都不精通，主打的就是装备乱给，游戏乱玩。",2024-04-02 17:26,47,15,秒秒,玩过,556.3,40034766
金铲铲之战,3,"游戏整体我可以给3⭐的分数
这三星是留给英雄之黎明的
确实可以看作是云顶的手游，毕竟这个版本完全照搬了端游，算是比较原汁原味。版号问题毕竟是环境问题而不是游戏厂商的问题。
双版本的设定满足了玩家的多样化需求，扩展了游戏的可玩性和娱乐性，也算是对s1魔改的补偿。
一⭐理应扣在s1原画和英雄角色的改动（你说改的好看也行 偏偏这么丑这么拉垮），如果没有英雄之黎明，这游戏怕是当场爆死。
一⭐扣在游戏对特效的缩水 ，英雄释放技能特效非常差劲，要么没有，要么就是五毛特效，降低了云顶特有的画面观赏性，不太行。
总结一下，不算好，但也谈不上烂，硬黑没有必要，适合日常放松休息时用手机玩玩。顺便有些人就别装lol玩家了 看的我恶心 ，农p滚。
",2021-08-28 09:01,3,1,素质警察冲冲冲,玩过,,26568022
金铲铲之战,3,"强音对决赛季开始的时候开始玩的，那个时候还不知道怎么运营，就靠朋友教，后来慢慢的学会了，一个宿舍就开始一起玩，乐趣也多了，直到有次碰上了心之钢，那个羁绊我完全不知道怎么来的，就玩其他的，后来，知道了之后，每次都是打着打着，就来一句“计划有变，心之钢”，遥想有次我与我朋友要双人模式，两个人都是十心之钢，全屏的人发“？”。
后来，放寒假了，天选福星也来了，我朋友告诉我要玩福星，但由于我不知道福星的机制，再加上我第1次玩这个版本，拿了一个第二，我还记得第一给我说的话，玩就要玩福星，然后我走上赌狗的道路，一去不返。
后来开学，在火车站旁边的网吧里，一个晚上拿了一次十5杀，十ktv，强音对决赛季的最后一天又拿了一次十心之钢，就一个字，爽。
后来画之灵的到来，让我开始出现了红温状态，三星三费暴打三星四费，三星四费吊打三星五费，原先我是不信的，后来我朋友的三星凯隐打不过三星巴德，我的三星开隐杀掉了三星黄鸡，让我少了很多乐趣。
还记得恭喜发财，我强音对决的时候，艰难的才上了2000分，而画之灵，随便找一套阵容就能吃分，很快就上了2000。让我渐渐的又少了很多乐趣。
直到5月30日赏金的回归。乐趣又回来了。还记得前几天我朋友的三星杰斯锤我三星塔姆十几锤子没有锤死，我就在旁边笑。后面也开始接受赏金，只拿贵的不拿对的。
就希望后面的赛季可以搞好。",2024-06-10 20:26,14,6,丂枧.,玩过,585.9,40896723
金铲铲之战,4,"其实也不是说不能接受各种魔改，主要问题还是还得好不好，能不能让新老玩家都能适应，当前版本名字等问题确实是处理的差点火候，像多赛季并行这种就处理得还行，希望之后相关的问题能再优化优化。
另外送几个兑换码，自己兑换过了用不到，评论区也还有：
HGKNKAAEuSFheffn
HGKAAABAEETjaXDX
HGLAYAADAbnGxhvZ
---------以下为游戏详细体验---------
玩到了久违的无脑狂野换形，爽还是很爽的，梦回S1，准备有空把曾经爽到过的阵容拿出来再爽一遍，之后要是还会像S2、S3这么继续梦回，那就又可以复刻边看小北视频边玩的时光了，尤其是死兆星小丑和钢铁梦魇，让人尤其怀念，没别的，就是帅。
1、各版本体验
只从操作、UI、画面等基础体验来说，这个版本的云顶相对于国际服有着一定的优化，一些细节的交互，像是装备的合成，以及各种羁绊阵容等的提示，至少是更符合我个人的习惯的。当然最大的优势还是在于，网络没什么延迟了，游戏体验直线上升。
不过有两方面的内容改动带来的体验不是特别好，一个是画面，相对于国际服的，国服在模型上是保持一致的，但给人的感觉是明显缩小了，对应的包括血条、背景等都有“缩水”的感觉，如果是为了照顾优化倒是可以理解，但这种“小巧”化明显淡化了战斗冲击力，看不清角色间的差异，而且选角色等操作也更容易失误了。
另一方面就是“本土化”的问题，这个大概率不是官方不想用，肯定是能想到改名改原画会引起目标受众的不满。虽然其实只要内核不变，影响也不大，但主要就是本土化的质量不算很高，尤其是在取名上，如果是英雄联盟或者云顶老玩家，看到这些新的“诨号”，像是“无畏重炮”这种，割裂感不是一般的强。
2、玩法体验
当然，只游戏本身来说，我个人还是认可的，云顶之弈算是自走棋百花齐放后我个人最喜欢的作品之一。这游戏最有意思的地方还是在于套路差异化上，当时很多游戏差不多就是成熟的刀塔自走棋换皮，除了皮不一样，羁绊叫法不一样之外，没太大区别。
云顶之弈虽然还是在这个框架里，但羁绊的设计有了明显的差异化，而且阵容相对的更加注重于多个羁绊的配合，如果单走一个羁绊强度反而上不去，除非走得更加极端。而且还能一个赛季大换血一次，虽然学习成本一直在增加，但趣味性确实也是一直在增加。
不过，有一点我个人一直以来都是觉得不满意的，那就是棋子合成升级的时候，都没有明显的，“爷变强”了的成长感，像刀塔自走棋，每一级饰品多寡的变化，能让人明显从气势上体验合成的快乐，云顶皮肤不算多，这么玩的话多赛季搞不来可以理解，但只是血条和颜色的变化真的太单薄了！
3、细节相关
以我玩各种自走棋的经验来看，虽然云顶的更新令人佩服，但个人觉得其实酒馆战棋那种迭代才是最健康的，即内容稳步填充的同时通过ban阵营来防止游戏过于臃肿，这样既可以保留游戏原本设计得精妙的内容（例如我一开始所怀念的内容），又可以给稳定用户一个较为平滑的版本体验。
游戏的节奏还有优化空间，基本上哪些回合对应输赢应该干什么事能收益最大化每怎么变过，游戏几个版本的节奏都相对固定，虽然会有变化但都比较小，每个版本玩的稍微熟悉一点之后，就会有种机械化的感觉，尤其时间还比较紧凑，不像酒馆那样可以通过一些手段增加运营空间，每个版本我个人到最后都会感觉有些疲惫。
最后，其实运营对社区舆论维护其实能做得更好，虽然有些问题没法去做正面回应，但其实像数据互通这种问题是可以解释的，而且很多其实用户更看重的是态度，只要态度够好，想要做好游戏，给用户带来更好的游戏体验，还是可以得到理解的。尤其是目前排在前列的评价，是真的需要好好维护一下。",2021-08-28 17:54,37,14,屠梦人,玩过,44.1,26579469
金铲铲之战,4,"2022年:震动出了一个能关四种的，很棒，马上改好评，玩爆！
2021年:ios抢先下载，不说啥了
金铲铲，好名，端游不互通，讲道理这个确实没毛病，建模梦回多多。
最大问题！！！ 震动！！！1。进去要震动2。准备也震动3。合成装备也震动4。穿装备还震动 注意:5。设置里只能关闭掉落装备震动！关闭不了别的4种震动，设置里那个开着就是5项震动，你现在4项强制震动，谁给的权限？
分割线.˚‧º·(´ฅωฅ｀)‧º·˚.
好了，完美解决了，我卸载了，好起来了。 我不会是第一个因为震动太多卸载的玩家吧(´థ౪థ)σ，不管了溜了",2021-09-05 09:54,2,2,吃瓜小能手,玩过,,26737930
金铲铲之战,1,真是太好玩了，五次三星四费只差一张死活d不出来，甚至差点三星五费龙女，但是九级一百多块钱并且独家更是一张都d不出来。金铲铲官方你的d卡概率是这个😂,2026-07-31 00:10,4,1,白日照天间,玩过,486.8,49835163
金铲铲之战,5,第一次玩这种类型的游戏，感觉很新颖，之前没有接触过，不同于moba类游戏需要很精密的操作，更多的需要的是思维，运气，玩起来也非常的方便，尤其是现在天冷，我都不愿意打开手机上的其它游戏了，最近在游戏里学到了连败，利息等字眼，有时候前期挨打不一定会游戏失败，后期兑出高费卡凑足羁绊一样能翻盘，我很享受这种力挽狂澜的感觉，更多时候是叫朋友一起开房间玩匹配，经常兑出三星五费牌，真的贼刺激,2024-02-08 10:34,18,15,幻浪,玩过,,39462096
金铲铲之战,4,"金铲铲之战作为今年最火的手游本人也在前几天下载和室友一起开黑游玩作为云顶玩家玩金铲铲之战算是半个老玩家了经过这几天的玩的感受发现端游上的强势体系在金铲铲之战里面不强势甚至还有点弱本人总结了一套娱乐玩法

适合胡的时候上分不胡的时候吃个烂分也是没问题的

开局开三约德尔找飞机和纳尔然后连败吃利息选修抢攻和大剑和全套然后上五找船长找到以后开二枪手一社交

一般这种质量三阶段基本可以连胜然后上六找卢锡安开三枪手然后卡利息d船长如果胡的话也可以上七找上船长然后开三社交有船长在的话爆金币还是很快乐的也可以开三赏和三约输了吃赏金赢了吃约德尔又赏又约黄金万两

船长优先无尽和轻语第三件装备看名流格如果在前两排就水银和泰坦后两排就火炮巨杀输出装总结一下这套整容适合娱乐玩前期看船长爆金币.后期船长开三社交可以秒人不过也仅仅娱乐玩玩上分的话吃烂分也是没问题的",2022-05-12 18:20,1,3,我心,玩过,2.0,31001070
金铲铲之战,5,能够s1和s5.5同步做出来，这点我是之前真的没想到，但是此刻我只能说什么叫惊喜，这就叫惊喜，自走棋一直以来给我最大的问题就是游戏很容易玩腻，到了每个版本的末期，吃鸡率是上去了，但是反倒是没新鲜感不想玩了，但是手游算是大幅度减轻了这个问题，双版本玩腻了一个可以随时玩另外一个，只不过唯一的问题在于要多记住一套阵容才行,2021-08-30 18:44,215,57,荆纯,玩过,140.8,26620351
金铲铲之战,5,"对于新接触自走棋、接触铲子的新手玩家建议
首先大部分的玩家的核心需求还是【娱 乐】、少部分玩家的诉求是【上 分】（看过云顶段位分布做参考80%的玩家＜铂金2）
如果上述结论各位看官认可，那我们先讲大部分玩家的【娱 乐】诉 求如何解决；
个人理解要【娱 乐】的爽分2个阶段走
第一阶段：模仿起步 - 顺带学习+熟悉英雄（技能）、羁绊、武器、站位 （类似你得知道玩牌的规则，什么牌最有用，什么牌组合最大）
↑ 此处的关键问题，从哪获得资料模仿 建议是通过各种阵容推荐（如关注我哈哈哈狗头）
第二阶段：自研尝试 - 通过第一阶段的积累（快点大概50-100局），开发尝试更多的羁绊、装备、英雄组合
↑ 此处的关键问题，心态好要本着娱乐之上的原则，不强求吃鸡，期待自研阵容效果，或者""做牌""的乐趣
-----------------------------------------------------
个人理解【上 分】的爽分3个阶段走
背景1：天时地利人和是吃鸡的基本条件，目前我们先关注【上 分】，所以讨论是上分逻辑思路（不在此讨论吃鸡哈）；
背景2：个人理解，阵容 ＞ 装备 ＞ 站位（对于新手来说）
背景3：铲子其实是个资源效能利用的游戏，就是等量的金币，能组合出更大的棋面博弈效果，人话就是 【金币利用率】
反应到阵容上：就是花最少的钱获得更多阵容的所需棋子（D牌未获取心仪卡，那粗略的认为这个D牌花费的金币就浪费了），如果人家50金币获取10个有效棋，但你等量50金币获取了8个有效棋，那在这边就输了一阵（不考虑阵容克制等因素哈，for 新手，就是想把逻辑讲的简单点）
反应到装备上：就是花费的金币换来的棋子跟装备的匹配度，如果人家50金币获取的棋子反应到装备利用、匹配度上是60%，那你是40%那就又输一阵
反应到站位上：这个后期讲，太复杂 我自己还没理顺
↑ 了解了上述的大背景及“”本质上“”是【金币利用率】之后 跟大家交流接下来的【上 分】要素
第一步：你需要有更多的能掌控阵容 这样可以提升【金币利用率】← 提升棋子的阵容匹配度（你有多套阵容那匹配度一定会提高）所以建议多玩几个阵容（本质差不多，吃透一套技能后，那学习第二、第三套技能的成本可能是第一套的40%-50%，往后更低，人话讲是边际成本是递减的）
第二步：你需要有每局博弈的自我定位 【是保分 还是 吃 鸡】 ← 天胡开局就是前期回合免费D的卡跟你摸到装备就高度一致，这种情况下，你是可以尝试往后拉人口数，组吃鸡阵容的（我们先大概说个概率哈，就是高人口多羁绊同样装备匹配度及量级的阵容 理论上是比 低人口少羁绊同样战备匹配度的阵容吃鸡效率更高的  杠精别来，我们说大概率）
举个例子：你打算走装备要求高的高人口多羁绊高概率吃鸡的阵容，那1-3之前如果你爆的都是金币呢或者棋子呢？没装备？那我建议你就走少吃装备的低人口阵容，这样子装备的差距你可以通过棋子强度来弥补（注释：前头说了哈 不给装备给额外金币或棋子，那这个情况下你获得高星棋子的概率就高）而不要强去对装备羁绊要求高的阵容 目标是【保前4上分】，当然后期手气好了，也可以去追吃鸡阵容（起码你前期不会因为装备，棋子匹配度的关系掉太多血，保留后期想像力的机会）
第三步：就是临场应变了，情况很多，如 同行很多怎么办？阵容被克怎么办？站位操作不如对手怎么办？ ← 这些很复杂，后期展开讲，我也是一路走来的新手玩家，希望能给各位新手弈士一些帮助或思考，或者本质上去了解这款游戏的本质是什么？！
时间关系，后期更新
祝各位弈士铲平一切！！感谢各位看官~",2021-09-23 12:14,159,13,堤岸野草王大拿,玩过,,27118816
金铲铲之战,3,"匹配机制以及UI不太行，当玩家个人水平及阵容理解超过这个段位并连续获胜后，玩家隐藏分变高系统会匹配给多排高段或直接在匹配时将段位拉升进行匹配；在这同时，发牌员会针对该玩家的阵容以及海克斯，导致大概率进入连败期。除了连胜之外，连续进行比较长时间游戏后，发牌员也会开始搞事，预测这种系统目的是为了减缓上分玩家的上分速率从而提高游戏的在线率（不过我感觉属于饮鸩止渴，况且现在还不算渴就开始自己搞自己）
这期云顶S6还不错，可玩性挺高的，对云顶有所研究切时间不多偶尔玩两把的朋友可以尝试，常玩的最好有开黑的朋友。
如果给有人要跳出来说我就是想多了那说明你的上分之路挺顺利的，恭喜，我这也只是给碰见相同情况的朋友找个心理安慰。",2022-01-23 02:38,17,0,比较认真,玩过,1425.9,29139633
金铲铲之战,4,"游戏质量确实挺好的，两个版本s1和s5.5都挺好玩的~（我个人喜欢玩s5.5）
顺便说下目前端游的一个主流套路九五龙族是真的强，s5.5版本的五费单卡普遍超模，剪刀妹，提莫，大头，这一个比一个猛。
这也是九五龙族能成为主流的原因，前期可以用二星艾希过度，等到中后期5-1的时候迅速升9把龙族换下来换成无费卡，装备优先大头提莫，吃鸡稳稳的~！",2021-08-29 16:45,257,102,阿司匹林,玩过,53.5,26598490
金铲铲之战,1,首先和tft比起来各有千秋，tft还原但是没有60帧，这个优化还不错但是由于数值和别的不同其实也已经算得上两个游戏了，其次是小小英雄有些做的确实有点不太好看，有些小小英雄的画风我不是很能欣赏这是个人的主观问题，而后这个游戏吧现在赌狗阵容比较猛，有一套t0大家就都去卷了，你卷吧不一定吃分，但是不卷吧大概率吃不了分，这是比较难受的一个点，总的来说好坏参半吧我觉得，但是对于游戏环境来说，竞技游戏大家也都懂，匹配到的人有的满口骚话，大家一起游戏小霸王(其乐无穷)笑，也有的看见你运气好就要恶心你我不是很能理解这种人，就比方说今天这把游戏吧，我2-4五吉星，前面大家有说有笑，有的人说我用命玩游戏，我也说了明天出门得注意点，但是令我想不到的是有个人说分不要了要搞人心态，我原以为就卡牌，断连败，我觉得这个很正常，都是对手只要能赢就可以，但是令我想不到的是，他要把这话说出来，要彰显自己，哪怕最后战败也要留在场上化作吉祥物羁绊(笑)，给其余六个人喝彩然后打击我，仿佛看见我死亡他的内心就获得了一丝丝的满足感，我也仍在最后和他说我过的很幸福所以不会在游戏中攻击别人，我不明白他的想法，虽然他也说他过的很幸福，但是一个幸福的人会在游戏里面这样攻击人吗？我不理解也不明白，正如我在别的评论里说的那样我早就没了互喷的欲望，我希望大家都会碰到一个有意思的会说骚话对手，能让人放松的对局，对于我本人而言这款游戏就不会再碰了，我没有选择匹配对手的能力，但我有选择游戏的权利,2024-04-11 00:01,26,6,User382652665,玩过,,40128718
金铲铲之战,4,"能手机上玩感觉已经很好了，像我这种lol玩得很少了，也不在乎能不能跟电脑端同步。我只希望既然是不同的另一款游戏，那tx就多出些有意思的活动跟模式，跟云顶手游彻底区分开。这样这款游戏才有出路。
而且版本不要更新太快，拳头的更新太不适合老年人了。玩得太累，也很劝退老玩家。
都是一家人也别装啥版权问题了，你这么些英雄有版权，突然出来几个没版权的，很奇怪。角色名字跟lol统一了行吗，别捣鼓那些奇奇怪怪的东西，我差点以为玩实况，希望越来越好吧。",2021-08-26 12:11,1,0,久安,玩过,,26511996
金铲铲之战,3,"💰氪金度：
这游戏氪金怎么说呢？要是纯玩玩法，那零氪就行了，但如果想小小英雄好看，棋盘炫酷，那就不得了了，一个手册就都多少RMB了，懂得都懂。不过说实话，真玩起来的时候，谁还有心思关注小小英雄啊？

💡玩法创新度：
我觉得还行，毕竟每个赛季都有新的羁绊和玩法，我觉得还是不错的。

🤹🏻阵容多样性：
阵容是多样性，但如果是上分阵容的话，那就不多样了，也就那么几个，如果你和别人撞车了，那就有的你难受了。
总结：可以娱乐，只要不想着上分，阵容就有无数个（老不老八我不清楚，反正会难受）。氪金我不知道影不影响d牌，反正我也不怎么氪。",2023-06-05 18:14,98,35,风浪草原,玩过,1077.5,36197958
金铲铲之战,5,好玩，我想让我女朋友玩，但是她说这看起来很无聊。。。。。。。你想玩95就玩95，想玩啥就玩啥，但是海克斯给的很难受，经常需需要你有足够的阅历，可以掌握每一次机会，但是，其实只要能选到自己喜欢的海克斯开局，碰到适合自己的例子，能赌对牌就爽，但是大多数其实还是在玩公式，虽然每隔个几周来一次更新就会有不同的新阵容出现，唉，我女朋友非要玩王者，我真不知道那有啥好玩的，我打了三个省标，也没多开心,2026-07-21 13:49,1,1,小嘴巴,玩过,1365.0,49702155
金铲铲之战,5,"作为一名在本赛季刚刚冲上大师的玩家，我在这里像大家推荐我的一套致胜法宝(基本上能稳恰分)那就是，“名流金克斯”玩法。主要依靠的是三名流的续航和增益buff使得金克斯更快启动和增加其伤害，从而赢得游戏的胜利。
首先在前期，我们需要为金克斯寻找装备(最重要是羊刀)，因此主要拿大剑和反曲弓(用于合成中期塞纳的过渡装备)，棋子整容的话，可以拿约德尔白嫖金币 。海克斯科技的话，推荐分享聚光灯，二重唱或者别的能赚钱的(用于后期d金克斯和升人口)。
到了中期，凑成三社交，就给塞纳之前准备的装备(巨杀，无尽)，然后继续打工(三约德尔，三名流，别的可以按情况给）。海克斯还是之前的推荐(分享聚光灯和二重唱)。
到了后期，如果血量健康，可以升九再d出金克斯，血量危险的话，在八人口就开d，从而更快提升棋子质量。之后将塞纳的装备给金克斯，形成三名流buff金克斯的场面，此时，我们可以补上一个机器人，补个双保镖，双极客(顺便恶心人)。
在我的体验看来，这套阵容的强度虽然不能把把赢，但吃分不成问题，是xdm上分的不二选择。",2022-04-10 16:22,4,4,林舒木,玩过,9.2,30344772
金铲铲之战,5,"这个赛季明显比上个赛季好玩，不过整体因为强度平衡的缘故，导致很多阵容都能玩却没人知道，有强度的简单运营的阵容太过于超模被反复提起，因此想要获得游戏体验需要自己主动去不断找高分主播取经了解版本的节奏，并且这版本95是需要明确主c和拿一到两张高强四费的，不是以前那样无脑一排5星就吃，所以也让很多半吊子运营玩家破防的彻底，总的来说云顶非常好玩，但对于铲子玩家来说难度有待降低
",2024-03-31 22:05,37,18,遠野識,玩过,,40011600
金铲铲之战,5,"本来以为魔改得🐴都不认识了，结果s5.5和s1内容同步上线，按需游玩，这下舒服了。再也不用挂加速器去TFT了，至于喷端手不互通得，我觉得没这么大火气，LOLm和lol也不互通呢，能玩的云顶就是好的金铲铲🙋
来，开服了，再说句公道话，画质比国际服好太多了。高帧率，以及国服和朋友一起玩也很方便，s1 s5.5都有，我很满意
而且战斗回放功能真的是太太太太好用了！开心！",2021-08-16 15:33,8,8,柯西,玩过,200.2,26214524
金铲铲之战,4,"之前一直肝国际服的玩家终于等到金铲铲开服，玩了几天刚白金，发表一下个人观点。
首先，无脑吹和无脑黑都不可取。
TFT和金铲铲都有各自的优缺点。
TFT优点:通行证奖励和价格良心、界面简洁和口碑好（玩这个不会被骂铲批）
缺点:调画质和帧率需要去改文件（不算麻烦）、需要稳定加速器（但有时候ping还是不稳定）、社交功能匮乏且玩家较少（之前想找个朋友开黑TFT可太难了）、模式比金铲铲少和钻石到大师段位排一把时间要几分钟。
金铲铲优点:社交能力强（我将近一半的微信好友都在玩）、活动丰富、能玩不同赛季、有些细节优化还行（个人比较喜欢国服加载界面）
缺点:通行证价格和奖励坑、氪金活动过多、口碑差（玩了容易被骂）、开全高容易发热、耗电比TFT快、小小亚索建模欣赏不来。
欢迎理性反驳，不接受无脑喷。
——————分割线——————
很多人骂我收钱，我就把话放在这，我收了一毛钱我明天暴毙。
还有很多人骂我不提数据互通的问题。首先我承认是我忽略了这个问题，数据不互通确实是腾讯一贯割韭菜的尿性，确实很恶心。
但就我个人而言，数据互不互通对我的游戏体验影响并不大，至少没到实质性影响，因此易开黑的优点在我个人的价值观里盖过了这个缺点（每个人价值观不同）这个缺点在我眼里还没大到让我放弃和朋友开黑的渠道，如果你觉得这个问题很大，不值得玩，那也没什么问题，我不反驳。
总而言之，我从头到尾都只是作为一个玩家说出了自己的观点，没有强行安利或强行统一观点，每个人游戏体验的取向都不同，我个人的游戏体验主要取决于有没有朋友一起玩，而这个游戏开黑方便，对我来说更适合，你在意的地方没做好，你觉得不合适，那我也觉得你没问题。
有话好好说，别疯狂嘴臭。

———————分割线——————
时空裂痕阵容推荐:元素忍刺、北地游侠、斗枪、狂野斗士、卡特。
如果是新手建议玩斗枪，易上手且强度不低。
以上建议纯属个人理解，仅供参考。",2021-08-28 15:43,1700,317,千帆,玩过,632.7,26576312
金铲铲之战,4,"11-10
双城之战版本还不错😄
—————————
10-21
双城之战更快点！
—————————
9-17
上钻了，记录一下😁
———————————
9-5
抛开腾讯自己单独搞个国服的骚操作不谈，还是挺还原端游云顶之弈的，就是商城小小英雄明显比端游贵很多，也加了抽奖的氪金玩法，好在也不影响平衡，花里胡哨而已。
但是老版本模式里有被腾讯魔改名字跟原画的恶心玩意，有点劝退。好在玩新版本没有这些魔改的东西了，我不玩就看不见，就不会被恶心到了d(ŐдŐ๑)
如果想体验现在端游新版本，可以一试，如果想回味s1版本，小心被魔改恶心到。
其他方面还行。",2021-07-12 13:43,2,2,该用户已注销,玩过,20.8,25424022
金铲铲之战,3,初玩的惊艳，使我坚持玩了这个游戏这么长时间。当 时刚出的时候，我同学就叫我入坑了，玩的是那个自 创名字的那个模式和同学玩得不一样，后来才知道 他们玩的是s5赛季，都有龙和龙族发现羁绊效果不 一样才知道的 s6赛季才算正式入坑，当时这款有戏算惊艳到我了， 它没有什么职业联赛什么的但是它的热度也不低， 运营有运营的打法赌狗有赌狗的打法，个人认为可 玩性很高。因为s6赛季与当时同学玩游戏的回忆才 坚持玩了后面的赛季，为什么用坚持呢？因为后面的 赛季感觉很一般，虽然都有新东西但是已经没有了 当初想要玩的那股劲了，可能也是玩多了疲劳了。,2024-06-15 16:00,11,3,秉烛古人,玩过,572.0,40961592
金铲铲之战,5,"阵容多样性🤹🏻：主要是我是新手，一般听同学和一些大佬的意见，可以看游戏里的羁绊阵容推荐。

玩法创新度💡：每一个赛季有每一个赛季的特色，就比如之前的巨龙之巢就很好( ﹡ˆoˆ﹡ )

氪金度💰：不氪金可以玩，主要是没有什么可以氪的地方，除了小小英雄和背景和特效以外，头像框之类的都可以免费获得参加活动。

平衡性⚖️：新手入坑的时候还是有了解的，要是没有了解的话，会输的很惨，就是那个段位匹配机制，我的第一次匹配排位，我直接匹配到了钻石，人都傻了，建议修改一下。

可玩性🎮：大部分都是热爱玩LoL的人,或者热爱这方面的人。
",2023-04-08 11:34,44,36,温馨,玩过,,35590537
金铲铲之战,3,"首先感谢让我在移动端体验云顶之弈，作为刀斯林之前在PC端是没玩过云顶之弈的。
流畅度急需优化，我今年的最新款M1芯片的iPad Pro打起来都卡卡的，6局空血没电，耗电量惊人，扣一分。
其次每回合的准备时间也太短了吧，倒也不用为了移动端节奏快把准备时间搞这么短，我孩没刷两下战斗回合就要开始了，再扣一分。",2021-08-26 16:31,3,0,招牌老油条,玩过,,26519246
金铲铲之战,4,"金铲铲之战更看中的是个人对于游戏的理解，非常考验个人的策略意识，如何注重各方面的搭配是非常重要的，拿牌的思路一定要清晰，要是胡乱拿牌，那这基本上就是输定了，要是遇上会玩的，那基本上没法还手。
阵容这些话，金克斯、卢锡安、波比、杰斯、艾克、刀妹，、机器人这个阵容上分很好用，凭实力让对方难受，打对方轻轻松松，起手的话，三约德尔起手，金克斯的装备给卢锡安打工，肉装给熬夜波比，可上九补杰斯，不上强度也够，多余肉装给艾克，输出给刀妹，7级卡利息升就行，全员二星就可以上八找金克斯了，肉装也可以给机器人盾更厚，这机器人让对方直接打不动，盾一放就是让对方难受，后面就是让刀妹输出。
还有一种就是开局抢蓝，要是开局福利好有减蓝变异直接走变异主c蚂蚱副c狐狸火男等这些。没有的话就玩狙神执法或者社交白魔塞纳。一般都是看给的牌转还有最重要即使思路要清晰，思路不清晰，全玩完。阵容组成，露露、熬夜波比、纳尔、莫甘娜、塞纳、蚂蚱、歌姬、发条组成。8人口成型。组成4白魔，3名流，3约德尔，2黑魔的羁绊。海克斯方面，最佳选择，就是三费之力，妙手空空，炽热香炉这些。然后站位基本都是缩角落，露露放在最里面防钩，波比和莫甘娜放前排，吃伤害。基本上是打不死的。这种就是快乐，让对方难受不好打。
这两种思路都是可以的，可以根据不同的情况进行适时调整，最优的玩法也都是慢慢试出来的，上分冲冲冲。",2022-04-03 14:08,0,0,spike,玩过,5.1,30224724
金铲铲之战,3,但凡拉等级d牌慢一点点就会发现五费被卡的死死的了，后期没有妮蔻的情况下想出三星五费多少有点困难了,2026-08-04 15:39,0,0,笨笨狗,玩过,70.3,49893899
金铲铲之战,4,不开玩笑，打一把比高考难,2024-07-15 10:52,6,4,逸觉睡不醒,玩过,,41424406
金铲铲之战,5,"氪金度💰：
氪金体系设计的非常完美，一般氪金的时候就会给你好牌，反之烂牌。当你有一段时间未氪金时就会判断你是否还会再氪，如果没有氪金欲望就不要浪费服务器，就给烂牌赶你走咯。

玩法创新度💡：
代码非常烂，但是出乎意料的能用。因为担心节奏，细节设计的很没有特点，说白了就是怕事，但是出乎意料的，反正没有人在意。拿就把重点放在小小英雄和棋盘的销售上了。

阵容多样性🤹🏻：
这赛季阵容多样性很优秀，但是核心玩法已经锁死了，没得创新点了，大家阵容变阵少了然后就是，没得来牌的话又不给怪兽的话就是死咯。当你决定玩什么的时候就已经被拿捏了，我的建议，直接右上角快速吃鸡（投降），反正这把是陪跑，不能不服气，但是不影响你投降。

本人段位:常年大师宗师，赛季末会上王者。",2023-04-13 00:54,208,113,Zahi,玩过,,35634197
金铲铲之战,1,第一个差评，不跟电脑端连通，第二个差评，蓝条平衡率差，稀有牌面板偏低，平衡系统太差，羁绊不平衡，九刺客输出还不如两斗士，第三个差评给手感，每次掉装备球金币球，捡时候十分难受，上装备也不好，不会做游戏别做，求求了，不想看你们贪婪的嘴脸,2021-09-07 02:54,1,1,(.=^・ェ・^=),玩过,578.4,26770641
金铲铲之战,1,"玩了这么久的金铲铲，真的忍无可忍要吐槽一番！
 
先说这匹配机制，简直离谱到家。常常把实力差距极大的玩家匹配到一起，要么我被虐得毫无还手之力，要么就是碾压别人赢得索然无味，一点游戏体验都没有。就好像系统根本不考虑玩家的实际水平，随便拼凑对手，这还怎么好好享受竞技的乐趣？
 
游戏的卡顿问题也非常严重。好几次在激烈对战的时候，突然就卡得动不了，等画面恢复，胜负都已经定了。团战的时候掉帧更是家常便饭，技能放不出来，棋子操作也不流畅，完全就是被卡顿牵着鼻子走，这不是坑人嘛！
 
平衡性更是一大硬伤。某些阵容和英雄强得离谱，只要拿到特定的英雄和装备，基本就能稳稳吃鸡。像之前有段时间，某几个强势阵容统治赛场，大家都玩那几套，游戏玩法变得极度单一，根本不需要什么策略，只要跟风就行。那些冷门的阵容，不管你怎么精心运营，都很难取得好成绩，这对喜欢尝试不同玩法的玩家太不友好了。
 
还有这抽奖概率，真的是让人怀疑人生。为了抽到心仪的小小英雄和道具，我花了不少钱，结果总是失望而归。感觉这概率就像是被暗箱操作了一样，想要的永远抽不到，全是保底，这样的抽奖还有什么意义？纯粹是浪费玩家的钱和感情。
 
再讲讲这游戏的更新，新赛季内容毫无新意，就是换汤不换药。新出的羁绊和英雄也没有带来多少新鲜感，玩法还是老一套，玩不了多久就腻了。而且更新速度也慢，一直吃老本，完全不考虑玩家的感受。
 
金铲铲之战现在的这些问题真的太影响游戏体验了，如果官方还不重视并尽快改进，真的很难留住玩家的心，迟早要凉凉！",2025-09-13 16:27,6,1,onefourone,玩过,,46347548
金铲铲之战,5,"五星好评吧，为什么这样说呢，目前自己的端游分段是钻石分段，正在冲击大师，而手游给我的感觉跟端游没有什么不一样，包括画质，动画，人物模型，都是一样的。
这里有个小小的几个瑕疵:
1.希望能把卖英雄的放到下面去，左右两把，有时候会按到升人口和刷人口么健。
2.铲子呢，我的铲子呢？？？选秀没有铲子怎么去玩，现在就这几个阵容，法海，森林，6召唤，雷剑等等，其中铲子爆率是真的不高，法师帽子，转职书都基本上靠鸡哥之后的选秀，有时候还不一定有！希望增加铲子！！现在大家可劲的玩三毒掠食者！前面掉血我都止不住。。。（｡ò ∀ ó｡）
3.能给聊天框做出来吗，现在看见小河灵都是我们国服人在玩，先聊天，还有加好友系统，这个拉人做的有点不舒服，（我澳洲服拉我朋友，界面显示进来，我以为他进来了，然后我开了（｡ò ∀ ó｡），其实没有，参考国服端游拉人，组队过程中它有小动画的，动画没有了，说明队友进来了——！）
4.卡池的英雄画，能不能按照国服来，这卡池太丑了！！！！（｡ò ∀ ó｡）
其他就没有了，简而言之做的挺好的，嘤嘤嘤哈哈哈，疫情在家，除了给武汉加油助威，只能玩一下手游云顶之奕了。希望国服赶紧出来吧，我不想用河灵，我想用我三星小英雄！！！！",2020-02-12 21:53,42,24,白,期待,,18061204
金铲铲之战,5,我觉得有的玩就不错了，没必要给这认真，总比没有强。没了你们说玩不了手游，有了你们又说烂，呵呵，众口难调，没人逼你玩，也没人不让你玩。我只是觉得上班后，时间和精力不允许再去天天守着电脑玩，现在有了手游，我很开心。希望越做越好。仅代表个人看法。,2021-08-25 19:29,233,135,Wait。,期待,,26494207
金铲铲之战,5,"我也算是云顶的老玩家了，基本上每个版本都玩，因此这次手游定档到了8.26号，想了想就写个评论表示一下自己的感想。 首先手游的内测我也参加过，刚开始看到游戏从s1版本开始做我也是有些不理解，觉得跟着版本做比较好，不过后来慢慢也就接受了，而且说实话，云顶的游戏性质就决定了手游并不需要怎么氪金，因此倒也不存在终于出国服了，可以尝试很多新阵容。 对于端游现在的这个版本，我还😁没有过多的尝试过，毕竟上班了也没那么多时间坐在电脑前面打上几把。既然公测有了版本同步的消息，那么端游的攻略也能应用到手游上了，方便了不少，在等待8.26公测前，我就好好的学习一下阵容。
建议 
1.开服前期做好用户保留和新手引导。 
2.对于网络波动，例如用户断线重连做好调优。美服延迟高，体验变差了。 
3.希望动画过度，UI更快捷，开放高帧率 。 祝好😚😚😚",2021-08-17 09:40,0,3,萌主,期待,,26251123
金铲铲之战,5,"前段时间硬是被室友拉进云顶之奕的坑，基本每天行走一局
虽然努力到现在还是只用约德尔人拿过第二名
偶尔也会提前刷到纳尔和小法，内心就抑制不住地狂喜
虽然没什么大用，和朋友一起放水互补也挺有趣的
当时就想如果能在手机端互通一起玩就方便了
然后就真的要有了！
只能说 拳头懂人心！
",2019-10-17 09:21,125,119,爆丸,期待,,16425519
金铲铲之战,4,"掌盟上拿到了资格，刚才打了一把。
先说优点
1，很还原s1羁绊效果，因为只玩了一把，羁绊也没看全，而且s1的事记不太清了，具体属性应该没啥变动，就是海克斯变成减攻速的了，不是禁装备，相当于直接套的s1末期羁绊，潘森什么的也有，从羁绊和英雄技能上可以算得上“原汁原味”。PS：s1猴子我咋不记得有呢。
2，装备，装备上的改动比较大，所有合成的装备都是新装备，比如狂徒就是新狂徒直接加1000血，没有回血，老装备则是我在对局中看见我有棋子被沉默刀锁蓝了，听大厅的人说的是4/1会出现战利品，拾取就会有概率拿到老装备，我拿到的是一个消耗品，效果是直接刷一页二星卡。。当时看到这个我都惊了，还以为理解错了，但是因为为了吃利息一直没用，快结束了用了一下，才知道真是一页二星，总的来说，装备这方面用新装备我也是可以理解的，老装备的效果毕竟太bug了，降星刀啥的，自己用很爽，敌人用就难受的一批，用平衡性比较好的新装备也可以接受。
缺点等会再说，困了先睡觉了。

睡醒了，讲讲缺点。
1.首先是英雄名称以及原画、模型都不是LOL原版英雄的，起的名字挺离谱的，基本上需要靠模型来猜是哪个英雄，哪个羁绊，为什么能猜出来，因为他的模型大部分元素一看就能看出来抄的哪个英雄，对于s1玩过的玩家来说，还可以通过这种猜的方式来猜羁绊猜技能，对于没玩过s1只想体验一下的玩家来说就还是需要像玩新版本一样一个一个去读了，而离谱之处在于，很多英雄还没改名字，比如露露就叫仙灵女巫，既然你又说拿到了正版授权，又说你是官方制作，在棋子方面还遮遮掩掩，给人的感觉就是又当又立。同时羁绊名称也进行了部分更改，恶魔改成了仙灵，贵族改成了神将，但是海克斯，狂野，骑士等这些还没改，就挺让人迷惑的。关键是，你要是全改，那就改了，那就是抄机制，换外皮，跪着把钱挣了。你要不就不改，名字也原汁原味，站着做游戏。你就是想站着把钱挣了，那就挺恶心人的。
2.既然是游戏，那肯定是为了挣钱，你卖小小英雄，卖棋盘，卖攻击特效，卖表情，搞战票我都可以接受，问题是你全是点券卖，这游戏的游戏币叫蓝宝石，昨天我翻遍商城，发现就34个能用游戏币购买的，这点是可以改进的，希望以后能出更多游戏币购买内容。
3.打了一盘手机发热就比较严重。
昨晚太困优点也没说全，再简单讲讲其他我觉得比较好的点。
1.有大厅可以聊天。
2.打完一盘之后的数据分析很细节，可以详细的看自己的整盘操作。
3.画质、帧数很高，运行很流畅。
最后聊聊游戏之外的。
1.为啥写这个评论？
其实也很简单，我是在掌盟拿到的资格，掌盟却没有一个评价游戏的地方，那就在人比较多的b站和tap发一遍评论。
2.我为什么要玩这个游戏？
我并不是为了能在移动端下棋更方便而来的，全是为了重温s1才来的，想要玩自己号我直接上pc端了。
3.我对这个游戏的看法？
说实话，不太看好但是内心知道它肯定不会凉，甚至可能火起来，上面在游戏内容方面已经讲了它这种又当又立的行为，但是如果把它单独看做一款游戏，它的游戏性是很强的，毕竟是完全抄的云顶核心玩法，而在国服这种环境之下，它肯定会有一席之地。
4.聊聊b站游戏中心评论区。
我觉得b站游戏中心评论区很不成熟，虽然玩游戏是一个全凭个人喜好的事情，但是游戏行业还是有一个比较客观的评价体系的，全凭感性就去评价一个事物对其并不公平，评价的信服力也不足，谁会去信一个上头了的人说的话呢。对一个事物去客观的分析，即是对他的尊重，也是对自己的尊重。
5.这个游戏我会一直玩下去吗？
不太确定，前面也讲了玩这个是为了重温s1，可能玩了几天就会腻了，也有可能能玩好久才腻，所以不太确定。
6.我对这游戏的推荐程度？
这游戏可以玩，也很有趣，毕竟是大火的云顶的核心机制，对于玩过云顶的玩家，如果抛开其它偏见，仅仅是想体验游戏乐趣，那肯定能找回熟悉的味道。对于没玩过云顶的玩家，可以先去尝试一下云顶，如果没有那个时间去玩pc端，那可以尝试外服云顶，如果还是没有时间去弄外服，那直接玩这个也是可以的。
最后，我这个评论下面有理智的想交流的，那可以好好交流，骂游戏也可以，只要你有道理。要是无脑乱喷的，我也不介意和你对线，谁还不是个LOL玩家了。",2021-07-16 11:10,2,5,thousand,期待,212.5,25492732
金铲铲之战,4,"我也算是云顶的老玩家了，基本上每个版本都玩，因此这次手游定档到了8.26号，想了想就写个评论表示一下自己的感想。
首先手游的内测我也参加过，刚开始看到游戏从s1版本开始做我也是有些不理解，觉得跟着版本做比较好，不过后来慢慢也就接受了，而且说实话，云顶的游戏性质就决定了手游并不需要怎么氪金，因此倒也不存在需要重新花钱买资源的情况，并且s1的版本其实玩起来还是相当不错的，s1羁绊加上s4的装备，玩起来意外的有意思，可以尝试很多新阵容。
对于端游现在的这个版本，我还没有过多的尝试过，毕竟上班了也没那么多时间坐在电脑前面打上几把。既然公测有了版本同步的消息，那么端游的攻略也能应用到手游上了，方便了不少，在等待8.26公测前，我就好好的学习一下阵容叭",2021-08-16 16:37,93,49,그리고,期待,,26216751
金铲铲之战,5,"终于可以做到真正的“躺着下棋”了。
（其实云顶之弈这个模式从上线来就一直受到广大玩家的好评）
和召唤师峡谷不同，云顶之弈不太需要操作，主要是需要脑子去思考，还有一些套路，更需要的就是运气了。
可以说云顶之弈的娱乐性十足，虽然不是自走棋类游戏的首创者，但是里面的许多创新点让自走棋的玩法变得更多样化了，而不是总拘泥于固定的套路，对大局的运营或是随机应变的能力都是对玩家的考验，这种设定下成功吃鸡的成就感别提多爽了哈哈哈
希望云顶之奕手游能完美还原端游版吧，不管是画质上还是技能效果上，要是能高还原的话，玩家数量一定不是问题，毕竟数据互通，随时随地就能开一把也是pc玩家一直渴望的啊~
期待值满分！！希望能尽快公测吧！！！",2019-10-16 18:50,134,69,该用户已注销,期待,,16410047
金铲铲之战,5,"有段时间沉浸在云顶玩法里不可自拔，说实话对于联盟玩法来说，一款与本游戏有关的自走棋玩法着实让我们省去了很多时间去学习新的游戏。

对云顶手游的期待，双端互通是真的重要。很多时候一局没有完，临时有事要走。如果双端互通，在某些时候这并不妨碍我们在车上继续用手机对战。

在英雄联盟对于端游市场的影响，云顶的游戏人物及画风都是每个联盟玩法所熟悉且喜欢的。

希望可以尽快发行。",2019-10-21 13:28,74,39,寻歌。,期待,101.4,16483811
金铲铲之战,5,"相比于LOL手游，云顶之弈进入手机端应该才是一件皆大欢喜的好事吧。
毕竟在端游时，云顶就引起了很大一股分流很多弃坑玩家都因此通通复活。从当初的
好友A
匹配模式（常规）4/5 
好友B
排位模式（单双排）2/5 
好友C
排位模式（灵活排位）3/5 
到现在：
弃坑好友A
云顶之弈（1/8）
几个月上线一次的好友B
云顶之弈（2/8）
五黑好基友
云顶之弈（5/8）
——
总而言之，自走棋这类游戏虽然也在手机端火过一阵子，但镇场的貌似也就那一两个，现在有拳头这个音乐公司做的新血液加入实着是一件喜事。不过也因为刚出没多久，游戏平衡性是不太好的，而且bug也不少，希望出手游的时候能至少解决一些问题再出吧。
——
但是！最重要的一点还是，希望能跟端游数据互通，让我也能在手机上打打排位~还能看到什么好友上线了，我好滚去玩电脑~（掌盟那个好友查看是真的拉稀）",2019-10-17 10:36,158,59,喵桑想吃大餐,期待,,16427115
金铲铲之战,5,8.26就要正式上线了，虽然还没给具体的时间点。希望正式上线的游戏内容能做的好一些。 哈，多多自走棋有点危险了，虽然云顶之奕正式上线的时间还没有确定下来，但是很明显等到正式上线的时候，自走棋手游的市场又是一番鸡飞狗跳。不过这两个游戏都有腾讯参与，那其实也可能是腾讯和V社的大战，哈哈，这三个游戏纠结复杂的关系比游戏本身有趣多了。 不管怎么样，还是很高兴云顶之弈可以单独出手游，而不是和LOL手游“捆绑销售”终于不用每天打开电脑了🤣我真的太期待啦！印象最深的还是有福星的赛季，每天起床第一件事就是打开电脑下棋玩福星😂和朋友开黑下棋的时候我们两个玩福星一个第七一个第八走的，希望金铲铲能够带来更多的快乐🥰,2021-08-16 16:16,0,2,(╯з╰),期待,14.2,26215982
金铲铲之战,5,"以下是来自一位老玩家的期待：
其实，跟lol的手游相比，我更期待它的自走棋，毕竟云顶之弈的操作和机制，还是比较容易在手游上得到完美还原的，尤其是对于我这种“上了年纪”的老玩家来说，已经不太想去打什么操作了，只想躺着动动脑子，看着在我青春里流淌的VN、劫、亚索…看着他们在棋盘上跟我的脑子并肩作战，这样，即使我的操作跟不上了，但是我的决策还是能够让他们胜出，就跟我青春里的倒影一样（写着写着有点泪目了怎么办，“老年人”太容易动情了）..
还有就是，马上就要冬天了，实在是不想离开我的被窝，出了手游之后，就可以不用再披着被子蹲在椅子上打游戏了，岂不爽哉？！",2019-11-08 18:00,121,61,白月光,期待,,16755311
金铲铲之战,4,"如果这游戏上了真有你们吹的这么好玩 好 那玩
游戏说白了就是玩个好玩，你要是真的能让人玩下去，那所有误会全部解除，但如果只是sm套娃骗情怀 搞那些手游快速骗氪的套路 那就算了 
说两个我的要求把
1.自走棋容易不平衡有目共睹 要把手游做出S4.5的平衡性来
2.画质过关 既然是拳头授权 那麻烦做的比市面上所有自走棋画面都好",2021-07-14 18:34,132,101,陈小希.,期待,,25458043
金铲铲之战,5,我来预言一波，等正式服出了，登录活动跳脸，关了也有红点，毕竟做活动多好啊，能让玩家肝，留住热度。和端游互通？不存在的，要不然怎么赚钱？正式服太卡了？没事，削一点特效就好了。虽然小小英雄和棋盘赚不到钱，但是没有关系，我们可以卖皮肤，出个龙虾5000不过分吧？什么，游戏要凉了？不慌，氪金可以升级人口，加强英雄，帮助非酋打倒欧皇，是不是特别人性化？关服是不可能关服的，2个月：我们非常遗憾地宣布，我们要停服了，为了补偿玩家，将送出王者荣耀5英雄碎片大礼包，希望你们不要不识抬举！我要是真的预言到了记得回来刀我🙄🙄🙄,2021-07-15 23:02,2,3,啊起名字好难,期待,,25487058
金铲铲之战,4,"这游戏让我想起自己的一个故事
我的青梅竹马是个蛮横无理的女生，成绩不太好，天天吵着我给她作业抄，上学放学必须等她。
到高一，她交了个男朋友，就没再烦我了。
高三上学期，她妈妈一直喊我照顾点她，我就劝她分了，先高考，以后再耍男朋友。
本来我以为她会当我放屁。但她真的一点不拖泥带水，秒分。
高三下学期，我们俩个，基本空暇时间都在一起学习。
她常常问我，想去哪里，说她也想去。我就笑她做梦。
高考成绩出来，我去了理想的学校。她选择复读。
大一期间，我们两个联系渐渐淡化。
我也没多在意，毕竟我有女朋友了。
大二，接新生的时候，她就那么直直的出现在我眼前，戏谑地笑着说，看我是不是来了。
我有些欣慰，这傻丫头终于变的没那么傻了。
我领她去了宿舍。在楼下，我遇到了我女朋友，便给她介绍。
青梅只是有气无力地一个劲夸我女友。
我觉得她是在嫉妒我大学交了这么个女友，便安慰她说，大学帅哥多，你也会有一段新的爱恋的。
她看了看我，没在说什么。
我觉得有些尴尬，便帮她搬了东西上去，就走了。
因为是同乡，她大一国庆节和我一起回的家。
车上她问我，怎么和我女友认识的，我大概讲了讲。
听完，她好像睡着了，头侧在我的肩膀，我也渐渐睡意上来了，便躺在椅子上准备睡觉，半睡半醒中感觉嘴唇被什么吸着。
吓得我睁眼，却是青梅哭着在吻我。
我连忙把她推开小段距离，问她这是在干嘛！
她却低着头一言不发。尴尬持续着，直到车到了休息站，我准备下车呼吸空气冷静下，她却一把拉住我的手。
她不再沉默抬起充满泪痕的脸面对着我，用全车人都听得见的声音喊着：金铲铲这名字太傻了
",2021-08-20 23:37,764,179,fd28,期待,,26390885
金铲铲之战,5,"最期待的五大游戏之一（其他的几款游戏，你们还会见到我）。
最喜欢的自走棋，没有之一。你问我为什么？因为其他自走棋里的角色我不认识啊！！！（嘿嘿嘿）
我相信云顶之弈一定可以推翻其他自走棋。（一鸣惊人啊！）双端互通了不起啊？，对不起，有了双端互通就是可以为所欲为。
我可以站着，躺着，坐着，睡着，或者躲在被窝里，用着端游的家伙。你也可以站着，躺着，坐着，睡着，或者躲在被窝里，用着端游的家伙。我又站着，躺着，坐着，睡着，或者躲在被窝里，又用着端游的家伙.....
总之就一句话，你们有的姿势我有，你们没有的姿势我也有，先玩为敬，拳头特许，够不够清楚？",2019-10-19 14:47,149,54,㐵芒,期待,,16464010
金铲铲之战,5,"相比于LOL手游，我更期待云顶之弈手游化，而且数据互通这点真的太赞了！
自走棋这一模式非常适合我这种上了年纪的老年人。毕竟手残，moba真的反应不过来啊。虽然现在市场上有很多自走棋，但是我还是比较喜欢玩云顶之弈，一方面可能是情怀加成，毕竟玩了那么多年的LOL。另一方面就是我比较喜欢云顶之弈的选秀模式，一定程度上给开局不利的玩家拥有反打的机会。就是不知手机上选秀模式会不会太小很难点哈哈哈。5星期待ingヾ(o◕∀◕)ﾉヾ",2019-11-11 16:06,78,26,浅滩鳄鱼,期待,,16786942
金铲铲之战,5,我是觉得当新游戏玩是最好的结果，最多就是腾讯利用云顶宣传，但我也觉得没什么大的问题，都是腾讯的。真正要评论的应该是等游戏出来之后，评论它的建模、平衡、机制以及氪金。所以我觉得现在刷的无论是好评也好，差评也好都没什么参考价值。,2021-08-24 11:20,103,11,灵宝,期待,,26460160
金铲铲之战,1,有幸获得了这次的测试资格，怀念了许久的S1他终于又回来了。 总体来说这次测试给我的游戏体验很差。 1.几个新道具的加入，让四费五费棋子追到三星变的非常简单，但是从某一方面来讲，过于简单的三星获取率可能会让游戏成就感降低，缩短玩家寿命（个人看法）。 2.转场动画的加入让人眼前一黑，但是稍微有一点拖沓。可以适当延长几秒前几个回合的时间。 3.微社区阵容预设以及对局内棋子高亮让老马更容易上手了，也对调整站位有所帮助。 4.为什么装备不能回到S1版本呢？ 我认为目前不数据互通是很好的，甚至可以在每次大版本更新时保留旧版本作为一个独立的模式供玩家自行选择游玩，考虑包体大小可以让玩家自行选择下载。 至于那些因为端游或者外服充了钱而感到心理不平衡跟着水军乱喷的玩家，真的很爽，这就是一个独立的游戏，你大可以狠狠的喷他，端游和TFT并不会因为这个游戏的上线而关服，但是他们会白白花掉请水军的钱，理智对待，别跟水军的风,2021-08-01 12:32,23,14,北岛屿梦,期待,,25790092
金铲铲之战,5,"体验了一下澳服，虽然还需要打磨但真的做的很好，端游还原度极高。
但是u1s1，原画是真的丑，切换对手棋盘的接触范围小了点，一开始点血条没法切换我还以为没有这个功能，以及我手机玩得发热有点明显，耗电是真的耗电。
期待进一步优化和国服上线，数据互通，加油",2020-02-19 14:43,12,12,汽水公司,期待,153.0,18158397
金铲铲之战,4,"这月国服总算是要来了，有一说一，国服质量还是不错的，里面的技能特效确实是做的不错，流畅度也很高。
评论区我看了看，发现大部分差评都是觉得国服没有和端游同步觉得有些不爽，其实我倒是感觉这点无所谓，毕竟s1算是一个比较经典的版本了，能有s1的内容，我是真的觉得挺棒的，又能玩到熟悉的狂野纳尔，帝国德莱文阵容了。
而且我看后续会直接更新s5.5版本，因此那些抱怨不和端游同步的，真的没必要抱怨了",2021-08-16 16:58,91,14,挽挽,期待,0.2,26217255
金铲铲之战,5,本来我是不打算写评论的 但是看到评论区很多人都在说什么希望手游做成什么什么样  什么做成怎样不赚钱  我在这里说一下  拳头官方明确表达了手游和端游是互通的 就像炉石一样  别在说什么希望做的和端游一样了  也别在说什么和端游一样不赚钱了,2019-11-16 23:14,30,10,手机用户21997149,期待,,16850076
金铲铲之战,5,"等来了定档消息，果然后续内容要和现在端游相同。两个赛季并行？？？可以选择也算是好事吧。
————————————————————————————
作为之前的内测玩家，要评价的首先是羁绊装备这些，对于我这种早期就弃坑了的玩家来说是友好的。因为都是熟悉的那一套，相对来说搭配也比较简单。但是更改过的英雄称号无论对长期玩下来的老玩家还是新玩家都需要多花些时间去适应，纳尔那个简直太拗口了。。
美术风格这块跟原版的立绘确实不太统一，对于端游的老玩家来说可能会连英雄都认不出来，新玩家看来也会觉得游戏的美术风格不一致。
其实总的玩下来呢就是感觉到有好有坏，优缺点非常的明显。测试中的极速模式跟老版本的羁绊装备设定，这就非常满足个人想在碎片时间下棋的需求。至少不用看很久的攻略才能玩。不好的地方其实都是大同小异，就是对于名字，对于美术这些的不满意，给人一种四不像很奇怪的感觉。说非常差劲其实也谈不上，但是这么多人喷的原因无非就是给人的感觉太怪了，没有还原的感觉。
对于这个游戏还是有期待的，但是现在更多的还是观望状态。
如果游戏未来没有改好，我就白嫖到关服：）",2021-07-20 14:03,47,31,你不开心我就开心了,期待,207.6,25563169
金铲铲之战,4,"给整了半天才玩明白：1.时空裂痕是魔改版，想玩端游的云顶要选英雄的黎明，记得选择模式！2.画质直接极致+高帧率，谁换谁知道————————————————————————————————缺点：1.魔改后的时空裂痕人名都对不上，玩了一次之后就不会再碰了，装饰般的模式，狗都不玩2.手机屏幕抢英雄体验真的差，经常拉错隔壁的装备优点：1.躺着下棋yyds2.国服玩的人多（一上线看到一些平时少联系的同学居然也下棋，大型社交软件无疑）3.升级还算快，开了双倍经验，打了一下午现在23了整体体验：体验下来跟端游区别不大（除了绿色的饮xue剑dddd），作为社畜偶尔摸鱼玩一下，又可以中途回一下客户信息，工作摸鱼两不误，成年人的快乐如此卑微，害",2021-08-26 19:43,909,800,复读姬,期待,,26524408
金铲铲之战,3,我听说手游和端游数据可能不互通了 我心就凉了半截 先给个三分吧 因为咱们国服的代理商是腾讯  这个数据是否互通肯定是要看的腾讯的意思了  那我估计我之前端游充的东西是不可能拿到手游去了  为了氪出紫色企鹅 我的钱包已经没得了 但是还是抱着一丝数据互通的希望吧（大概率被🐴服用niao呲醒）,2020-02-28 00:42,17,14,李木一,期待,,18294549
金铲铲之战,4,"我是云顶刚出来的时候就开始玩的，钱氪金不少，买了不少棋盘皮肤，但是技术一直挺菜的，最后就一直在黄金待着，因此你要是让我谈游戏理解，金钱运营，吃鸡阵容啥的，我估计也谈不上来什么，但是你要是让我说手游好不好玩，我只能说真的很香。
在我看来云顶相比于别的自走棋游戏，最大的优点还是在于自选装备这方面，自选装备可以极大程度的减少装备的随机性，减少了阵容成型的难度，并且给劣势方翻盘的机会。这也是我喜欢云顶的原因。你说国服手游相比于端游改了吗？确实是改了而且改了不少，但是这个改动主要是针对名字之类的无关紧要的东西，并没有改核心玩法，对我来说，只要游戏的核心玩法不变，阵容和装备还是熟悉的，我就会愿意玩下去。",2021-08-09 22:40,55,16,楠树,期待,,25993457
金铲铲之战,4,好玩的游戏，不用氪金也不肝的游戏，日常无聊，休闲打两把，加新赛季还会重新送小小英雄，对皮肤的新鲜性也不会过去,2026-07-28 18:04,0,0,应该,玩过,148.4,49798866
金铲铲之战,5,金铲铲NB呗双人排位他队友剩一滴血打死不扣这血八魔道团怪吊不紧自己能锁血还能给队友锁[表情_捂脸哭],2026-07-14 03:34,0,1,€彼岸,玩过,,49603452
金铲铲之战,4,"玩多了没有什么意思，不过无聊可以玩一玩
个人觉得对零氪党非常有好，运气好可以白嫖棋盘和小小英雄",2026-07-28 18:22,1,0,小白,玩过,320.9,49799082
金铲铲之战,4,可以可以 一把半小时整好一节课 几赛季没玩上班了跟同事玩一下发现以前入坑的版本回归了 这几星给回归版本的,2026-07-19 18:25,0,3,苏九儿,玩过,,49680866
金铲铲之战,1,"⚖️平衡性：
新版恭喜发财五费的任务设计师是想到什么做什么吗？强度平衡实在让人暖心，有的五费仅仅参与击杀即可完成，有的五费却需要佩戴两件指定装备合成成装后数回合才能完成，给予的加成甚至只能维持一回合，打回去重做吧",2026-07-09 16:01,2,0,墨瞳,玩过,789.0,49541131
金铲铲之战,4,"
游戏是很好玩的，赛季越做越烂，就是总感觉之前的赛季更好玩，赶紧给我返场符文之地呀[表情_吃瓜]",2026-07-12 01:21,1,1,.,玩过,788.3,49577353
金铲铲之战,5,能不能把拉黑键放远点，我已经无数次把我好友拉黑了，真的很尴尬，求求了，放远点,2026-06-28 00:02,0,0,沐卿,玩过,,49277005
金铲铲之战,2,"这个游戏我从s8开始玩的。玩到现在，从来都是血压往上升。推荐，呃，血量好了可以推荐
",2026-06-09 16:16,0,0,珀金,玩过,,48983985
金铲铲之战,4,"期待多返场老赛季

🤹🏻阵容多样性：
无可挑剔，人人都可研究黑科技

🎮可玩性：
新人上手简单，入门教程视频都有

✍🏻建议：
多返场老赛季，可以增加玩法多样性",2026-07-01 23:33,2,1,不忘初心,玩过,2062.0,49432644
金铲铲之战,4,还是不错的 一段时间不玩再回来回味一下新奇感还是很够的 就是每赛季的旗子优化都不太行 容易冲动退坑 比较捞,2026-07-04 16:28,1,0,Harry,玩过,93.2,49474867
金铲铲之战,5,"地下就是我入坑的赛季，都是回忆之前跟高中同学玩当时看他追出三星五费那个轻松的样子，我也开始研究阵容，经济，运营。但是他现在不玩了开始面对生活了我也能自己追出三星五费了
",2026-06-21 13:37,0,0,h,玩过,45.1,49098565
金铲铲之战,4,"尚可。
后期完全是硬D安人，花了那么多钱就是不来牌！
建议游戏多些创新性的改变，或者让几乎每个棋子都能成为主角，几乎都是靠阵容和高费棋子。而且赛季快结束了太多刻板阵容了，玩得好叫吃鸡，玩得不好叫恰烂分，一直玩这套阵容恰分还要防着同行打。
游戏映像深刻的还是留传着地那一句话，叫“有钢玩钢，没钢硬钢”。（24年年底的赛季）",2026-06-21 03:27,5,6,侠客行&,玩过,,49095380
金铲铲之战,5,这游戏居然玩了700+小时 果然手游是杀时间的 不知不觉一盘就过去了 我是从2021年9月入坑的[表情_斜眼笑],2026-06-17 20:41,3,0,莫颜枫,玩过,734.5,49059218
金铲铲之战,3,有些赛季，他的乐趣太差了，玩的不是很舒服，还是希望官方多改改吧，（羊刀回调）,2026-06-17 12:19,0,0,古月木兆,玩过,170.6,49054920
金铲铲之战,5,每个赛季确实都有可玩性和其独特的玩法包括天选，福星还有每个赛季不同的连败机制，但是s17做的真的不太好，总体给一个顶级和夯之间，一铲一节课4铲回宿舍没毛病,2026-06-09 23:41,2,0,杨,玩过,359.5,48987739
金铲铲之战,3,"没活就别整

✍🏻建议：
把每个赛季做成轮盘活动  每天都会有两个之前的赛季 一直重复",2026-07-05 21:04,1,0,Ans,玩过,,49493236
金铲铲之战,2,好评如潮金铲铲，开局新春使者结果一整把下来没一个人三，拿到琴女的直接投了我两百快下来佛耶哥差四张,2026-06-11 15:00,3,0,wall,玩过,254.7,49000990
金铲铲之战,1,"
⚖️平衡性：0星
你看所有人拿皎月，龙王，你就知道没有均衡可言。


🪢策略深度：0星
毫无策略可言，幻灵让你绝望。

🎮可玩性：1星
到了大师，放眼望去，全是幻灵皎月，同质化严重，拿不到就输。

✍🏻建议：
多阵容百花齐放，才是游戏真谛。",2026-06-30 17:06,3,1,条野大龍,玩过,101.8,49396811
金铲铲之战,2,"给个锤子会怎么样？好几局差个锤子十福星
什么叫十级一百多金币d不出一张瑟提
",2026-06-16 21:18,7,0,轻拾风的碎影,玩过,161.6,49050045
金铲铲之战,4,其实每个赛季的金铲铲更新都还是能够让玩家感到新鲜的，这也可能是金铲铲能够达到现在热门战棋游戏原因之一吧。背靠英雄联盟IP，也是的这款游戏仍在正常的向上发展。但是对英雄联盟不了解的人，其实也能迅速上手，其实玩两把也就会了。同时也不会因为赛季的更新，使得版本变化让上手的难度加大。总体而言游戏性上还是相当可以的。值得没尝试过这类游戏游玩一下。但是有时候运气确实也是实力的一部分。,2026-06-26 13:06,2,6,灯盏细辛,玩过,,49181767
金铲铲之战,5,灵魂游戏，有趣还烧脑，2个月没玩下载回来觉得又跟强高级了，准备再冲超凡！,2026-06-26 21:02,0,2,有点东西,玩过,,49207595
金铲铲之战,5,2-1五魔盗，二杠七一个锅一个敲出魔盗转，四杠二魔盗冕，八层十个转三个冠冕偷走商店直接四星螃蟹,2026-06-23 19:38,3,1,什么玩意儿,玩过,442.2,49121044
金铲铲之战,2,"怎么说呢，我是S6被舍友带着玩的，我们寝室8个人都在玩铲，就导致这玩意特别明显，运气游戏。
我是一个纯娱乐，狗运有，理解有，只不过喜欢研究哪些每个版本的区去蠕动，所以玩的挺开心的，毕竟本来玩的就弱势，能赢赢，不能就算了。
我的一个超级牛逼的舍友，他是那种玩什么游戏都要玩到最高的那种，王者百星，apex大师，瓦赋能。我的游戏理解，装备搭配全是他教的，他段位除了刚玩的那个赛季永远在王者，运营型选手，思路特别清晰，但他骂游戏骂的最狠，因为对面只要狗运到了，真能视整场运营于无物。
还有一个每个赛季都能上王者的区，也是我的舍友，全寝室唯一一个被我说这辈子不跟他一起玩的，我说他是区是有原因的，很难想象一个游戏理解近乎于0，装备乱放的人能上王者，但他就是上去了，至于原因，他是欧皇，你能想象3-4，7级三星五费吗，他能做到。我有看过他的对局，7级，3-4到4-4，他能做到牌库里出来相同的3张五费，能做到5张五费，10局里面有6局，是这个状态，运气好像永远现在他这边。这个玩意玩的很开心，全寝室唯一一个玩这个游戏不红温的。
如果没有我亲爱的欧皇舍友的话，这个游戏其实我会给一个4星和推荐，挺好玩的，但是，纯运气游戏，运赢都能上王者，我想不到推荐的理由。",2026-05-10 07:35,8,10,雪叶不是雪,玩过,,48638303
金铲铲之战,1,"我说啥时候把三星五费加强啊。。
我说啥时候把三星五费加强啊。。
我说啥时候把三星五费加强啊。。
我说啥时候把三星五费加强啊。。
我说啥时候把三星五费加强啊。。
我说啥时候把三星五费加强啊。。
我说啥时候把三星五费加强啊。。
我说啥时候把三星五费加强啊。。",2026-05-24 00:34,1,0,茯苓茯苓茯苓茯苓,玩过,,48804742
金铲铲之战,3,新赛季这个星神感觉大不如以前的老赛季呃，下个赛季建议删除这个玩法或者改善这个玩法，金灿灿，还是挺好玩的，推荐玩。,2026-06-04 23:38,2,0,孤宸,玩过,,48930977
金铲铲之战,5,我就是来打听个事[表情_微笑][表情_微笑][表情_微笑]金铲铲什么时候出pc端啊？？？？我知道pc有云顶了，但是明显金铲铲更能赚钱啊，我不想再电脑上下载模拟器玩了，人家同类型的游戏都是三端互通的了。,2026-05-17 14:42,2,0,开心超人,玩过,,48700183
金铲铲之战,4,符石精粹商店里面你们都是怎么换的自己想要的旗盘或者小小英雄的啊，一直刷不到自己想要的，你们也有这方面的问题嘛？,2026-05-17 13:49,2,0,呀嘿呀嘿呀嘿嘿,玩过,193.7,48699624
金铲铲之战,3,挺丰富的这赛季，大羁绊多，观星效果多，新星效果多，神器多，幻灵装备多。后阶段还给钱。但是棋子选择性太少。不平衡 ,2026-05-12 12:26,2,0,mikasa,玩过,,48656038
金铲铲之战,5,玩了快460小时，这游戏的策略深度和休闲节奏平衡得特别好，摸鱼来一把20分钟刚好。画风和音效一直很在线，关键是氪金不影响对局，零氪也能玩得很舒服，和朋友双人开黑超快乐,2026-05-13 14:29,0,1,畫仙离,玩过,625.1,48664121
金铲铲之战,1,返场S13，我要玩伏击瞬爆流艾克，我要玩外交乌鸦，我要玩秘银女警，我要玩前排抱抱，我要玩三星威奥来，我要玩外交法师，我要玩飞机大头杰斯,2026-05-10 17:03,0,0,内蒙古林三虎,玩过,1103.5,48643279
金铲铲之战,1,你这个赛季是认真的？和s11 12一样纯大便来的[表情_捂脸哭][表情_捂脸哭][表情_捂脸哭],2026-05-28 21:31,1,0,꧁未眠꧂,玩过,,48863489
金铲铲之战,3,"平衡一坨，每个版本回来都要推翻之前的玩法，发牌员故意卡牌太恶心了，让玩家胡一下你们会死吗？
不过花时间研究一下又能玩了，非要说的话还是很好玩的，经常一下棋就一天过去了……",2026-06-05 21:17,0,0,泽云夜夜,玩过,,48942274
金铲铲之战,4,是一款不错的休闲游戏，而且玩的时候可能会红温，这款游戏比较吃运气，整体下来的体验还是蛮不错的。,2026-06-03 19:02,1,1,树一,玩过,157.8,48921002
金铲铲之战,5,不管你们怎么说，我还是觉得这个游戏很好玩，所以给五星好评[表情_大笑],2026-05-30 10:37,0,1,啊啊哈哈,玩过,,48879833
金铲铲之战,4,每个赛季有每个赛季的好玩处和不好玩处平衡水多加面面多了加水的平衡,2026-05-12 01:54,2,0,天道轮回,玩过,914.5,48654016
金铲铲之战,4,"   玩法：其实我本人挺喜欢自走棋一类的游戏的，但是手机端这种游戏太少了，只有金铲铲和那什么龙两个。玩法上还行，每个赛季都有更新新内容，有新鲜感。
   棋子：不知道是不是我太菜的缘故，我真心觉得这个平衡不行，总是被暴打，每一把都会碰到一大堆同行抢棋子😭😭，然后我又总是刷不到😭😭，有的时候我才一个五费，别人就直接三星了Orz，根本没法玩呀！！！
   就算我不在乎第一名，但是每一场都被秒杀体验特不好_(´ཀ`」 ∠)__ ",2026-05-30 23:28,1,0,22503978614,玩过,107.3,48888185
金铲铲之战,1,发牌员真是逆天了，elo不要太明显，每把都尽量玩前4是有的但是就是D不到想要的牌吃不了鸡，还有想玩10福的时候不是给锅不给锤就是给锤不给锅,2026-05-24 00:21,1,0,一熬,玩过,,48804502
金铲铲之战,5,"依旧腾讯游戏，上一个公平竞技非常讲究阴阳平衡双方公平，这个策略游戏非常注重策略。
开始玩的时候大家都说yun ying，我以为是运营，玩了这么久才知道，要运赢，毕竟策略游戏不赢有什么意思，所以每个人都可以公平的赢，绝对不存在什么网上的卡三星之类的谣言，金铲铲和王者一样是注重公平的游戏。
玩家努力的与汗水是会有回报的，更不存在什么“该你赢会让你赢，不该你赢必不让你赢”。金铲铲真是太好玩了，强力推荐
",2026-05-12 23:06,0,0,stand1027,玩过,,48660373
金铲铲之战,5,运营运营，打铲是过来学怎么运营的啊，根据自己的具体来牌来装备来确定阵容。如果接受不了自己的开局，可以看别人打铲，看看别人天崩开局是怎么玩的，是怎么运营的。通常情况下解法不是没有，只不过需要一点的水平和心态。所以心态最重要，打铲嘛，就该笑着玩。当然啦，本人不碰大师1往上的局，所以可以笑着玩。,2026-05-08 11:26,0,0,诺诺哈哈,玩过,962.0,48623146
金铲铲之战,5,"嗯，在上课期间如果没有什么游戏可以玩的，我真的很推荐这一款，打完一把基本也下课了。而且还有非常多的阵容可以玩解锁，每一个阵容都会有不一样的惊喜，不一样的体验


🤹🏻",2026-05-05 12:48,2,0,滥圣,玩过,,48599634
金铲铲之战,2,改爆率了？我从5-1d最后一张三星五费d到7-1，对家都出四个三星四费了我还没d出来，没人卡我牌。,2026-04-26 14:20,0,0,老衲戒杀,玩过,,48496741
金铲铲之战,1,打发时间凑合，不过确实一点策略没有你卡我我卡你。总而言之就是运气游戏,2026-04-12 00:05,0,0,稷山河,玩过,478.9,48334158
金铲铲之战,1,新赛季就是史，好不容易大成九五，出来一看别人八级三星四费了[表情_期待],2026-05-08 09:41,1,0,南知意,玩过,,48622498
金铲铲之战,1,127块钱滴不到一张索拉卡，福星恭喜发财模式新春守护者，我十级的情况下,2026-04-17 00:34,1,0,阿帕奇哦,玩过,,48377336
金铲铲之战,1,可能是我脸黑，但是我没见过不管换哪一个配队连个过渡的角色都刷不到的,2026-04-15 23:33,0,0,小米,玩过,70.5,48368496
金铲铲之战,1,"连吃几把就开始了
玩的新星95 薇古丝外面两张 一共花了100块钱没d到二星
再然后就是一整把没拿到一把攻速 nb",2026-04-28 04:51,3,0,羡慕,玩过,,48515199
金铲铲之战,3,玩了两年依旧不会站位，不会海克斯选择，不会分析装备[心动小镇_难过][心动小镇_难过][心动小镇_难过]纯瘾大,2026-05-01 02:01,0,0,11-11,玩过,641.4,48549912
金铲铲之战,3,总体好玩，不仅考研运营，更考验狗运，但是我请问呢，十级存在的意义是什么，有那几十块钱，你拉等级，别人九级九五猛揍你，你还抢不到牌，我请问呢，一平衡不好数值，或者策划没有活之后就开始返场恭喜发财，以前朋友一起玩感觉很开心，现在恨不得一整年都是恭喜发财，没活硬整。,2026-04-11 10:55,0,0,被窝外面好危险,玩过,572.3,48325758
金铲铲之战,5,《金铲铲之战》绝对是移动端自走棋的天花板！正版授权品质拉满，画面精致、操作顺滑，手机上布阵超顺手。每局20分钟左右，通勤、午休随手开一把，碎片时间完美利用 。玩法超有深度，羁绊搭配、海克斯选择、经济运营，每一步都有新惊喜，阵容超多，还能极限翻盘，爽感拉满 ！赛季更新勤快，新机制新内容不断，玩多久都不腻 。零氪也能玩得开心，公平性强，全靠策略上分。好友开黑、双人模式超欢乐，社交体验拉满。真心推荐，策略党和休闲玩家都能冲！,2026-05-01 16:06,4,7,说假话,玩过,208.1,48556307
金铲铲之战,3,前前后后学了好几个星期，终于我开智了🤣，最近开始玩明白的，一发不可收拾，天天就是铲,2026-05-06 20:47,1,0,嘟嘟嘟嘟,玩过,106.2,48611262
金铲铲之战,4,"说实话铲子还是好玩的，但是还是有很多弊端。
1.钻石以下的段位其实可以不用设置了，钻石一下其实全是人机，就只有偶尔几个真人，没啥好玩的。
2.好看的小小英雄太贵了，0氪玩家也就只能玩玩河灵啥的了，福利也抠抠搜搜的，没什么好资源。
3.匹配机制也跟王者差不多逆天，钻石以上往往能给你匹到高一个大段位的，像钻石匹个大师什么的，就很逆天。
总的来说就这几点，还是很好玩的，比较推荐入坑，可玩性还是很高，可以玩到很多羁绊的，就是以上几点不好，不知道有没有遗漏",2026-01-03 15:41,6,7,老八,玩过,16.6,47362717
金铲铲之战,5,"大解锁赛季是我玩过最舒服的赛季，每个人都觉得自己能吃是最变态的😋

这赛季就是依托勾史",2026-03-15 15:35,0,0,登峰造极,玩过,,48081924
金铲铲之战,4,"2026.7.10更新
金铲铲氪金真的是无底洞(＞﹏＜)一旦开始充了就会越充越多，再也不充钱了555（）
——————————
好玩爱玩，就是小小英雄每次都保底，再也不充钱了555",2025-12-04 18:06,0,0,奇,玩过,131.8,47113569
金铲铲之战,1,新赛季完全不用运营动脑，输赢在开游戏那一刻就注定了，elo到了不用多d就来三星4费三星五费了，不然d100次也拿不到，老子一把想10木灵，结果5级到8级一张2费小木灵都没见过，其他几家2星3星小木灵都有太有趣了[表情_开心][表情_开心][表情_开心][表情_开心],2026-03-17 22:34,3,0,reol,玩过,370.2,48100111
金铲铲之战,5,铲子是一个非常是个排解无聊情绪的游戏，偶尔回来玩一玩确实很不错,2026-02-11 13:06,0,2,九重,玩过,11.4,47793914
金铲铲之战,3,铲铲吧，这游戏每赛季阵容确实很多但有强度的也就那几个，每把要么跟同行抢，要么玩运营阵容，但娱乐阵容有的也很好，可玩性也还好，不是怎么吃手机配置，但总是感觉差那么点感觉,2026-01-25 22:25,2,0,？！。：,玩过,155.5,47602534
金铲铲之战,4,挺好玩的，就是有点费时间。好像大一玩了一暑假结果没上超凡大师破防之后就很少玩了,2026-03-21 15:36,0,0,鹿行南,玩过,14.8,48129567
金铲铲之战,1,氪金和没氪金的玩家。氪金的玩家很容易拿到自己想要的牌，没氪金的玩家刷好多金币都拿不到。相比王者荣耀的机制一样了。,2025-11-22 12:58,3,0,十二生肖之一,玩过,,46983831
金铲铲之战,4,格温改成端游能不能各个皮肤都改一下？手游原来那个太丑了，一对比更丑了！,2025-11-09 15:29,0,0,Lost Atlantis,玩过,606.6,46879849
金铲铲之战,4,"我觉得一定程度上能够代替美国暴雪游戏的 RTS


🤹🏻阵容多样性：
足够多样

💡玩法创新度：
每个赛季都有创新",2026-01-20 13:01,3,0,空芯螺旋,玩过,376.7,47509114
金铲铲之战,2,金铲铲为什么折磨我 搞了一堆三星五费打不过三星六费   搞了三星六费 结果搞不过一堆三星五费  我就是不能赢是么😭😭😭,2026-01-24 18:58,1,0,爆辣螺狮粉,玩过,86.3,47585621
金铲铲之战,1,这s16以为是三星五费大乱斗结果确是怎么样也刷不出第九张的小丑产生器,2025-12-06 10:59,2,0,User126851159,玩过,,47126569
金铲铲之战,1,给两颗星是因为增加了三个5费之后，那个概率是不是改了？16%的概率？感觉用100块钱都递不出来一张要的5费。我承认自己我很非酋，但是再怎么非也不能非成这样吧,2025-11-09 17:11,2,0,南笙,玩过,,46880620
金铲铲之战,1,氪佬用着保底的天使进入游戏，其他七个佛爷河灵便都看着氪佬笑，有的叫到，“你这天使是60出的吧！”氪佬不回答，只是慢慢的递着牌，佛爷河灵又故意的说着，“你这一定是60块钱的！”氪佬忍不住睁大眼睛说，“你怎么凭空说我的天使是60块钱的，我的是……”“不是60块钱又是什么?用着60块钱的天使，你还能是氪佬不成。”氪佬便涨红了脸，连打字的手都气得发抖，“我的是保底的天使，保底的……保底的！”接着便是难懂的话，什么“400神话”，什么“3000天使”之类的，引得众佛爷河灵都哄笑起来，D牌的手都仿佛快活了起来。,2025-12-14 11:14,7,0,猫僧,玩过,,47184941
金铲铲之战,5,我觉得玩法不复杂，每个赛季羁绊有很多种，玩法多样，我觉得这个赛季强的阵容有一个弗雷尔卓德艾希蛮王双C,2025-12-15 08:42,2,1,夫君,玩过,1502.0,47191117
金铲铲之战,4,你就单从他氪金不能变强，这一点就值得入坑嗯非常好玩的一款自走棋游戏推荐入消磨时间非常有用,2026-01-02 16:15,0,0,海枯石烂,玩过,,47353671
金铲铲之战,5,"1V7封闭房间，性别不限，多人视奸，围观，意外，极尽烧脑，尔虞我诈，轮流对抗，猜忌与试探，选择与运气，沦陷与疯狂，金钱与人性，让兴奋麻痹你的每条神经
欢迎来到J市😈来铲",2026-01-02 23:54,2,0,逢场作戏,玩过,67.2,47357951
金铲铲之战,5,"🤹🏻阵容多样性：
这个赛季快过去吧，从来没有一个赛季能像水晶这样，前期连不连败都行，后期转型打奖励拉十，强度爆炸了",2025-11-10 03:33,0,0,晚来天欲雪,玩过,896.8,46884260
金铲铲之战,4,还算可以吧，平时休闲可以玩一玩，挺好玩的，但不建议多玩，多玩这的话就会腻,2026-01-28 00:28,0,0,魈天帝,玩过,,47624154
金铲铲之战,3,前期十几二十分钟拼狗运，后期二三十秒拼手速。除非好运能D出三星薇恩、女枪、芸阿娜等强力卡牌，否则后期都在九五，手慢一点就被抢没了。,2025-12-10 23:08,0,0,sttaar,玩过,,47159930
金铲铲之战,1,"想赤石的可以玩哈，尝尝九级100块，熬死三不了一张四费的可以玩哈，B登顶福袋不买可以试试连着四把鸡屁股的哈，都玩，都快去玩😁
",2025-12-23 10:34,0,0,柒柒,玩过,23.1,47250797
金铲铲之战,4,"🤹🏻阵容多样性：你玩吧，一玩一个不吱声

💡玩法创新度：一把铲铲一节课，玩吧玩吧不吱声
",2026-03-18 16:14,0,0,小酒趴,玩过,103.0,48105316
金铲铲之战,1,头一次见兄弟单位肩并肩一起挑大梁的，隔壁爱回收出事马上跟着应援帮隔壁压热度，结果玩的比隔壁还大不要氪佬要普通玩家，不哄富人走社会主义，这6星是我给你的称赞，收好,2025-12-13 10:32,2,0,画楼西畔,玩过,1375.2,47176224
金铲铲之战,5,"如果你觉得你的人生没有人管的话，可以狠狠地玩这款游戏
在这里你能体验到最精心的安排，最严密的算计，你能不能赢与你无关
就算开局挂机野怪掉血，但还是能连捡三铲凑大羁绊狠狠上分
也会连胜上十，棱彩门票，比不过刚上九级一回合三星五费
好玩[表情_加油][表情_加油][表情_加油][表情_加油][表情_加油]
",2026-03-17 12:41,0,0,吕柯雯,玩过,675.7,48096131
金铲铲之战,1,如果你觉得你生活过得太开心，你可以下一个这个游戏，7级三费最高的概率，你可以d40次他可以一张不来，外面没有同行,2026-02-25 22:29,6,0,独,玩过,,47936588
金铲铲之战,5,我是从因缘精灵过来的，这款游戏是真人pvp，个人感觉两方各有特色，但我有点社恐，技术也不行，我还是期待单机游戏出现的，不过它们也是各有优劣吧,2025-11-08 17:11,0,2,长颈,玩过,1.0,46871395
金铲铲之战,1,铲了一周到大宗师了，退游了，挺好玩的，就是太恶心人了，就我一个人解锁了格温滴了20多次一张不来，啥鸟游戏，原本还想买个小小英雄格温的，还好没买，买了亏炸了,2026-03-26 00:57,0,0,joke,玩过,,48164573
金铲铲之战,5,玩法不算复杂，新手入门跟着羁绊提示凑阵容很容易上手，熟练后搭配装备和海克斯就有策略感了，九五凑齐乱杀，尤其是三星五费开大直接清场，爽感确实拉满，新赛季阵容花样很多，每局都能玩出新花样，700+小时越玩越上头，真心安利。,2025-12-10 10:37,3,0,东方败,玩过,874.2,47155627
金铲铲之战,4,moba的我不擅长，可能就是灵活性差啊，平常就是玩玩棋，玩玩牌，说实话搓手机玩moba体验感不如电脑啊，当然了这得看个人，金铲铲呢，最有意思的其实不是公式，公式网上都有，其实是各种你意想不到的搭配，主要指技能和神器各种不一样的搭配，自己去琢磨，或者说是去碰，很有意思,2026-01-19 20:17,0,0,物华,玩过,,47503532
金铲铲之战,5,上分难的比例大的是装备，前期两星加两件好的整装基础上，在落后一个段位的条件下，阵容成型大部分也能进前四，唯一一个问题是六级还是七级的过渡，没有两星核心卡和装备，选择用质量换成型，后期有没有九五凑上限或者转九五阵容，如果明白了就直接运营玩九五阵容去，能上分的除了九五就是版本内吃机制加强度福利或者是高爆发高持久，保血量的同时也能多打血量保下限，手机端没端游反转那么大而且福利多强度较小，多反省一下吧😆😃,2025-10-29 23:33,0,0,雪诉离歌醉,玩过,,46779452
金铲铲之战,1,希望以后做到累充6000后，大家都是60块一个至臻，把皮肤价格打下来，保证你游蒸蒸日上。,2025-12-13 11:19,7,0,ubjhvbb,玩过,,47176558
金铲铲之战,1,现在已经是纯粹的运气游戏了，运气不好你9找不到一张自己体系的高费卡，然而人家七级就商店白给了，运气再不好点，海克斯环节可以端出三坨给你选是喜欢稀的还是喜欢硬的，想赢和策略运营大概有一丢丢关系吧，剩下的看发牌员心情，没吃过史和喜欢赤史的可以下一个来玩玩,2026-04-02 05:49,0,0,Skaura,玩过,,48225262
金铲铲之战,5,这个赛季好玩，爱玩，至于皮肤，一个免费的神龙烈焰金克丝，我能用到关服。,2025-12-16 11:03,0,4,Will Chan,玩过,465.6,47197904
金铲铲之战,1,太好玩了[表情_开心]龙王同行两个银海克斯穷局6级3-4沙皇+宝石，巨神峰只差皎月，装备给的全对，真是太好玩了，运赢游戏[表情_大笑],2026-01-31 09:05,2,0,拂晓流霞,玩过,,47660351
金铲铲之战,4,好玩是好玩就是有些玩不起，见不得别人好，卡别人牌，别人把牌给他卖了，自己还是卡那几张牌,2025-12-17 00:30,0,2,手机用户110049508,玩过,,47202299
金铲铲之战,4,作为7.5入坑到现在的我来说，它不仅仅是一个游戏，而是朋友之间互相玩闹的平台（偷偷卡好基友牌）开发奇奇怪怪的阵容，不以输赢，只为整活只为玩闹，段位我一般打到钻石就懒得再向上打了，现在神器的删除和削弱（或改动）一定程度上影响了娱乐性，4把铲子结束一个下午。,2026-03-27 19:26,0,0,Arthur,玩过,945.0,48179653
金铲铲之战,1,两三千抽的至臻和六十块的坐一桌吗。我就是为了装杯抽的，以后超过六十块的就不要端出来了。,2025-12-14 01:15,4,0,讲道理,玩过,,47182969
金铲铲之战,2,游戏是挺好的，就是不了解，不知道怎么玩，你看王者荣耀新手教程挺细节的，金铲铲就回合打没别的了，新手适合什么阵容都要自己去找，这个我是不嫌弃费劲的，主要是后期，装装备啥的都来不及整，时间太快，还有在选秀的时候也是，但是用了推荐阵容倒是会给你一个提醒，装备还是要自己去看的。就先这样,2026-01-27 19:14,0,0,我带了你,玩过,8.3,47621060
金铲铲之战,4,游戏内容公平，跟朋友一起玩会玩的比较开心，D不到牌千万不要生气，因为这是正常现象，阵容强度有差距也属于正常现象。,2026-03-19 11:42,0,1,淡,玩过,,48111276
金铲铲之战,5,我感觉和王者荣耀差不多，王者输两把赢一把，但金铲铲是输两把赢两把，金铲铲前期得运营才行,2025-12-31 17:53,1,1,沐风,玩过,73.3,47335020
金铲铲之战,1,"谢谢金铲铲，三星五费永远是差一张的，装备给的永远不是自己需要的，平常拉十是简单的一到关键要拉十级是一点也拉不上来的，牌库是没牌的60多块钱全D了也不会有一张想要的牌的，羁绊是难凑的
有时候给你了一点阳光，就立马把你想赢的苗头用一切力量揍进泥土里让你再也抬不起头的
没吃过s的可以玩玩😁
",2026-01-22 23:24,2,0,沃克隆林,玩过,,47547069
金铲铲之战,1,玩了这么多年，感觉这游戏有个控分系统，不让玩家上太多分，只要赢几局，紧接着就会输好几局，不是没装备就是没牌，让掉了分又想上分的玩家增加在线时长。,2026-03-04 20:03,3,0,185常规帅哥,玩过,815.2,47998414
金铲铲之战,1,"12.13
孩子们被背刺了，别玩了，充的几千还不如别人60一个神话😜😜😜😜😜😜




999把了，纪念一下吧，顺便说说我对这个游戏的看法
⚖️平衡性：
你游在这方面真是独一档的……特殊。腾讯永远躲不开的elo机制。不要再说什么充钱的运气比零氪好了，骗你的，其实充了钱的运气遇到elo还是会被制裁的（当然我自己也菜，但是我比较佛所以这个对我来说就还好）
🌃画面：
对于新手来说认棋子真的很有难度，尤其是对没有玩过英雄联盟的人来说更难认棋子。你要花大量的时间去认识一个赛季的棋子，然后下个赛季皮肤一换，你又不认得了。建议大家如果有时间，可以去看一看lol的棋子和皮肤，看一看也是好的。
💰氪金:
这个真的还好吧，这个也就提升一下你的游戏体验，对局主要还是看发牌员和运营。而且最近福利也还可以，有个小小英雄用用也不错了。但是jcc你打个比赛福利比你周年庆还好我有点搞不明白这是干啥。
大概就这些了吧，嗯。一千个人眼里有一千个哈姆雷特，对于我来说，jcc还是比较好玩的，我也还愿意继续玩下去，要是策划多当当人类就好了，比如那个格温，你不是会听玩家建议吗？多听听才能走得远呀！",2025-11-16 23:07,30,15,米羔米羔米,玩过,574.2,46936722
金铲铲之战,1,晶铲铲之战 一局八家水晶 请问这赛季的玩法是养蛊吗 打一星是因为最低是一星😅,2025-10-20 05:04,4,0,bluestar,玩过,,46673455
金铲铲之战,5,"大学生娱乐时间的终极答案，宿舍楼下五张桌子的绝对制霸者，期末周自杀率上升的幕后元凶。伟大，无需多言
强音争霸返场加的格温蜘蛛阿罗拉能不能删掉，真的很影响平衡",2026-01-01 03:11,0,0,小羊我吃吃吃吃吃,玩过,1145.4,47338931
金铲铲之战,5,这个游戏是陪伴我最久的游戏之一，差不多有四年多了，一直在玩，老是退游又回归。一般等新赛季，然后继续玩。,2026-03-05 10:19,1,0,琳铭,玩过,989.1,48002065
金铲铲之战,1,活不起了，s15恭喜发财晚上连开五把把把开局永恩，一局没爽成，玩不起就别上,2025-10-30 23:39,0,0,遇你,玩过,,46791009
金铲铲之战,5,我跟朋友一块打的，我差一张锤石，一直八张就是递不到，但是我朋友和我说他都D过去两回了，但是我卖牌梭哈都D不到,2026-03-02 12:04,0,0,无神,玩过,1103.7,47978274
金铲铲之战,1,我这辈子也想不出来5卡9张的神操作但凡卡一张都追不出来那我玩经济类阵容的意义在哪这个赛季的水晶玫瑰就更不用说了一句话没尝过使的可以尝尝要不别做新赛季直接从s1返厂得了吧,2025-11-06 00:24,1,0,🈶,玩过,1107.3,46849216
金铲铲之战,4,玩法是好的，但是每次抽小小英雄都是大保底，我说白了大学生没水课，在线人数包掉的,2026-01-06 00:51,0,0,檸檬愺dē菋道,玩过,503.9,47380827
金铲铲之战,2,其实还是不错就是这个牌库这点太烦人了，概率还能再低吗，对面一张没卡结果一张d不到真的很让人生气，还有一些逆天阵容或者是逆天的棋子，一费都能弑神，真的很讨厌,2025-12-06 19:30,3,0,unique.,玩过,,47130552
金铲铲之战,5,玩法简单，易上手，现在s16我推荐无脑约德尔，有脑玩运营，虚空6斗巴德等等都很强，还返厂了福星恭喜发财。就是这发牌员每次卡我牌，偏偏差一张就是不来，气死我了[表情_豹哭][表情_豹哭][表情_豹哭],2026-03-04 15:02,0,0,大爱仙尊,玩过,429.7,47996424
金铲铲之战,1,真的，官方能不能提升一下五费的概率啊，每次玩都是差最后一张，对面也没卡，我真的服了，太难受了,2025-12-18 00:07,1,0,ww,玩过,228.2,47208257
金铲铲之战,2,"其他游戏连跪了还能骂强度不平衡、elo啥的。铲强度也不平衡也有elo，不过铲成功把你和游戏和策划的矛盾，转移到了那个根本不存在的发牌员身上
毕竟我们铲从来都是靠“运营”[表情_期待]自己运不好怎么能怪策划呢？你说对吧[表情_期待][表情_期待]",2026-02-14 20:26,3,0,云空气,玩过,189.6,47831039
金铲铲之战,5,之前AFK了好长一段时间，s16回归。感觉这个赛季做的确实不错，虽然几次热补让龙王不断的仰卧起坐，约德尔人也有点过分轮椅，但总体玩的很开心，新加入的棋子解锁机制真是神来之笔,2026-02-03 10:55,0,1,Jooin,玩过,44.5,47694701
金铲铲之战,2,S16总结，前期3比尔巴德德莱文过渡，装备优先羊刀，海克斯2经济1战力，卖血剩30钱拉九，靠巴德免费刷新递牌，锁住血了小概率吃鸡大概率吃分，没锁住就下一把😒,2025-12-20 22:50,1,0,难得,玩过,,47233274
金铲铲之战,5,一个赛季比一个赛季无聊，希望不要无脑95，希望羁绊权重增强，希望卡数仍保持原来的3费18，4费12，5费10。但是降低三星五费强度，尤其就是比启动很没意思。,2026-03-07 08:14,0,0,abcde,玩过,379.6,48016603
金铲铲之战,1,"S16

⚖️平衡性：极度倾斜，只要拿到8约德尔人，基本前四。

🤹🏻阵容多样性：单子的一匹，城邦之间强势的非常强势，谁去玩弱的？那么弱设计它干嘛？经费多？

🪢策略深度：
太单一，以前还占个位这版本无脑追体系排就行，基本前四

🎮可玩性：
低

🔖运营服务：
反馈基本不理",2025-12-13 21:44,3,0,哈弗,玩过,566.9,47181327
金铲铲之战,5,第一次玩还是高一上册，因为朋友让我下载，让我第一次接触了这款游戏，当时还是双城二，我对这个游戏事先了解过，所以游玩还是不算太难，就是每赛季的卡都要重新认识，还要思考适合的装备，所以还是有点难度的，但后面越玩越熟悉，知道赛博之后我也退游过，但我也和我那些朋友一样，就等着福星上线，回归了熟悉的赛季就玩，不熟悉就不玩，我还是非常喜欢的,2026-02-07 20:09,1,1,无语,玩过,,47752674
金铲铲之战,1,打发打发时间还好 长玩不太可能上不了瘾是你唯一的好处 50块外面没人卡一张不来 比王者还容易红温的来了 除了上课无聊或者人多的时候打一打 剩余时间你就搁桌面上吃灰吧,2026-02-06 09:25,1,0,林宇,玩过,827.4,47729259
金铲铲之战,2,做为金铲铲三年老玩家，这个场景还是第一次见，两家十福，给我的婕拉打力竭了，为什么给两星呢，因为随着版本迭代福星这个版本已经越来越好运营了，其实是我没追出十福，10 连败收菜才给两妮蔻就给我打发了,2026-04-05 01:46,0,0,手机用户60800967,玩过,,48259994
金铲铲之战,2,10比尔第三，当初选择路人局的时候我就想过这种情况，但没想到这么逆天，开局挂机，乱给装备，不看海克斯，这我还能说啥，,2026-01-14 18:23,1,0,鸽鸽你干嘛~,玩过,170.0,47454716
金铲铲之战,4,有时候不怎么会玩，打不过别人就气，有时候运气也没那么好，感觉很像运气的游戏，刷牌的时候有时怎么刷都刷不出三星,2026-03-06 22:45,0,1,小安,玩过,10.5,48014274
金铲铲之战,3,首先我玩这款游戏有几年了，从初一开始被朋友拉入坑可玩性高的特点很快就让我爱上了这游戏，可是我的手机性能不好，经常闪退真的很难受，尤其是玩福星的时候一局能闪三次，真心希望官方能出个云游戏[表情_豹哭],2026-02-08 00:26,1,0,和我说一声,玩过,924.9,47755745
金铲铲之战,1,太好了，这个游戏，背刺玩家，背刺氪佬 特别好的策划，给了一个超级完美的补偿方案，我十分满意 60元就可以抽到至臻哦，大家快来试试吧 你看我以后给你充1分钱不😆,2025-12-13 22:02,3,0,°,玩过,,47181498
金铲铲之战,1,决赛圈之后每回合时间能不能多一些，给个翻盘的机会，本来一个休闲的游戏，现在搞得手忙脚乱，还有卡顿掉帧更是要了老命了。现在赌狗阵容玩的人少，分都不好上了😓,2026-01-20 13:03,1,0,我想要一只W,玩过,81.5,47509134
金铲铲之战,3,菲兹的数值不是说调整了吗，怎么还是那么高，平衡一下游戏数值行不行，要么把后排棋子双抗提一下，要么把菲兹伤害降一降。,2026-01-15 03:17,2,0,泉血,玩过,450.4,47458235
金铲铲之战,5,“最好的朋友开黑游戏之一！不仅自己‘赌阵容’上头，和好友组队玩双人模式更是乐趣加倍。可以互相传装备、救队友，配合默契了成就感爆棚。画面可爱，特效炫酷，还有各种小小英雄和棋盘皮肤增加趣味性。工作学习之余来两局，既能放松又能动脑，完美！”,2026-02-04 20:10,2,7,开心果,玩过,11.0,47711590
金铲铲之战,5,从S1赛季开始玩我觉得这个游戏发明失误或者是玩法都挺好的。一个新的棋牌类。游戏有很多样性，还有创新但是后面卡牌啥的比较头疼看后面官方能不能再优化一下。,2026-03-17 12:16,0,0,套狗,玩过,,48095926
金铲铲之战,1,"已经开始靠各种送东西留日活了，哈哈，林子大了就是一堆蛀虫在浑水摸鱼
越送体验越差，一堆花里胡哨的动画，进游戏四五个弹窗，不知道的还以为是什么小作坊出的菠菜游戏呢，退出过程也要点四五次，真是天才的运营策划团队，这么好的底子都能干砸了",2026-10-06 18:02,4,0,wifi,玩过,1332.5,50651386
金铲铲之战,1,以前偶尔来个活动还能爽爽追个四费或者五费三星。现在都改的什么垃圾爽不了一点，没意思，不会再下了。,2026-10-07 11:45,0,0,余生请指教,玩过,6.9,50658638
金铲铲之战,1,垃圾游戏，上个赛季大师，全靠运气，你跟别人玩同样的阵容，别人三星你到死都是二星，别跟我说技术，运气游戏谈技术很搞笑，但一局全是同样阵容的，那你拿技术来运营，看看会不会被打成老八,2026-10-05 05:12,2,0,早晨,玩过,,50633626
金铲铲之战,1,首先进去之后会弹出很多广告，其次，最近玩的时候，好几把都是对面突然就三星四费。看回放对面d1下直接出两张，然后再递再出，没d几下，从没几张，突然就三星了。几次都这样老二了。,2026-10-04 22:32,2,0,gggll,玩过,,50631188
金铲铲之战,1,该死的，更新画之灵后默认进入的排位界面全是画之灵，赛季又没更新改什么界面路径，每次都要等5分钟才能退出，死烦,2026-10-04 19:11,0,0,像素风的开拓者,玩过,74.3,50628572
金铲铲之战,1,不是能不能改一下九级找三星五费的概率啊新赛季难玩的要死，九级又难找出三星五费，就算升了十级也找不出来d不出来三星五费能不能改一下哪个概率😅😅😅😅,2025-08-06 22:20,1,1,林鹿蓝,玩过,,45955726
金铲铲之战,1,游戏很好玩，但是这次更新双人模式大炮不能传两阶以上英雄，导致和女朋友吵架，给个差评，希望能改回去。改了回来删😝,2025-08-06 14:12,1,0,她客,玩过,750.4,45949818
金铲铲之战,4,"可玩阵容挺多的，但是d不到想要的牌，匹配机制不太好，娱乐模式挺好玩的，总体来说入坑不亏
",2025-09-03 18:59,1,1,Z.,玩过,,46267604
金铲铲之战,4,"自动棋加凑羁绊本身不算稀奇，主要还是原游戏的热度。
对比王者的天弈明显更全面和完善，相对而言比较消耗精力，游戏节奏比较慢，时间比较长。
主要还是对羁绊的设计，平衡性的调整以及氪金本身不会影响游戏(大概)，不过影响不氪金的人的心情就是了。
就个人而言，目前黄金段，打起来还是很快的，只是比较碰运气",2025-08-13 09:46,6,7,༺ཌ黎梦ད༻,玩过,143.4,46029541
金铲铲之战,1," 如果玩这个游戏总的能打分的话 满分10 只能打0.5   9分靠运气1分靠实力 世界上最哈的游戏 10级滴不出来五费 9级运气好就能滴出来
狗中石 牛中分 

⚖️平衡性：
没有  简直是没有",2025-07-15 01:10,2,0,学渣花洒,玩过,,45646442
金铲铲之战,5,玩了一段时间，游戏是好游戏，我个人也很推荐去玩一下。唯一美中不足的可能还是匹配机制吧，也不知道是怎么回事，最近玩的时候老是掉分，有点卡瓶颈了，希望官方大大可以去改善一下,2025-07-28 03:48,0,3,下次见,玩过,111.4,45835101
金铲铲之战,5,很喜欢这个游戏，官方能不能增加一下高刷新率的适配机型，换了折叠屏结果还是只有60帧很伤心😭,2025-08-10 08:59,1,1,我爱影宝,玩过,822.9,45996402
金铲铲之战,1,"⚖️平衡性：
一点都不平衡

💡玩法创新度：
没有

🤹🏻阵容多样性：
老几样

🎮可玩性：
是没有的

🌃画面音乐：
还可以

✍🏻建议：
有时间的没必要，没时间的还不如去王者里上上分",2025-07-24 01:40,5,1,あくま,玩过,1022.8,45777160
金铲铲之战,1,其他都好，就是更新的时候能不能考虑下鸿蒙系统？弄好适配之后再发布好吧？,2025-09-25 10:51,0,0,手机用户108469844,玩过,,46438277
金铲铲之战,5,金铲铲就是一个很好玩的游戏，而且这个类型的游戏现在我还没找到代餐，希望大家都变成金铲铲大王，快过年了福星快点出吧,2025-09-24 00:01,2,1,彤,玩过,,46428171
金铲铲之战,3,看我时长，作为s8入坑，s13—s14弃坑的玩家，玩了s15和s7的恭喜发财，只能说勉强还可以，总感觉找不到当年的感觉了，还有回调回蓝机制，回调羊刀，回调牌库，增强三星轮椅和维鲁斯，其他就没啥了,2025-08-24 08:57,1,0,小枫枫,玩过,1528.1,46158147
金铲铲之战,1,"把把连败得了，有平衡吗，别人刷抖音拿六龙神就行了😅，辛苦运营的把把被暴打。

⚖️平衡性：0
",2025-07-17 01:41,9,0,零角,玩过,143.0,45673365
金铲铲之战,5,我是S10加入这个游戏的，一开始什么也不会，只能跟着阵容推荐来，不知道利息，运营，羁绊搭配。但是现在已经可以做到节奏，运营，对位，卡利息等等。这个游戏运气很重要，有时候来牌顺了可以打出连胜，甚至最后的胜利。但是最重要的还是运营，它能让你化腐朽为神奇，什么时候d牌，什么时候上压力 选择什么海克斯，都非常关键，根据对手的阵容来出装…能让你来牌不顺的情况下运营出超高质量,2025-08-16 18:44,0,1,再也得不到她,玩过,326.0,46070989
金铲铲之战,1,"我感觉金铲铲有暗改数据的问题啊。我开了个新号，玩心之钢发现二星奎桑提不带任何装备一个技能打了三千多，在大号顶多才能打一千，不明白
",2025-10-01 01:29,0,1,快快快,玩过,,46492503
金铲铲之战,1,"运赢游戏😘😘
喜欢自己龙神秘宝第二十次全是锅不出铲合不了需要的转吗😘😘
喜欢龙神秘宝第一整个回合没有需要的龙神强化吗😘😘
喜欢自己九 十级第到死没有阵容需要的橙卡吗😘😘
喜欢自己一局阵容不开来牌，接下来几局玩其它阵容又不来该局的牌甚至疯狂来前几把阵容的牌被跳脸恶心吗😘😘
喜欢自己玩法强阵容的时候全来物理装备，玩物理阵容的时候全来法强的感觉吗😘😘😘
喜欢自己玩一把需要羊刀的时候一整局就给你一把弓，还是死前两三回合给的感觉吗😘😘
喜欢玩一把全是伤害装备或者全是防御装备的感觉吗😘😋
…………
喜欢你的对手总是跟你上述情况恰恰相反的感觉吗😋😋",2025-07-18 22:53,6,1,fallen,玩过,,45709297
金铲铲之战,1,s9初入的坑，算不上老玩家，除了咖啡甜心那个赛季s15是我见过最垃圾的一个赛季,2025-08-12 15:57,3,0,阿尔托莉雅,玩过,,46022002
金铲铲之战,5,之前玩过云顶之弈，相比前者这个适合出门在外随时可以玩方便许多，鹅厂也没让我们失望,2025-08-22 23:39,0,0,江忍茶,玩过,1029.7,46144688
金铲铲之战,2,"双人模式拿谁当主C谁不来，只要到了铂金一一定会被迫掉下铂金二，然后在铂金二得第一重回铂金一，铂金二的时候都没强度，铂金一一个大宗师两个至高天对着我五战队学员乱杀，如果不让升段上面的段位可以不用设置，怪异策划经常做寸止挑战导致养胃早些看不得人舒服😅

⚖️平衡性：
根本没有，铂金二随便什么阵容乱杀，铂金一随便什么阵容都死，战斗学院斗魂战士奥德赛一概不行🙅

🪢策略深度：
全靠策划给不给牌，当你准备升段，就不给了，杰斯三杠三三张盖伦一张😅

✍🏻建议：
愿意做手游就好好做，实在不愿意要不还是把节奏大师复活吧，最起码还不会因为后台不给牌活活气死

🤹🏻阵容多样性：
反正升段的时候玩什么都不行",2025-08-28 20:55,3,0,Hair Stylist,玩过,,46209995
金铲铲之战,4,为数不多和老公一起玩的游戏，好玩，爱玩，不以冲段上分为目的玩起来还是很开心的。买过一两个皮肤，消费感受一般般，现在已经白嫖惹。,2025-09-06 10:24,0,0,镜淮,玩过,582.0,46289039
金铲铲之战,5,每个赛季都会上线玩几把，确实很适合打发时间。但部分羁绊的设计换汤不换药，缺乏实质性的创新，游戏平衡性方面也有待提升，有些阵容即便很胡，强度也不够，每周都进行平衡性大大提高了冲王者的学习成本。腾讯圈钱也实在没底线，有些棋盘的光污染实在是严重，信使出的速度太快，就连场上的弈子也出皮肤，这赛季可以保留水晶这一块改的还不错。希望能把手册改成可以保留的周任务，减少肝度,2025-09-08 05:32,1,0,lsy,玩过,424.3,46306002
金铲铲之战,5,支持一下吧，一开始是dota自走棋，云顶也是从s1开始玩的，基本每个赛季都没落下，可以满足思考益智，也可以满足偶尔想小赌一下,2025-08-29 10:32,1,2,楼鱼饼,玩过,2805.6,46215835
金铲铲之战,3,"⚖️平衡性：
S15赛季。只有那些角色可以玩。全是低费。现在那个抽卡概率。笑了。70块钱不来一张就算了，三费。同行特别多。100多块钱不来牌我就来火。给予中等的评价。那个抽卡概率被别的影响就把它搞到独立。 每一家同行。难受的要死。游戏开心最重要。但是找不到。 你这样的比较休闲的游戏。建议改一下那个抽卡。你这样子我还不如玩s9呢。多多改进。加油！",2025-09-16 18:04,0,0,wy548,玩过,443.3,46370936
金铲铲之战,4,这个游戏最大的乐趣是运赢和各种机遇   你如果喜欢死磕一个阵容或者硬搬套路的话   那还是别玩了,2025-08-13 01:19,1,1,晚吟,玩过,211.9,46027742
金铲铲之战,5,能不能出个偷对面五费卡的玩法😁，每把都比对面先拉十，还是被卡追不出三星😭,2025-09-14 11:43,0,0,幽夜极光,玩过,240.8,46354335
金铲铲之战,4,等下个赛季吧，从 S6 玩到 S12，感觉没什么创意了，再玩也只是无聊的重复，后来 S7，S6 返场也没有再玩了，因为没有曾经的那种感觉，昨天突然刷到下赛季预告，突然想试试，也许可以找回从前的感觉,2025-08-03 15:46,1,0,一库,玩过,1170.3,45915927
金铲铲之战,5,能让我坚持玩下去的可能就是每个赛季的玩法羁绊更新，对我来说又是一款新游戏吧哈哈哈哈😉😋,2025-09-06 20:21,0,0,聆听浪漫.,玩过,617.8,46294021
金铲铲之战,1,"只是一个业余玩家，最喜欢s9，喜欢玩成神天使和恕瑞玛。
因为看到金铲铲开除那个极有正义感和社会责任感的实习HR，所以我卸载了这个游戏然后跑来打差评。在金铲铲道歉之前我会一直保持我的观点。
",2025-08-16 16:23,3,0,螃蟹大王,玩过,66.5,46069563
金铲铲之战,3,虽然好玩，但是能不能出一个追了三星五费之后能锁定逃跑，每次都是出了三星五费，他们直接走，爽都没法爽，真的很难受，好不容易追出了个三星五费，运营了大半局，他们说走就走真的很难受啊,2025-09-29 23:21,0,0,pomoq,玩过,,46483147
金铲铲之战,3,中规中矩吧铲子只感觉越来越往回走了新赛季都没有想玩的动力了也可能是之前赛季给我的感觉太震撼了对新赛季期望太高所以才比较失望希望以后的赛季能更加出彩吧,2025-08-28 00:04,1,1,A̶ɴ̶ɢ̶ʟ̶ᴇ̶ʀ̶.,玩过,153.5,46197893
金铲铲之战,2,之前玩的，现在没怎么玩了，还是先说一下这个游戏差不多就是64开吧，有的时候可能73开运气也占的部分比较多，自身策略占较小，那一部分人贏不是看你多会运营知道吗？看你会不会运😂,2025-07-18 10:59,3,0,伤若雪,玩过,,45697313
金铲铲之战,4,以我300多个小时的游戏时长来说吧，现在的金铲铲真不如以前，回调羊刀  回调回蓝机制  回调羊刀  回调回蓝机制,2025-09-13 05:28,0,1,Eternal Love,玩过,428.5,46343072
金铲铲之战,2,我玩金铲铲纯粹是想研究阵容和组合，自己研究出一个新的阵容还是挺有成就感的，但你新手接触这个的是不会研究出超越推荐的阵容的。还有，运气不好的别玩🙂。还有，我感觉这个游戏看阵容给的装备，你阵容越需要的装备越不给，你可以用杂乱的阵容去取装备试一下。大概率两件有一件是想要的，你用明显倾向的阵容它要么很顺，要么得了一件，另一件根本出不来😅,2025-09-18 22:37,1,0,零落,玩过,,46388117
金铲铲之战,1,"🤹🏻阵容多样性：
每个赛季都说有创新，结果每个赛季就那么几套阵容能玩，装备回蓝改的稀碎，发牌员更是全家福只有一个人",2025-10-06 01:02,0,0,Phoenix,玩过,334.0,46541596
金铲铲之战,5,"NT牌库😊 12连胜4-1/4-2上八。六七十块钱下去玩法师没卡尔玛（皇子也没有），玩决斗没艾希（有一把巨离谱外面没人拿ud的，连一张ud都不给）  运营阵容才是真正的赌狗。上8没牌直接老6老7滚蛋。玩赌狗只要没牌包，你拿一万块钱d下去也d不到牌。真是太好玩啦！
  好玩…！爱玩！多玩！",2025-09-24 12:45,0,0,⃢👁-👁⃢,玩过,336.1,46431256
金铲铲之战,4,"开学了几乎天天都玩 水课必备
放假了就没那么想玩了 
抽奖太黑了....次次吃满 根本抽不出来只能靠那个货币兑换
哎 但是小小英雄又很可爱 弥补了这一点",2025-07-17 14:52,1,1,沉没,玩过,1095.6,45681994
金铲铲之战,1,告诉我，你这s15克格莫神果妖精的尾巴怎么一直刷不到，能不能提高刷到概率，一直就那儿几个效果,2025-08-05 23:07,1,0,デーモン,玩过,,45943453
金铲铲之战,4,"1. 优点：策略丰富、社交性强、赛季更新玩法新
2. 缺点：平衡性差、连败机制限制、五费卡设计糟",2025-07-28 16:29,0,1,能力,玩过,210.0,45840582
金铲铲之战,5,大一玩到大三，寻思着赛季调动那么多装，再也回不到以前三火炮三羊刀的时代。,2025-08-02 13:00,1,1,神爱枪,玩过,1115.8,45902124
金铲铲之战,4,"还是入坑的赛季最好玩，符文大陆入坑的，刚玩时真让我眼前一亮，那个时候还返场了s3.5玩了下星之守护者，后面的志在天际也还行，只不过暗影岛全员下线是真的烦，后来的强音对决跟画之灵我也还能玩下去，再到后面我玩了几把就没玩过了，最近也是只玩了下赛博跟返场的巨龙之巢
珍惜入坑的赛季，后面的赛季真没入坑时玩的感觉了",2025-07-29 00:11,1,2,迎风布阵,玩过,256.6,45845564
金铲铲之战,2,"这个版本大羁绊能不能加强一下呀？太虚了呀，还要达成条件才能变成彩色，基本上全是赌狗啊彩色羁绊太难开了，搞得
",2025-08-06 19:39,2,0,郭,玩过,,45953853
金铲铲之战,2,返场的巨龙之巢平衡做的和勾石一样，玩连败龙神的最有操作的时候就是开局2-2别选错除紫色的蛋，还有打野怪的时候别忘了放几个棋子，除了这些就是别忘记空城，这个阵容强而且还可以追到三星五费就是玩久了容易家里少人。,2025-07-24 22:46,5,0,loser,玩过,,45791572
金铲铲之战,4,本来不感什么兴趣的，还是玩第一局，就想玩第二局，慢慢的就上瘾了，整体还是挺好玩的，有多种模式，可以组成不同的阵容，使用不同的羁绊,2025-08-27 22:25,1,0,Tomato,玩过,375.4,46196786
金铲铲之战,5,三星稻草人，三星锤石，三星铁男，五费嘎嘎三星，最喜欢九五，小小英雄一个比一个可爱，好玩爱玩,2025-07-30 17:40,0,2,九重凌霄破云,玩过,166.2,45867379
金铲铲之战,5,这个游戏的好玩度嘛，嗯，无需多言，只需铲一把，自见分晓。要说阵容的话，嗯，连败赌狗阵容最好玩。,2025-10-03 09:51,0,0,谢昊真,玩过,,46514659
金铲铲之战,1,S15赛季太容易玩了，老八有手就行，水晶玫瑰一点也不吃香，这个赛季的棱彩羁绊太难弄了             不问为何离开，只对留下的人说声谢谢,2025-09-07 01:50,2,0,不怕被人打,玩过,,46296654
金铲铲之战,5,"你往坏的说就是打久了固定打法老套套路多，羁绊每个赛季有新有旧，福利不咋地
你往好来说就是和朋友勾心斗角，卡牌恶心人，能消磨大学水课时间，玩的人也挺多
最后别忘了四周年福利很多记得来玩😁",2025-08-11 10:14,1,0,洢川master~,玩过,511.5,46007691
金铲铲之战,1,太好玩了，人家九级两个三星五费我十级没人卡一刷全是蓝卡👍👍推荐大家都去玩，以后不需要运营，有运气就能玩，你费尽心思运营到九级准备滴牌，结果发现八级运哥都已经八五了😁😁十分推荐,2025-08-08 13:46,1,0,戏浪子,玩过,,45975797
金铲铲之战,1,不想玩了，玩不下去了。更新前这样更新后还这样，苦苦卖血10人口八十金币刷不出来一张，一直这样有意思嘛？,2026-09-30 00:12,0,0,嘻嘻,玩过,,50569492
金铲铲之战,1,"客观对比，同样是腾讯，王者荣耀确实没有金铲铲这种连环全屏弹窗的强度，这点大量玩家的实际体验是一致的。
 
王者荣耀也会弹活动、皮肤宣传，大版本大活动期间弹窗会变多，但常态登录基本是：
最多1个弹窗，关掉直接进到主界面，不会一个接一个连环往外蹦。就算有活动，大多是页面角落小红点，不会把你进对局的路层层堵住。想氪金的人自己点开商城，不想碰就可以完全无视。
 
金铲铲是常态登录连环弹2‑4个全屏氪金弹窗，关完一个立刻出下一个，没有永久关闭，第二天登录全部重置再来一遍。
两者同样要卖皮肤、冲流水，但商业化的边界感差别很大。
 
为什么同一家公司，两款产品做法不一样
 
1. 王者荣耀是国民级头部MOBA，盘子足够大。不靠登录轰炸弹窗冲转化，靠皮肤本身的热度、玩家主动进商城消费就足够。它不敢过度骚扰用户，玩家基数太大，大规模反感的代价太高。
​
2. 金铲铲属于细分品类自走棋。品类本身用户天花板更低，内部KPI压力更大。所以选择把活动弹窗怼到登录流程上，靠强行曝光，去搏抽奖、宝典的点击转化率。
哪怕会折磨老玩家，也要去赌有一部分人会被弹窗打动去消费。
 
不是说王者完全没有槽点，它抽奖、皮肤定价同样有很多玩家吐槽。但至少不会在你上线准备打排位的必经之路上，一层一层堆全屏弹窗拦着你。
 
落到你的感受
 
你打开金铲铲，本意是下棋打排位，结果先要机械点一串关闭按钮。
进对局之后，排位又要面对日蚀这套“印第安人”的机制问题。
外面被商业化折腾，对局里面平衡又有硬伤，双重叠加，体验自然很差。
 
很多玩家吐槽点就在这里：赚钱可以理解，但不该把氪金宣传，变成每一次上线都要被迫承受的负担。",2026-08-30 19:26,7,1,仙女小乔妹,玩过,3588.0,50274096
金铲铲之战,1,真恶心，就故意降低你胜率，潘多拉给徽章就在那几个循环没有其他的就恶心你，卸载了,2026-10-02 13:01,2,0,斯洛斯,玩过,,50597469
金铲铲之战,3,有时候玩暮光试炼会被素质低级的玩家标记并卡牌，就算没人卡你牌也，不出赵信，到游戏最后你才解锁亚恒。游戏很好，但有些玩家人品很差,2026-10-03 18:09,2,0,梓涵吐泡泡,玩过,,50615070
金铲铲之战,3,"1.这个赛季的音乐不知道加那个刺耳的耳鸣声是什么毛病
2.棋盘设计也是灾难现在一堆高饱和高亮度过一个回合简直是在拷打眼睛，
两个结合在一起玩的想吐",2026-10-03 14:44,0,0,提笔如歌歌如画,玩过,,50612377
金铲铲之战,1,这自然之力是我玩过最逆天一个的版本，这最后一张牌当然是拿不到的天天打出世界名画这版本复制器还特别少，一个三星四费打不过两个三星三费不太明白拉了半天等级的意义是什么全去玩低费得了,2026-10-02 00:13,2,0,g,玩过,,50592757
金铲铲之战,1,三星五费你设计出来，要让追就在上架，不让追，你就直接就不要设计什么三星五费了，真的，没有妮蔻的时候永远都是差一张，有妮蔻的时候啊我手上两个妮蔻牌库里面还有三张，刷80块钱刷不到一张，并且还没有人卡，人家也没有卡牌库，一直在d牌，我一个拿着两张妮蔻的人没有三对面的，先三了一个，我请问了？还有那个，恭喜发财，数值问题，我理解不了，弱的阵容弱的要死，强的阵容强的要死，最理解不了的是，我一个四费二星前排带大肉装 ，被一个二费一星后排，就带了两件半装备，给我秒了，理解不了，平衡性只能说很差，就那么几个阵容可以玩啊，人人都去抢那么几个阵容，游戏玩法确实丰富，但是就那么几个阵容可以玩，最重要的是那个排库问题，你五费卡，追不到也就算了，高费嘛难追理解，为什么总是你玩的阵容？副卡都来了，大c永远d不到，更理解不了你搞那些机制那些任务，你在排位上搞或者在休闲上搞，理解，恭喜发财，这个东西你设计出来就是给玩家爽的，你搞的要d的牌递不出来，结果别的牌来了，你去拿了别的牌又d不出来，甚至于有些人啊装备也是好的，没办法，海克斯也是好的，没办法，牌运也是好的，没办法，那你哪一局你想安排哪一个赢？你直接就啊开局你就啊给他标出来，让其余人都知道啊，这把争第二就行了，以前没有竞品的时候这么搞就算了，现在王者万象棋都已经出了，还这么搞，那数值乱的成什么样了，你返场你做好了再返厂，恭喜发财那个数值那些装备的数值，那些牌的数值做好了再返厂，一上去搞得这样一个bug，那样一个bug,2026-09-12 02:26,8,0,画楠惜,玩过,415.8,50386040
金铲铲之战,1,勾史中的勾史，拳头公司总能做出不断突破自己下限的游戏。其他游戏总会进步，厂家会给玩家带来更好的游戏体验，而拳头的游戏，设计师总能想方设法的带来各种负面优化，并且还是从每个角度进行全方面退化，让玩家能不断体验到令人血压爆炸的游戏体验，就拿金铲铲而言，一个版本比一个版本难玩是怎么做到的，以前是前排有坦度后排有输出，装备是会很频繁给你的，甚至装备栏堆不下的情况很常见，后面设计师觉得装备多了太浪费了是吧？装备越来越少，就算有也不是你需要的，导致前排脆的跟纸一样，三星没二星肉，后排c位，c位你做的跟泥马老年人手抽筋了一样，a都a不出来，装备拿不到，棋子也d不出来。别人8级，8级你告诉我能出个三星五费，没错，8级三星五费！绝无虚言，毫无夸大，我特么九级才d到两星三费，想玩的阵容d不到，中途按他给的换阵容了你又d不到了，这就是云顶之弈，这就是金铲铲，这就是拳头和藤子一手打造的新世纪前所未见的顶级游戏[表情_吐],2026-09-11 02:12,0,0,ZoyYyM,玩过,,50377438
金铲铲之战,1,我TM拉10带两个经济海克斯D干了，慧还画了一张，才追出三星亚恒，对面就慢慢来的三战力海克斯，九级三星铁男，我怎么玩那个赛季都卡牌？纯纯策划杀熟玩的越久游戏代码就越卡你牌，恶心玩家来的,2026-09-22 09:46,5,0,无灵,玩过,,50480636
金铲铲之战,1,扫码赛季，扫码拉克丝，不要和我说什么随机，两把了200块钱d不出一张对应羁绊的拉克丝，其他所有羁绊来了个遍就是没有永森，不要和我说什么随机，有bug就去修，别在这糊弄玩家好不好😁😁,2026-09-22 17:18,2,0,Hykyyds,玩过,,50484136
金铲铲之战,1,这赛季就是一坨，调整了多少次了，依旧一个阵容＞其他阵容，一把一半人都玩地狱火的时候赛季就是一坨，我不接受反驳，就是一坨,2026-09-27 18:42,2,0,♂挚漫★Kirito,玩过,256.4,50546552
金铲铲之战,1,过来怒喷一波。最近的画之灵更新对于我这种从 s1 开始玩的真是折磨，首先更新 1.7G，然后进去游戏再更新 1.4G，最后还更新 900M，真是服了。然后，还默认选中画之灵排位，就为了这不会去玩的返场，方便更好卖小小英雄是吗？[表情_生气][表情_生气][表情_生气][表情_生气][表情_生气]  ,2026-09-29 18:23,0,0,手机用户51112059,玩过,,50566223
金铲铲之战,1,吐槽依据为什么有的时候好好的，为什么有的时候又卡的要死？我服了。 一卡就是几分钟，一卡就是几分钟，我玩你妈。,2026-09-27 18:08,0,0,画,玩过,700.7,50546183
金铲铲之战,1,太史了，要啥不给啥，编辑器就是个陷阱，你那个标了要就是不给，还有个乐色潘多拉，一个整把下来一个弓箭没有，想戒网瘾的可以来试试，男的都能给你乳腺结节气出来,2026-09-27 00:43,3,0,焜以灵,玩过,2.5,50537310
金铲铲之战,1,没啥说的，新赛季自然之力感觉是拿脚做的，建议开除设计团队，做成这样合该没饭吃，好不容易跟朋友等到个别的赛季返场，没有双人模式，你游我连个表情都懒得发，一星给多了,2026-09-29 20:26,0,0,愿君归,玩过,747.9,50567325
金铲铲之战,1,更新一次1.4G，再更新一次1.7G，还要再更新2.3G？你又不是大版本更新，更这么多？是给我塞了多少坨在里面？为啥不一次弄完？更新烦了，有缘再见吧,2026-09-30 07:59,1,0,离乱,玩过,,50570910
金铲铲之战,2,玩这游戏就是给自己添堵，别人能吃鸡的阵容你玩你就是打不过别人，就是不给你牌，前期各种奇人妙技拉爆你。,2026-09-28 11:15,1,0,River,玩过,557.9,50552664
金铲铲之战,4,"铲铲的更新是不是有问题，问什么每次都很奇怪。这次是1.7G+1.5G+0.98分三段更新。
好多次都这样记得挺久之前，还有一次更新前前后后更了近10G。
都不是大版本更新。",2026-10-01 11:41,0,0,红木橘子,玩过,1248.6,50583298
金铲铲之战,1,这版本干脆叫地狱火之战吧，不玩地狱火低人三等，牛魔的地狱火死活不削，之前的顺流而下也是，不会做游戏就别做了行不行,2026-09-27 05:54,0,0,痞出没,玩过,447.1,50538606
金铲铲之战,2,各种问题大家也都说的七七八八了，我就说一下这个开屏的活动提示吧。每次一上线就想下把棋，结果七八个叉等着我去点，能不能学下王者荣耀？手快全跳了,2026-09-30 03:07,1,0,SashaTrautvein,玩过,196.4,50570339
金铲铲之战,1,md，每次一到差最后一张永远滴不到，设计师是暗改了吧，玩得一点意思没有,2026-10-01 01:49,2,0,User405898056,玩过,449.7,50580350
金铲铲之战,2,最好是别入坑，真要详细说写个论文都完全说不完，就骂个最近的，龙蛋，那么多天天天跟上班一样上线签到玩几把做任务，最后得的是垃圾，开出第一个垃圾恶心到了也就算了，还有，三个垃圾，一次次给希望，一次次绝望，恶心你还连着来，真的恶心，魔改elo就更别说了，懂得都懂，也就是禁枪，不然策划没死都奇怪,2026-09-28 02:47,4,0,仙倾城,玩过,3.0,50550962
金铲铲之战,1,S16.5恭喜发财设计的什么玩意？这么喜欢抬你那低能红钥匙？削35不削34？S18全是偷34，玩个恭喜发财还是偷34？S16bug修不完，把这数一数二的赛季祸害成3流赛季，S16.5改的也是一坨到这恭喜发财更是满天大粪，低能数值用脚填，一点爽感感觉不出来，看着恭喜发财专有加强你自己不会笑吗？你自己有看过红钥匙解锁率吗？天天发几个人机局视频解锁红钥匙来恶心谁啊？说云顶正统在铲铲是你们的买量是宣发不是tmd在表扬你们啊，如果不会改就抄个端游恭喜发财会不会？哦对了返场的S14也是垃圾盗宗版本，享受咯,2026-10-01 23:53,1,0,小麦果汁儿,玩过,,50592550
金铲铲之战,1,你这赛季做的是啥，一天到晚地狱火地狱火，能不能搞一搞？bug修一半，福利尼玛的扣扣搜搜，就你还想活下去？,2026-09-27 10:56,0,0,_真名_,玩过,149.9,50540592
金铲铲之战,1,"taptap上只记录了我模拟器的时常，也就是这赛季我的吃使时常。
全网第一次写评价是个差评，我只能说最“公平”的游戏，依旧6级凭借运气从选秀或者其他渠道卡10级的五费卡，依旧是6级赌狗阵容从开局刷牌刷到结尾，最后上了十级的同羁绊不赌狗的同行在“偶然”间将2费卡追到三星，依旧是别人辛辛苦苦运营一整局，拉十刷干拿到一张体系卡五费，而你，我尊贵的欧皇，你在9级凭借50元一回合刷到八张直接晋升尊贵的三星五费。
这就是最公平的游戏，而我的朋友，你的操作、你的运营、你的思路、永远比不过一个小糖人的欧气。
并非操作无用论，也不是针对运气好的玩家，我平等的尊重每一个真心喜欢玩游戏的玩家，我只是针对这款游戏，永久卸载了，祝好。",2026-09-03 21:53,1,0,User31894579,玩过,14.1,50309699
金铲铲之战,2,粑粑赛季，2-1给四费，3-1给5费是人能想出来的，等于比其他人多个强力银色海克斯，辛辛苦苦运营半天，结果别人来个对的高费体系卡直接断了，节奏最快的赛季，前期疯狂拉质量，30血开始梭哈，双彩可能都没人上9，毕竟5费卡更是一坨，5-6一过8家剩下4家，然后几家里面运气好活下来的盗宗5费北伐，辛辛苦苦运营一局只能老二，前期血不好可能运营一局被提前抬走分都没得吃，这赛季诠释了有实力不一定吃分，但是吃鸡百分之百是运气，秉着打不过盗宗，5把不一定一把成功，但每把几乎都有成功的，也是玩不玩都恶心人。我一个双区双端5000把的上分玩家这赛季是唯一个海克斯不好直接退游戏的赛季，完全没上分动力，没有运营，全是运气。,2026-09-06 01:44,4,2,he,玩过,509.9,50330854
金铲铲之战,2,"回归第一把，还是跟以往一样
十级对面没卡牌130金币滴不到最后一张
但凡有家决赛圈同行我就认了
谁爱玩谁玩去吧
告辞",2025-04-16 14:31,3,0,佩琪丶,玩过,84.5,44651791
金铲铲之战,1,一整局里面每次都会差一点，不管怎么运营，怎么换策略，怎么换阵容，差一张5费，差一个大棒，差一回合的时间，就像是算好了一样，越打越难受。,2026-09-22 15:26,3,0,知名不具,玩过,,50483146
金铲铲之战,1,这鸟游戏，大部分都纯看运气，有时候想要个锻造重置，一整局一个都没有，给了个铲子想转个锅都转不了，一整局不管是自然仙灵还是野怪，都不给，硬生生卡到死，真的就，说实话这种勾巴游戏，新赛季玩玩差不多，后面可以别开了，有时候玩的真的没脾气，很垃圾,2026-09-22 12:37,2,0,眠猫,玩过,355.9,50481914
